"","m","nu","lambda","alpha","envelope_1","envelope_3","envelope_4","envelope_5"
"1",1.6,-5,-5,0.1,0.23844,0.17683,0.03551,0.01636
"2",2.53333333333333,-5,-5,0.1,0.24701,0.26102,0.09728,0.0051
"3",3.46666666666667,-5,-5,0.1,0.23981,0.29868,0.1409,0.00254
"4",4.4,-5,-5,0.1,0.22901,0.30778,0.16241,0.00188
"5",5.33333333333333,-5,-5,0.1,0.21708,0.30595,0.17286,0.00157
"6",6.26666666666667,-5,-5,0.1,0.206,0.29858,0.17198,0.0012
"7",7.2,-5,-5,0.1,0.19607,0.28831,0.17162,0.00123
"8",8.13333333333333,-5,-5,0.1,0.18586,0.2782,0.17166,0.00096
"9",9.06666666666667,-5,-5,0.1,0.17741,0.26897,0.16402,0.00086
"10",10,-5,-5,0.1,0.17057,0.25957,0.16096,0.00086
"11",1.6,-3.88888888888889,-5,0.1,0.27807,0.24648,0.06193,0.02671
"12",2.53333333333333,-3.88888888888889,-5,0.1,0.27347,0.32712,0.14064,0.01144
"13",3.46666666666667,-3.88888888888889,-5,0.1,0.25829,0.34522,0.1803,0.00745
"14",4.4,-3.88888888888889,-5,0.1,0.24028,0.34122,0.1914,0.00569
"15",5.33333333333333,-3.88888888888889,-5,0.1,0.2246,0.32953,0.19279,0.00472
"16",6.26666666666667,-3.88888888888889,-5,0.1,0.21085,0.31624,0.18784,0.0043
"17",7.2,-3.88888888888889,-5,0.1,0.19867,0.30273,0.1827,0.00405
"18",8.13333333333333,-3.88888888888889,-5,0.1,0.18857,0.2889,0.17718,0.00384
"19",9.06666666666667,-3.88888888888889,-5,0.1,0.17995,0.27707,0.17241,0.00376
"20",10,-3.88888888888889,-5,0.1,0.172,0.26633,0.16386,0.00325
"21",1.6,-2.77777777777778,-5,0.1,0.3252,0.35347,0.11625,0.05339
"22",2.53333333333333,-2.77777777777778,-5,0.1,0.29965,0.40257,0.20258,0.03136
"23",3.46666666666667,-2.77777777777778,-5,0.1,0.27221,0.39322,0.22537,0.0246
"24",4.4,-2.77777777777778,-5,0.1,0.24905,0.373,0.22578,0.02109
"25",5.33333333333333,-2.77777777777778,-5,0.1,0.22997,0.35187,0.21441,0.01927
"26",6.26666666666667,-2.77777777777778,-5,0.1,0.21439,0.33088,0.20467,0.01766
"27",7.2,-2.77777777777778,-5,0.1,0.20205,0.3129,0.19344,0.01741
"28",8.13333333333333,-2.77777777777778,-5,0.1,0.19042,0.29777,0.18386,0.01672
"29",9.06666666666667,-2.77777777777778,-5,0.1,0.18143,0.28373,0.17888,0.01641
"30",10,-2.77777777777778,-5,0.1,0.17294,0.27148,0.17085,0.01569
"31",1.6,-1.66666666666667,-5,0.1,0.37317,0.49764,0.22449,0.12872
"32",2.53333333333333,-1.66666666666667,-5,0.1,0.32062,0.47521,0.27508,0.10127
"33",3.46666666666667,-1.66666666666667,-5,0.1,0.28369,0.43331,0.26423,0.09208
"34",4.4,-1.66666666666667,-5,0.1,0.25568,0.39803,0.245,0.08689
"35",5.33333333333333,-1.66666666666667,-5,0.1,0.23364,0.36677,0.23003,0.08434
"36",6.26666666666667,-1.66666666666667,-5,0.1,0.21692,0.34156,0.21571,0.08245
"37",7.2,-1.66666666666667,-5,0.1,0.20333,0.31991,0.20223,0.08146
"38",8.13333333333333,-1.66666666666667,-5,0.1,0.1917,0.30228,0.19422,0.08061
"39",9.06666666666667,-1.66666666666667,-5,0.1,0.18202,0.28721,0.18429,0.08084
"40",10,-1.66666666666667,-5,0.1,0.17346,0.27453,0.17484,0.07891
"41",1.6,-0.555555555555555,-5,0.1,0.40697,0.62622,0.38012,0.44509
"42",2.53333333333333,-0.555555555555555,-5,0.1,0.33567,0.52346,0.32883,0.43265
"43",3.46666666666667,-0.555555555555555,-5,0.1,0.29056,0.45548,0.28883,0.42909
"44",4.4,-0.555555555555555,-5,0.1,0.25914,0.40816,0.26028,0.42766
"45",5.33333333333333,-0.555555555555555,-5,0.1,0.23637,0.37235,0.23763,0.42396
"46",6.26666666666667,-0.555555555555555,-5,0.1,0.21922,0.34561,0.21887,0.42302
"47",7.2,-0.555555555555555,-5,0.1,0.20485,0.32401,0.20665,0.42258
"48",8.13333333333333,-0.555555555555555,-5,0.1,0.19285,0.30606,0.19419,0.42192
"49",9.06666666666667,-0.555555555555555,-5,0.1,0.18294,0.2898,0.18612,0.42168
"50",10,-0.555555555555555,-5,0.1,0.17463,0.2764,0.17708,0.42053
"51",1.6,0.555555555555555,-5,0.1,0.40817,0.62815,0.38026,0.44647
"52",2.53333333333333,0.555555555555555,-5,0.1,0.33466,0.52348,0.3315,0.43452
"53",3.46666666666667,0.555555555555555,-5,0.1,0.29112,0.45581,0.29013,0.42908
"54",4.4,0.555555555555555,-5,0.1,0.26039,0.40888,0.26058,0.42565
"55",5.33333333333333,0.555555555555555,-5,0.1,0.2378,0.37417,0.23628,0.4252
"56",6.26666666666667,0.555555555555555,-5,0.1,0.2194,0.34674,0.22116,0.42381
"57",7.2,0.555555555555555,-5,0.1,0.2056,0.32447,0.20513,0.42242
"58",8.13333333333333,0.555555555555555,-5,0.1,0.19392,0.3057,0.19298,0.42156
"59",9.06666666666667,0.555555555555555,-5,0.1,0.18383,0.29078,0.18587,0.42216
"60",10,0.555555555555555,-5,0.1,0.17542,0.27731,0.17546,0.42156
"61",1.6,1.66666666666667,-5,0.1,0.37316,0.50227,0.22236,0.12799
"62",2.53333333333333,1.66666666666667,-5,0.1,0.32117,0.47768,0.2749,0.10111
"63",3.46666666666667,1.66666666666667,-5,0.1,0.2834,0.43305,0.2615,0.09253
"64",4.4,1.66666666666667,-5,0.1,0.25687,0.39596,0.24797,0.08832
"65",5.33333333333333,1.66666666666667,-5,0.1,0.23567,0.36542,0.22934,0.08447
"66",6.26666666666667,1.66666666666667,-5,0.1,0.21912,0.34127,0.21313,0.08198
"67",7.2,1.66666666666667,-5,0.1,0.20455,0.32125,0.20377,0.08048
"68",8.13333333333333,1.66666666666667,-5,0.1,0.19292,0.30345,0.19157,0.08014
"69",9.06666666666667,1.66666666666667,-5,0.1,0.18267,0.28895,0.18091,0.08013
"70",10,1.66666666666667,-5,0.1,0.17455,0.27563,0.17324,0.07854
"71",1.6,2.77777777777778,-5,0.1,0.32369,0.35838,0.11574,0.0521
"72",2.53333333333333,2.77777777777778,-5,0.1,0.30008,0.40694,0.20457,0.03161
"73",3.46666666666667,2.77777777777778,-5,0.1,0.27306,0.39667,0.22274,0.0238
"74",4.4,2.77777777777778,-5,0.1,0.24959,0.37457,0.22222,0.02043
"75",5.33333333333333,2.77777777777778,-5,0.1,0.23075,0.35204,0.21361,0.01862
"76",6.26666666666667,2.77777777777778,-5,0.1,0.21491,0.33101,0.20483,0.01784
"77",7.2,2.77777777777778,-5,0.1,0.20216,0.31319,0.19297,0.01741
"78",8.13333333333333,2.77777777777778,-5,0.1,0.19129,0.29819,0.18465,0.01679
"79",9.06666666666667,2.77777777777778,-5,0.1,0.18173,0.28467,0.17972,0.01608
"80",10,2.77777777777778,-5,0.1,0.17337,0.27205,0.17156,0.01561
"81",1.6,3.88888888888889,-5,0.1,0.27834,0.25007,0.06127,0.02721
"82",2.53333333333333,3.88888888888889,-5,0.1,0.27288,0.33097,0.14066,0.01144
"83",3.46666666666667,3.88888888888889,-5,0.1,0.25696,0.34994,0.17919,0.00762
"84",4.4,3.88888888888889,-5,0.1,0.2396,0.34463,0.19333,0.00603
"85",5.33333333333333,3.88888888888889,-5,0.1,0.22456,0.33114,0.19253,0.00496
"86",6.26666666666667,3.88888888888889,-5,0.1,0.21044,0.3172,0.18949,0.0046
"87",7.2,3.88888888888889,-5,0.1,0.19875,0.30286,0.18296,0.00392
"88",8.13333333333333,3.88888888888889,-5,0.1,0.18852,0.28894,0.17641,0.00386
"89",9.06666666666667,3.88888888888889,-5,0.1,0.17959,0.27787,0.17259,0.00342
"90",10,3.88888888888889,-5,0.1,0.1719,0.26768,0.16557,0.00348
"91",1.6,5,-5,0.1,0.23845,0.17943,0.03585,0.01674
"92",2.53333333333333,5,-5,0.1,0.24747,0.2656,0.09721,0.00499
"93",3.46666666666667,5,-5,0.1,0.24081,0.30175,0.13995,0.00279
"94",4.4,5,-5,0.1,0.22897,0.31176,0.16111,0.00176
"95",5.33333333333333,5,-5,0.1,0.21672,0.30843,0.17094,0.00134
"96",6.26666666666667,5,-5,0.1,0.20545,0.30044,0.17122,0.00144
"97",7.2,5,-5,0.1,0.19523,0.29045,0.17124,0.00108
"98",8.13333333333333,5,-5,0.1,0.18648,0.27957,0.17027,0.00089
"99",9.06666666666667,5,-5,0.1,0.17797,0.26901,0.16471,0.00091
"100",10,5,-5,0.1,0.17018,0.25985,0.1607,0.00086
"101",1.6,-5,-3.88888888888889,0.1,0.23844,0.17683,0.03537,0.01606
"102",2.53333333333333,-5,-3.88888888888889,0.1,0.24701,0.26102,0.09561,0.00486
"103",3.46666666666667,-5,-3.88888888888889,0.1,0.23981,0.29868,0.14031,0.0028
"104",4.4,-5,-3.88888888888889,0.1,0.22901,0.30778,0.16043,0.00189
"105",5.33333333333333,-5,-3.88888888888889,0.1,0.21708,0.30595,0.17097,0.00132
"106",6.26666666666667,-5,-3.88888888888889,0.1,0.206,0.29858,0.17244,0.00117
"107",7.2,-5,-3.88888888888889,0.1,0.19607,0.28831,0.17127,0.00112
"108",8.13333333333333,-5,-3.88888888888889,0.1,0.18586,0.2782,0.16655,0.00092
"109",9.06666666666667,-5,-3.88888888888889,0.1,0.17741,0.26897,0.16464,0.00077
"110",10,-5,-3.88888888888889,0.1,0.17057,0.25957,0.1596,0.00096
"111",1.6,-3.88888888888889,-3.88888888888889,0.1,0.27807,0.24648,0.06246,0.02699
"112",2.53333333333333,-3.88888888888889,-3.88888888888889,0.1,0.27347,0.32712,0.13977,0.01153
"113",3.46666666666667,-3.88888888888889,-3.88888888888889,0.1,0.25829,0.34522,0.17836,0.00749
"114",4.4,-3.88888888888889,-3.88888888888889,0.1,0.24028,0.34122,0.19067,0.00614
"115",5.33333333333333,-3.88888888888889,-3.88888888888889,0.1,0.2246,0.32953,0.1917,0.00508
"116",6.26666666666667,-3.88888888888889,-3.88888888888889,0.1,0.21085,0.31624,0.19146,0.00442
"117",7.2,-3.88888888888889,-3.88888888888889,0.1,0.19867,0.30273,0.18282,0.00387
"118",8.13333333333333,-3.88888888888889,-3.88888888888889,0.1,0.18857,0.2889,0.17765,0.00372
"119",9.06666666666667,-3.88888888888889,-3.88888888888889,0.1,0.17995,0.27707,0.16989,0.00361
"120",10,-3.88888888888889,-3.88888888888889,0.1,0.172,0.26633,0.16628,0.0033
"121",1.6,-2.77777777777778,-3.88888888888889,0.1,0.3252,0.35347,0.11422,0.05188
"122",2.53333333333333,-2.77777777777778,-3.88888888888889,0.1,0.29965,0.40257,0.20369,0.03091
"123",3.46666666666667,-2.77777777777778,-3.88888888888889,0.1,0.27221,0.39322,0.22222,0.02423
"124",4.4,-2.77777777777778,-3.88888888888889,0.1,0.24905,0.373,0.2237,0.02099
"125",5.33333333333333,-2.77777777777778,-3.88888888888889,0.1,0.22997,0.35187,0.2153,0.01876
"126",6.26666666666667,-2.77777777777778,-3.88888888888889,0.1,0.21439,0.33088,0.20486,0.01799
"127",7.2,-2.77777777777778,-3.88888888888889,0.1,0.20205,0.3129,0.19398,0.01644
"128",8.13333333333333,-2.77777777777778,-3.88888888888889,0.1,0.19042,0.29777,0.19001,0.01592
"129",9.06666666666667,-2.77777777777778,-3.88888888888889,0.1,0.18143,0.28373,0.18013,0.01618
"130",10,-2.77777777777778,-3.88888888888889,0.1,0.17294,0.27148,0.16948,0.01609
"131",1.6,-1.66666666666667,-3.88888888888889,0.1,0.37317,0.49764,0.22314,0.12687
"132",2.53333333333333,-1.66666666666667,-3.88888888888889,0.1,0.32062,0.47521,0.27582,0.10122
"133",3.46666666666667,-1.66666666666667,-3.88888888888889,0.1,0.28369,0.43331,0.26248,0.09179
"134",4.4,-1.66666666666667,-3.88888888888889,0.1,0.25568,0.39803,0.24668,0.08694
"135",5.33333333333333,-1.66666666666667,-3.88888888888889,0.1,0.23364,0.36677,0.22935,0.08509
"136",6.26666666666667,-1.66666666666667,-3.88888888888889,0.1,0.21692,0.34156,0.214,0.08355
"137",7.2,-1.66666666666667,-3.88888888888889,0.1,0.20333,0.31991,0.20028,0.08147
"138",8.13333333333333,-1.66666666666667,-3.88888888888889,0.1,0.1917,0.30228,0.19216,0.08009
"139",9.06666666666667,-1.66666666666667,-3.88888888888889,0.1,0.18202,0.28721,0.1838,0.08013
"140",10,-1.66666666666667,-3.88888888888889,0.1,0.17346,0.27453,0.17657,0.07891
"141",1.6,-0.555555555555555,-3.88888888888889,0.1,0.40697,0.62622,0.37994,0.44582
"142",2.53333333333333,-0.555555555555555,-3.88888888888889,0.1,0.33567,0.52346,0.32752,0.43496
"143",3.46666666666667,-0.555555555555555,-3.88888888888889,0.1,0.29056,0.45548,0.28889,0.43025
"144",4.4,-0.555555555555555,-3.88888888888889,0.1,0.25914,0.40816,0.25831,0.42603
"145",5.33333333333333,-0.555555555555555,-3.88888888888889,0.1,0.23637,0.37235,0.23955,0.42548
"146",6.26666666666667,-0.555555555555555,-3.88888888888889,0.1,0.21922,0.34561,0.2212,0.4233
"147",7.2,-0.555555555555555,-3.88888888888889,0.1,0.20485,0.32401,0.20634,0.42236
"148",8.13333333333333,-0.555555555555555,-3.88888888888889,0.1,0.19285,0.30606,0.1963,0.42238
"149",9.06666666666667,-0.555555555555555,-3.88888888888889,0.1,0.18294,0.2898,0.18323,0.42175
"150",10,-0.555555555555555,-3.88888888888889,0.1,0.17463,0.2764,0.17617,0.41976
"151",1.6,0.555555555555555,-3.88888888888889,0.1,0.40817,0.62815,0.38013,0.44633
"152",2.53333333333333,0.555555555555555,-3.88888888888889,0.1,0.33466,0.52348,0.32792,0.43517
"153",3.46666666666667,0.555555555555555,-3.88888888888889,0.1,0.29112,0.45581,0.28966,0.42829
"154",4.4,0.555555555555555,-3.88888888888889,0.1,0.26039,0.40888,0.25917,0.42631
"155",5.33333333333333,0.555555555555555,-3.88888888888889,0.1,0.2378,0.37417,0.23702,0.4239
"156",6.26666666666667,0.555555555555555,-3.88888888888889,0.1,0.2194,0.34674,0.21815,0.42362
"157",7.2,0.555555555555555,-3.88888888888889,0.1,0.2056,0.32447,0.2064,0.42272
"158",8.13333333333333,0.555555555555555,-3.88888888888889,0.1,0.19392,0.3057,0.19535,0.42225
"159",9.06666666666667,0.555555555555555,-3.88888888888889,0.1,0.18383,0.29078,0.18349,0.42214
"160",10,0.555555555555555,-3.88888888888889,0.1,0.17542,0.27731,0.17676,0.42114
"161",1.6,1.66666666666667,-3.88888888888889,0.1,0.37316,0.50227,0.2248,0.12669
"162",2.53333333333333,1.66666666666667,-3.88888888888889,0.1,0.32117,0.47768,0.27273,0.10237
"163",3.46666666666667,1.66666666666667,-3.88888888888889,0.1,0.2834,0.43305,0.2606,0.0913
"164",4.4,1.66666666666667,-3.88888888888889,0.1,0.25687,0.39596,0.24665,0.08723
"165",5.33333333333333,1.66666666666667,-3.88888888888889,0.1,0.23567,0.36542,0.23038,0.08441
"166",6.26666666666667,1.66666666666667,-3.88888888888889,0.1,0.21912,0.34127,0.21534,0.08236
"167",7.2,1.66666666666667,-3.88888888888889,0.1,0.20455,0.32125,0.20076,0.08172
"168",8.13333333333333,1.66666666666667,-3.88888888888889,0.1,0.19292,0.30345,0.19287,0.08078
"169",9.06666666666667,1.66666666666667,-3.88888888888889,0.1,0.18267,0.28895,0.1833,0.07945
"170",10,1.66666666666667,-3.88888888888889,0.1,0.17455,0.27563,0.17576,0.07873
"171",1.6,2.77777777777778,-3.88888888888889,0.1,0.32369,0.35838,0.11539,0.05165
"172",2.53333333333333,2.77777777777778,-3.88888888888889,0.1,0.30008,0.40694,0.20122,0.03003
"173",3.46666666666667,2.77777777777778,-3.88888888888889,0.1,0.27306,0.39667,0.22528,0.02372
"174",4.4,2.77777777777778,-3.88888888888889,0.1,0.24959,0.37457,0.21954,0.02082
"175",5.33333333333333,2.77777777777778,-3.88888888888889,0.1,0.23075,0.35204,0.21413,0.01932
"176",6.26666666666667,2.77777777777778,-3.88888888888889,0.1,0.21491,0.33101,0.20508,0.0174
"177",7.2,2.77777777777778,-3.88888888888889,0.1,0.20216,0.31319,0.19632,0.01712
"178",8.13333333333333,2.77777777777778,-3.88888888888889,0.1,0.19129,0.29819,0.18658,0.01669
"179",9.06666666666667,2.77777777777778,-3.88888888888889,0.1,0.18173,0.28467,0.17819,0.01626
"180",10,2.77777777777778,-3.88888888888889,0.1,0.17337,0.27205,0.17056,0.01617
"181",1.6,3.88888888888889,-3.88888888888889,0.1,0.27834,0.25007,0.06204,0.02736
"182",2.53333333333333,3.88888888888889,-3.88888888888889,0.1,0.27288,0.33097,0.14175,0.01136
"183",3.46666666666667,3.88888888888889,-3.88888888888889,0.1,0.25696,0.34994,0.18184,0.00761
"184",4.4,3.88888888888889,-3.88888888888889,0.1,0.2396,0.34463,0.19265,0.00564
"185",5.33333333333333,3.88888888888889,-3.88888888888889,0.1,0.22456,0.33114,0.19586,0.00477
"186",6.26666666666667,3.88888888888889,-3.88888888888889,0.1,0.21044,0.3172,0.19005,0.00423
"187",7.2,3.88888888888889,-3.88888888888889,0.1,0.19875,0.30286,0.18325,0.0042
"188",8.13333333333333,3.88888888888889,-3.88888888888889,0.1,0.18852,0.28894,0.17774,0.00396
"189",9.06666666666667,3.88888888888889,-3.88888888888889,0.1,0.17959,0.27787,0.17172,0.00346
"190",10,3.88888888888889,-3.88888888888889,0.1,0.1719,0.26768,0.16686,0.00332
"191",1.6,5,-3.88888888888889,0.1,0.23845,0.17943,0.0366,0.01598
"192",2.53333333333333,5,-3.88888888888889,0.1,0.24747,0.2656,0.09686,0.00504
"193",3.46666666666667,5,-3.88888888888889,0.1,0.24081,0.30175,0.14076,0.00275
"194",4.4,5,-3.88888888888889,0.1,0.22897,0.31176,0.16244,0.00173
"195",5.33333333333333,5,-3.88888888888889,0.1,0.21672,0.30843,0.16939,0.00145
"196",6.26666666666667,5,-3.88888888888889,0.1,0.20545,0.30044,0.17202,0.00123
"197",7.2,5,-3.88888888888889,0.1,0.19523,0.29045,0.17052,0.00113
"198",8.13333333333333,5,-3.88888888888889,0.1,0.18648,0.27957,0.17074,0.00109
"199",9.06666666666667,5,-3.88888888888889,0.1,0.17797,0.26901,0.1653,0.00109
"200",10,5,-3.88888888888889,0.1,0.17018,0.25985,0.16082,0.00088
"201",1.6,-5,-2.77777777777778,0.1,0.23844,0.17683,0.0357,0.01571
"202",2.53333333333333,-5,-2.77777777777778,0.1,0.24701,0.26102,0.09501,0.00491
"203",3.46666666666667,-5,-2.77777777777778,0.1,0.23981,0.29868,0.1406,0.00256
"204",4.4,-5,-2.77777777777778,0.1,0.22901,0.30778,0.16251,0.0017
"205",5.33333333333333,-5,-2.77777777777778,0.1,0.21708,0.30595,0.17066,0.00139
"206",6.26666666666667,-5,-2.77777777777778,0.1,0.206,0.29858,0.17424,0.00117
"207",7.2,-5,-2.77777777777778,0.1,0.19607,0.28831,0.17234,0.00103
"208",8.13333333333333,-5,-2.77777777777778,0.1,0.18586,0.2782,0.16993,0.00096
"209",9.06666666666667,-5,-2.77777777777778,0.1,0.17741,0.26897,0.16451,8e-04
"210",10,-5,-2.77777777777778,0.1,0.17057,0.25957,0.1619,0.00082
"211",1.6,-3.88888888888889,-2.77777777777778,0.1,0.27807,0.24648,0.06265,0.02756
"212",2.53333333333333,-3.88888888888889,-2.77777777777778,0.1,0.27347,0.32712,0.13933,0.01115
"213",3.46666666666667,-3.88888888888889,-2.77777777777778,0.1,0.25829,0.34522,0.17726,0.00751
"214",4.4,-3.88888888888889,-2.77777777777778,0.1,0.24028,0.34122,0.19413,0.00612
"215",5.33333333333333,-3.88888888888889,-2.77777777777778,0.1,0.2246,0.32953,0.19248,0.00515
"216",6.26666666666667,-3.88888888888889,-2.77777777777778,0.1,0.21085,0.31624,0.19022,0.00454
"217",7.2,-3.88888888888889,-2.77777777777778,0.1,0.19867,0.30273,0.18359,0.00384
"218",8.13333333333333,-3.88888888888889,-2.77777777777778,0.1,0.18857,0.2889,0.17789,0.00389
"219",9.06666666666667,-3.88888888888889,-2.77777777777778,0.1,0.17995,0.27707,0.17434,0.00361
"220",10,-3.88888888888889,-2.77777777777778,0.1,0.172,0.26633,0.16576,0.00351
"221",1.6,-2.77777777777778,-2.77777777777778,0.1,0.3252,0.35347,0.11683,0.05246
"222",2.53333333333333,-2.77777777777778,-2.77777777777778,0.1,0.29965,0.40257,0.20223,0.03076
"223",3.46666666666667,-2.77777777777778,-2.77777777777778,0.1,0.27221,0.39322,0.22338,0.02411
"224",4.4,-2.77777777777778,-2.77777777777778,0.1,0.24905,0.373,0.22082,0.0208
"225",5.33333333333333,-2.77777777777778,-2.77777777777778,0.1,0.22997,0.35187,0.21584,0.01928
"226",6.26666666666667,-2.77777777777778,-2.77777777777778,0.1,0.21439,0.33088,0.20447,0.01803
"227",7.2,-2.77777777777778,-2.77777777777778,0.1,0.20205,0.3129,0.19607,0.01753
"228",8.13333333333333,-2.77777777777778,-2.77777777777778,0.1,0.19042,0.29777,0.18464,0.01636
"229",9.06666666666667,-2.77777777777778,-2.77777777777778,0.1,0.18143,0.28373,0.17884,0.01613
"230",10,-2.77777777777778,-2.77777777777778,0.1,0.17294,0.27148,0.1718,0.01603
"231",1.6,-1.66666666666667,-2.77777777777778,0.1,0.37317,0.49764,0.22384,0.12749
"232",2.53333333333333,-1.66666666666667,-2.77777777777778,0.1,0.32062,0.47521,0.27593,0.1018
"233",3.46666666666667,-1.66666666666667,-2.77777777777778,0.1,0.28369,0.43331,0.26341,0.09207
"234",4.4,-1.66666666666667,-2.77777777777778,0.1,0.25568,0.39803,0.24752,0.08697
"235",5.33333333333333,-1.66666666666667,-2.77777777777778,0.1,0.23364,0.36677,0.23002,0.08376
"236",6.26666666666667,-1.66666666666667,-2.77777777777778,0.1,0.21692,0.34156,0.2128,0.08359
"237",7.2,-1.66666666666667,-2.77777777777778,0.1,0.20333,0.31991,0.20059,0.08169
"238",8.13333333333333,-1.66666666666667,-2.77777777777778,0.1,0.1917,0.30228,0.18901,0.08075
"239",9.06666666666667,-1.66666666666667,-2.77777777777778,0.1,0.18202,0.28721,0.18162,0.07899
"240",10,-1.66666666666667,-2.77777777777778,0.1,0.17346,0.27453,0.17283,0.07846
"241",1.6,-0.555555555555555,-2.77777777777778,0.1,0.40697,0.62622,0.37908,0.44728
"242",2.53333333333333,-0.555555555555555,-2.77777777777778,0.1,0.33567,0.52346,0.3299,0.43302
"243",3.46666666666667,-0.555555555555555,-2.77777777777778,0.1,0.29056,0.45548,0.28951,0.42873
"244",4.4,-0.555555555555555,-2.77777777777778,0.1,0.25914,0.40816,0.25953,0.42502
"245",5.33333333333333,-0.555555555555555,-2.77777777777778,0.1,0.23637,0.37235,0.23903,0.42502
"246",6.26666666666667,-0.555555555555555,-2.77777777777778,0.1,0.21922,0.34561,0.22113,0.42417
"247",7.2,-0.555555555555555,-2.77777777777778,0.1,0.20485,0.32401,0.20516,0.42339
"248",8.13333333333333,-0.555555555555555,-2.77777777777778,0.1,0.19285,0.30606,0.19208,0.4221
"249",9.06666666666667,-0.555555555555555,-2.77777777777778,0.1,0.18294,0.2898,0.18599,0.42171
"250",10,-0.555555555555555,-2.77777777777778,0.1,0.17463,0.2764,0.17628,0.42128
"251",1.6,0.555555555555555,-2.77777777777778,0.1,0.40817,0.62815,0.37799,0.44702
"252",2.53333333333333,0.555555555555555,-2.77777777777778,0.1,0.33466,0.52348,0.3289,0.43299
"253",3.46666666666667,0.555555555555555,-2.77777777777778,0.1,0.29112,0.45581,0.28882,0.42972
"254",4.4,0.555555555555555,-2.77777777777778,0.1,0.26039,0.40888,0.26002,0.42543
"255",5.33333333333333,0.555555555555555,-2.77777777777778,0.1,0.2378,0.37417,0.2354,0.4254
"256",6.26666666666667,0.555555555555555,-2.77777777777778,0.1,0.2194,0.34674,0.21956,0.42414
"257",7.2,0.555555555555555,-2.77777777777778,0.1,0.2056,0.32447,0.20713,0.42264
"258",8.13333333333333,0.555555555555555,-2.77777777777778,0.1,0.19392,0.3057,0.19235,0.42208
"259",9.06666666666667,0.555555555555555,-2.77777777777778,0.1,0.18383,0.29078,0.18631,0.42067
"260",10,0.555555555555555,-2.77777777777778,0.1,0.17542,0.27731,0.17596,0.42123
"261",1.6,1.66666666666667,-2.77777777777778,0.1,0.37316,0.50227,0.22426,0.12784
"262",2.53333333333333,1.66666666666667,-2.77777777777778,0.1,0.32117,0.47768,0.27509,0.10218
"263",3.46666666666667,1.66666666666667,-2.77777777777778,0.1,0.2834,0.43305,0.26377,0.09143
"264",4.4,1.66666666666667,-2.77777777777778,0.1,0.25687,0.39596,0.24521,0.08846
"265",5.33333333333333,1.66666666666667,-2.77777777777778,0.1,0.23567,0.36542,0.22778,0.08432
"266",6.26666666666667,1.66666666666667,-2.77777777777778,0.1,0.21912,0.34127,0.21373,0.08282
"267",7.2,1.66666666666667,-2.77777777777778,0.1,0.20455,0.32125,0.20177,0.08185
"268",8.13333333333333,1.66666666666667,-2.77777777777778,0.1,0.19292,0.30345,0.19108,0.08113
"269",9.06666666666667,1.66666666666667,-2.77777777777778,0.1,0.18267,0.28895,0.18121,0.08009
"270",10,1.66666666666667,-2.77777777777778,0.1,0.17455,0.27563,0.17338,0.0787
"271",1.6,2.77777777777778,-2.77777777777778,0.1,0.32369,0.35838,0.11604,0.05268
"272",2.53333333333333,2.77777777777778,-2.77777777777778,0.1,0.30008,0.40694,0.20305,0.0303
"273",3.46666666666667,2.77777777777778,-2.77777777777778,0.1,0.27306,0.39667,0.22484,0.02429
"274",4.4,2.77777777777778,-2.77777777777778,0.1,0.24959,0.37457,0.22028,0.02065
"275",5.33333333333333,2.77777777777778,-2.77777777777778,0.1,0.23075,0.35204,0.21447,0.01889
"276",6.26666666666667,2.77777777777778,-2.77777777777778,0.1,0.21491,0.33101,0.20751,0.01756
"277",7.2,2.77777777777778,-2.77777777777778,0.1,0.20216,0.31319,0.19397,0.01668
"278",8.13333333333333,2.77777777777778,-2.77777777777778,0.1,0.19129,0.29819,0.18708,0.01692
"279",9.06666666666667,2.77777777777778,-2.77777777777778,0.1,0.18173,0.28467,0.17724,0.01627
"280",10,2.77777777777778,-2.77777777777778,0.1,0.17337,0.27205,0.1712,0.01578
"281",1.6,3.88888888888889,-2.77777777777778,0.1,0.27834,0.25007,0.06221,0.02723
"282",2.53333333333333,3.88888888888889,-2.77777777777778,0.1,0.27288,0.33097,0.14076,0.01163
"283",3.46666666666667,3.88888888888889,-2.77777777777778,0.1,0.25696,0.34994,0.17968,0.0076
"284",4.4,3.88888888888889,-2.77777777777778,0.1,0.2396,0.34463,0.19164,0.00551
"285",5.33333333333333,3.88888888888889,-2.77777777777778,0.1,0.22456,0.33114,0.19232,0.00481
"286",6.26666666666667,3.88888888888889,-2.77777777777778,0.1,0.21044,0.3172,0.19226,0.00436
"287",7.2,3.88888888888889,-2.77777777777778,0.1,0.19875,0.30286,0.18584,0.00421
"288",8.13333333333333,3.88888888888889,-2.77777777777778,0.1,0.18852,0.28894,0.17846,0.00386
"289",9.06666666666667,3.88888888888889,-2.77777777777778,0.1,0.17959,0.27787,0.17121,0.00356
"290",10,3.88888888888889,-2.77777777777778,0.1,0.1719,0.26768,0.16637,0.00362
"291",1.6,5,-2.77777777777778,0.1,0.23845,0.17943,0.03507,0.01554
"292",2.53333333333333,5,-2.77777777777778,0.1,0.24747,0.2656,0.09824,0.00477
"293",3.46666666666667,5,-2.77777777777778,0.1,0.24081,0.30175,0.13974,0.00269
"294",4.4,5,-2.77777777777778,0.1,0.22897,0.31176,0.16192,0.00173
"295",5.33333333333333,5,-2.77777777777778,0.1,0.21672,0.30843,0.17115,0.00142
"296",6.26666666666667,5,-2.77777777777778,0.1,0.20545,0.30044,0.17229,0.0012
"297",7.2,5,-2.77777777777778,0.1,0.19523,0.29045,0.17084,0.00121
"298",8.13333333333333,5,-2.77777777777778,0.1,0.18648,0.27957,0.16694,0.00094
"299",9.06666666666667,5,-2.77777777777778,0.1,0.17797,0.26901,0.16441,0.00086
"300",10,5,-2.77777777777778,0.1,0.17018,0.25985,0.15922,0.00083
"301",1.6,-5,-1.66666666666667,0.1,0.23844,0.17683,0.03537,0.01637
"302",2.53333333333333,-5,-1.66666666666667,0.1,0.24701,0.26102,0.09589,0.00532
"303",3.46666666666667,-5,-1.66666666666667,0.1,0.23981,0.29868,0.14145,0.00253
"304",4.4,-5,-1.66666666666667,0.1,0.22901,0.30778,0.16138,0.00181
"305",5.33333333333333,-5,-1.66666666666667,0.1,0.21708,0.30595,0.17049,0.0015
"306",6.26666666666667,-5,-1.66666666666667,0.1,0.206,0.29858,0.17261,0.00113
"307",7.2,-5,-1.66666666666667,0.1,0.19607,0.28831,0.1726,0.00096
"308",8.13333333333333,-5,-1.66666666666667,0.1,0.18586,0.2782,0.17006,0.00093
"309",9.06666666666667,-5,-1.66666666666667,0.1,0.17741,0.26897,0.16326,0.00094
"310",10,-5,-1.66666666666667,0.1,0.17057,0.25957,0.15882,0.00089
"311",1.6,-3.88888888888889,-1.66666666666667,0.1,0.27807,0.24648,0.06195,0.02726
"312",2.53333333333333,-3.88888888888889,-1.66666666666667,0.1,0.27347,0.32712,0.14049,0.01181
"313",3.46666666666667,-3.88888888888889,-1.66666666666667,0.1,0.25829,0.34522,0.18144,0.00777
"314",4.4,-3.88888888888889,-1.66666666666667,0.1,0.24028,0.34122,0.193,0.00586
"315",5.33333333333333,-3.88888888888889,-1.66666666666667,0.1,0.2246,0.32953,0.19295,0.00484
"316",6.26666666666667,-3.88888888888889,-1.66666666666667,0.1,0.21085,0.31624,0.18987,0.00452
"317",7.2,-3.88888888888889,-1.66666666666667,0.1,0.19867,0.30273,0.18531,0.00379
"318",8.13333333333333,-3.88888888888889,-1.66666666666667,0.1,0.18857,0.2889,0.17776,0.00352
"319",9.06666666666667,-3.88888888888889,-1.66666666666667,0.1,0.17995,0.27707,0.17326,0.00374
"320",10,-3.88888888888889,-1.66666666666667,0.1,0.172,0.26633,0.16802,0.00342
"321",1.6,-2.77777777777778,-1.66666666666667,0.1,0.3252,0.35347,0.11656,0.05169
"322",2.53333333333333,-2.77777777777778,-1.66666666666667,0.1,0.29965,0.40257,0.20246,0.0306
"323",3.46666666666667,-2.77777777777778,-1.66666666666667,0.1,0.27221,0.39322,0.22297,0.02458
"324",4.4,-2.77777777777778,-1.66666666666667,0.1,0.24905,0.373,0.22301,0.02088
"325",5.33333333333333,-2.77777777777778,-1.66666666666667,0.1,0.22997,0.35187,0.21275,0.0192
"326",6.26666666666667,-2.77777777777778,-1.66666666666667,0.1,0.21439,0.33088,0.20375,0.01767
"327",7.2,-2.77777777777778,-1.66666666666667,0.1,0.20205,0.3129,0.19455,0.01717
"328",8.13333333333333,-2.77777777777778,-1.66666666666667,0.1,0.19042,0.29777,0.18394,0.01655
"329",9.06666666666667,-2.77777777777778,-1.66666666666667,0.1,0.18143,0.28373,0.17876,0.01641
"330",10,-2.77777777777778,-1.66666666666667,0.1,0.17294,0.27148,0.17107,0.01565
"331",1.6,-1.66666666666667,-1.66666666666667,0.1,0.37317,0.49764,0.22196,0.12751
"332",2.53333333333333,-1.66666666666667,-1.66666666666667,0.1,0.32062,0.47521,0.27344,0.10114
"333",3.46666666666667,-1.66666666666667,-1.66666666666667,0.1,0.28369,0.43331,0.26356,0.0925
"334",4.4,-1.66666666666667,-1.66666666666667,0.1,0.25568,0.39803,0.24748,0.08718
"335",5.33333333333333,-1.66666666666667,-1.66666666666667,0.1,0.23364,0.36677,0.23044,0.08457
"336",6.26666666666667,-1.66666666666667,-1.66666666666667,0.1,0.21692,0.34156,0.21468,0.08285
"337",7.2,-1.66666666666667,-1.66666666666667,0.1,0.20333,0.31991,0.20311,0.08099
"338",8.13333333333333,-1.66666666666667,-1.66666666666667,0.1,0.1917,0.30228,0.19115,0.08019
"339",9.06666666666667,-1.66666666666667,-1.66666666666667,0.1,0.18202,0.28721,0.17989,0.07932
"340",10,-1.66666666666667,-1.66666666666667,0.1,0.17346,0.27453,0.17423,0.07918
"341",1.6,-0.555555555555555,-1.66666666666667,0.1,0.40697,0.62622,0.37939,0.44705
"342",2.53333333333333,-0.555555555555555,-1.66666666666667,0.1,0.33567,0.52346,0.32849,0.43336
"343",3.46666666666667,-0.555555555555555,-1.66666666666667,0.1,0.29056,0.45548,0.2888,0.4295
"344",4.4,-0.555555555555555,-1.66666666666667,0.1,0.25914,0.40816,0.2578,0.4261
"345",5.33333333333333,-0.555555555555555,-1.66666666666667,0.1,0.23637,0.37235,0.23841,0.42403
"346",6.26666666666667,-0.555555555555555,-1.66666666666667,0.1,0.21922,0.34561,0.22096,0.42352
"347",7.2,-0.555555555555555,-1.66666666666667,0.1,0.20485,0.32401,0.20748,0.42289
"348",8.13333333333333,-0.555555555555555,-1.66666666666667,0.1,0.19285,0.30606,0.19303,0.42178
"349",9.06666666666667,-0.555555555555555,-1.66666666666667,0.1,0.18294,0.2898,0.184,0.42093
"350",10,-0.555555555555555,-1.66666666666667,0.1,0.17463,0.2764,0.17514,0.4213
"351",1.6,0.555555555555555,-1.66666666666667,0.1,0.40817,0.62815,0.37728,0.44621
"352",2.53333333333333,0.555555555555555,-1.66666666666667,0.1,0.33466,0.52348,0.32883,0.43462
"353",3.46666666666667,0.555555555555555,-1.66666666666667,0.1,0.29112,0.45581,0.28916,0.42871
"354",4.4,0.555555555555555,-1.66666666666667,0.1,0.26039,0.40888,0.25877,0.42518
"355",5.33333333333333,0.555555555555555,-1.66666666666667,0.1,0.2378,0.37417,0.23781,0.42555
"356",6.26666666666667,0.555555555555555,-1.66666666666667,0.1,0.2194,0.34674,0.21981,0.42308
"357",7.2,0.555555555555555,-1.66666666666667,0.1,0.2056,0.32447,0.2057,0.42325
"358",8.13333333333333,0.555555555555555,-1.66666666666667,0.1,0.19392,0.3057,0.19447,0.42235
"359",9.06666666666667,0.555555555555555,-1.66666666666667,0.1,0.18383,0.29078,0.18494,0.42179
"360",10,0.555555555555555,-1.66666666666667,0.1,0.17542,0.27731,0.17542,0.42169
"361",1.6,1.66666666666667,-1.66666666666667,0.1,0.37316,0.50227,0.22487,0.1284
"362",2.53333333333333,1.66666666666667,-1.66666666666667,0.1,0.32117,0.47768,0.27445,0.10186
"363",3.46666666666667,1.66666666666667,-1.66666666666667,0.1,0.2834,0.43305,0.26423,0.09307
"364",4.4,1.66666666666667,-1.66666666666667,0.1,0.25687,0.39596,0.2465,0.08749
"365",5.33333333333333,1.66666666666667,-1.66666666666667,0.1,0.23567,0.36542,0.22863,0.08405
"366",6.26666666666667,1.66666666666667,-1.66666666666667,0.1,0.21912,0.34127,0.2155,0.08331
"367",7.2,1.66666666666667,-1.66666666666667,0.1,0.20455,0.32125,0.2023,0.08191
"368",8.13333333333333,1.66666666666667,-1.66666666666667,0.1,0.19292,0.30345,0.19319,0.08059
"369",9.06666666666667,1.66666666666667,-1.66666666666667,0.1,0.18267,0.28895,0.18313,0.07891
"370",10,1.66666666666667,-1.66666666666667,0.1,0.17455,0.27563,0.17407,0.07878
"371",1.6,2.77777777777778,-1.66666666666667,0.1,0.32369,0.35838,0.11712,0.05276
"372",2.53333333333333,2.77777777777778,-1.66666666666667,0.1,0.30008,0.40694,0.20202,0.03105
"373",3.46666666666667,2.77777777777778,-1.66666666666667,0.1,0.27306,0.39667,0.22349,0.0242
"374",4.4,2.77777777777778,-1.66666666666667,0.1,0.24959,0.37457,0.22102,0.02034
"375",5.33333333333333,2.77777777777778,-1.66666666666667,0.1,0.23075,0.35204,0.21254,0.01916
"376",6.26666666666667,2.77777777777778,-1.66666666666667,0.1,0.21491,0.33101,0.20459,0.01782
"377",7.2,2.77777777777778,-1.66666666666667,0.1,0.20216,0.31319,0.19278,0.01789
"378",8.13333333333333,2.77777777777778,-1.66666666666667,0.1,0.19129,0.29819,0.1866,0.0164
"379",9.06666666666667,2.77777777777778,-1.66666666666667,0.1,0.18173,0.28467,0.17835,0.01594
"380",10,2.77777777777778,-1.66666666666667,0.1,0.17337,0.27205,0.17063,0.01585
"381",1.6,3.88888888888889,-1.66666666666667,0.1,0.27834,0.25007,0.06245,0.02739
"382",2.53333333333333,3.88888888888889,-1.66666666666667,0.1,0.27288,0.33097,0.14118,0.01159
"383",3.46666666666667,3.88888888888889,-1.66666666666667,0.1,0.25696,0.34994,0.17864,0.00755
"384",4.4,3.88888888888889,-1.66666666666667,0.1,0.2396,0.34463,0.19228,0.00596
"385",5.33333333333333,3.88888888888889,-1.66666666666667,0.1,0.22456,0.33114,0.1929,0.00475
"386",6.26666666666667,3.88888888888889,-1.66666666666667,0.1,0.21044,0.3172,0.19208,0.00418
"387",7.2,3.88888888888889,-1.66666666666667,0.1,0.19875,0.30286,0.18352,0.00409
"388",8.13333333333333,3.88888888888889,-1.66666666666667,0.1,0.18852,0.28894,0.17805,0.00354
"389",9.06666666666667,3.88888888888889,-1.66666666666667,0.1,0.17959,0.27787,0.1718,0.00376
"390",10,3.88888888888889,-1.66666666666667,0.1,0.1719,0.26768,0.16549,0.00363
"391",1.6,5,-1.66666666666667,0.1,0.23845,0.17943,0.03584,0.01642
"392",2.53333333333333,5,-1.66666666666667,0.1,0.24747,0.2656,0.09652,0.0052
"393",3.46666666666667,5,-1.66666666666667,0.1,0.24081,0.30175,0.13878,0.00279
"394",4.4,5,-1.66666666666667,0.1,0.22897,0.31176,0.16268,0.00171
"395",5.33333333333333,5,-1.66666666666667,0.1,0.21672,0.30843,0.17216,0.00137
"396",6.26666666666667,5,-1.66666666666667,0.1,0.20545,0.30044,0.17255,0.00121
"397",7.2,5,-1.66666666666667,0.1,0.19523,0.29045,0.17293,0.00112
"398",8.13333333333333,5,-1.66666666666667,0.1,0.18648,0.27957,0.16998,0.00101
"399",9.06666666666667,5,-1.66666666666667,0.1,0.17797,0.26901,0.16475,9e-04
"400",10,5,-1.66666666666667,0.1,0.17018,0.25985,0.1616,0.00075
"401",1.6,-5,-0.555555555555555,0.1,0.23844,0.17683,0.03601,0.01616
"402",2.53333333333333,-5,-0.555555555555555,0.1,0.24701,0.26102,0.09739,0.00524
"403",3.46666666666667,-5,-0.555555555555555,0.1,0.23981,0.29868,0.13958,0.00274
"404",4.4,-5,-0.555555555555555,0.1,0.22901,0.30778,0.16209,0.002
"405",5.33333333333333,-5,-0.555555555555555,0.1,0.21708,0.30595,0.17093,0.00164
"406",6.26666666666667,-5,-0.555555555555555,0.1,0.206,0.29858,0.17215,0.00122
"407",7.2,-5,-0.555555555555555,0.1,0.19607,0.28831,0.17173,0.00115
"408",8.13333333333333,-5,-0.555555555555555,0.1,0.18586,0.2782,0.16645,0.00078
"409",9.06666666666667,-5,-0.555555555555555,0.1,0.17741,0.26897,0.16486,0.00095
"410",10,-5,-0.555555555555555,0.1,0.17057,0.25957,0.15842,0.00094
"411",1.6,-3.88888888888889,-0.555555555555555,0.1,0.27807,0.24648,0.06241,0.02826
"412",2.53333333333333,-3.88888888888889,-0.555555555555555,0.1,0.27347,0.32712,0.14026,0.01137
"413",3.46666666666667,-3.88888888888889,-0.555555555555555,0.1,0.25829,0.34522,0.17929,0.00768
"414",4.4,-3.88888888888889,-0.555555555555555,0.1,0.24028,0.34122,0.19185,0.00574
"415",5.33333333333333,-3.88888888888889,-0.555555555555555,0.1,0.2246,0.32953,0.19396,0.00504
"416",6.26666666666667,-3.88888888888889,-0.555555555555555,0.1,0.21085,0.31624,0.18967,0.00411
"417",7.2,-3.88888888888889,-0.555555555555555,0.1,0.19867,0.30273,0.18305,0.0043
"418",8.13333333333333,-3.88888888888889,-0.555555555555555,0.1,0.18857,0.2889,0.17837,0.00388
"419",9.06666666666667,-3.88888888888889,-0.555555555555555,0.1,0.17995,0.27707,0.17184,0.00369
"420",10,-3.88888888888889,-0.555555555555555,0.1,0.172,0.26633,0.16663,0.00363
"421",1.6,-2.77777777777778,-0.555555555555555,0.1,0.3252,0.35347,0.11496,0.05212
"422",2.53333333333333,-2.77777777777778,-0.555555555555555,0.1,0.29965,0.40257,0.2018,0.03106
"423",3.46666666666667,-2.77777777777778,-0.555555555555555,0.1,0.27221,0.39322,0.2227,0.02414
"424",4.4,-2.77777777777778,-0.555555555555555,0.1,0.24905,0.373,0.2198,0.02094
"425",5.33333333333333,-2.77777777777778,-0.555555555555555,0.1,0.22997,0.35187,0.217,0.01928
"426",6.26666666666667,-2.77777777777778,-0.555555555555555,0.1,0.21439,0.33088,0.2057,0.01813
"427",7.2,-2.77777777777778,-0.555555555555555,0.1,0.20205,0.3129,0.19528,0.01744
"428",8.13333333333333,-2.77777777777778,-0.555555555555555,0.1,0.19042,0.29777,0.18745,0.0163
"429",9.06666666666667,-2.77777777777778,-0.555555555555555,0.1,0.18143,0.28373,0.17777,0.01586
"430",10,-2.77777777777778,-0.555555555555555,0.1,0.17294,0.27148,0.16989,0.01595
"431",1.6,-1.66666666666667,-0.555555555555555,0.1,0.37317,0.49764,0.2222,0.12698
"432",2.53333333333333,-1.66666666666667,-0.555555555555555,0.1,0.32062,0.47521,0.27449,0.10239
"433",3.46666666666667,-1.66666666666667,-0.555555555555555,0.1,0.28369,0.43331,0.26451,0.09213
"434",4.4,-1.66666666666667,-0.555555555555555,0.1,0.25568,0.39803,0.24704,0.0891
"435",5.33333333333333,-1.66666666666667,-0.555555555555555,0.1,0.23364,0.36677,0.22846,0.08462
"436",6.26666666666667,-1.66666666666667,-0.555555555555555,0.1,0.21692,0.34156,0.21406,0.08292
"437",7.2,-1.66666666666667,-0.555555555555555,0.1,0.20333,0.31991,0.20176,0.08142
"438",8.13333333333333,-1.66666666666667,-0.555555555555555,0.1,0.1917,0.30228,0.1915,0.08064
"439",9.06666666666667,-1.66666666666667,-0.555555555555555,0.1,0.18202,0.28721,0.18226,0.07968
"440",10,-1.66666666666667,-0.555555555555555,0.1,0.17346,0.27453,0.1735,0.0789
"441",1.6,-0.555555555555555,-0.555555555555555,0.1,0.40697,0.62622,0.37674,0.44604
"442",2.53333333333333,-0.555555555555555,-0.555555555555555,0.1,0.33567,0.52346,0.32883,0.43372
"443",3.46666666666667,-0.555555555555555,-0.555555555555555,0.1,0.29056,0.45548,0.28912,0.42855
"444",4.4,-0.555555555555555,-0.555555555555555,0.1,0.25914,0.40816,0.25993,0.42655
"445",5.33333333333333,-0.555555555555555,-0.555555555555555,0.1,0.23637,0.37235,0.23616,0.42514
"446",6.26666666666667,-0.555555555555555,-0.555555555555555,0.1,0.21922,0.34561,0.21892,0.42301
"447",7.2,-0.555555555555555,-0.555555555555555,0.1,0.20485,0.32401,0.20536,0.42359
"448",8.13333333333333,-0.555555555555555,-0.555555555555555,0.1,0.19285,0.30606,0.19539,0.42202
"449",9.06666666666667,-0.555555555555555,-0.555555555555555,0.1,0.18294,0.2898,0.18479,0.42218
"450",10,-0.555555555555555,-0.555555555555555,0.1,0.17463,0.2764,0.17605,0.42023
"451",1.6,0.555555555555555,-0.555555555555555,0.1,0.40817,0.62815,0.37504,0.44698
"452",2.53333333333333,0.555555555555555,-0.555555555555555,0.1,0.33466,0.52348,0.33052,0.43491
"453",3.46666666666667,0.555555555555555,-0.555555555555555,0.1,0.29112,0.45581,0.2913,0.42767
"454",4.4,0.555555555555555,-0.555555555555555,0.1,0.26039,0.40888,0.25906,0.4267
"455",5.33333333333333,0.555555555555555,-0.555555555555555,0.1,0.2378,0.37417,0.23746,0.4262
"456",6.26666666666667,0.555555555555555,-0.555555555555555,0.1,0.2194,0.34674,0.21863,0.42517
"457",7.2,0.555555555555555,-0.555555555555555,0.1,0.2056,0.32447,0.20646,0.42349
"458",8.13333333333333,0.555555555555555,-0.555555555555555,0.1,0.19392,0.3057,0.1938,0.42189
"459",9.06666666666667,0.555555555555555,-0.555555555555555,0.1,0.18383,0.29078,0.1838,0.42233
"460",10,0.555555555555555,-0.555555555555555,0.1,0.17542,0.27731,0.17459,0.421
"461",1.6,1.66666666666667,-0.555555555555555,0.1,0.37316,0.50227,0.22457,0.12702
"462",2.53333333333333,1.66666666666667,-0.555555555555555,0.1,0.32117,0.47768,0.27254,0.10143
"463",3.46666666666667,1.66666666666667,-0.555555555555555,0.1,0.2834,0.43305,0.26646,0.09196
"464",4.4,1.66666666666667,-0.555555555555555,0.1,0.25687,0.39596,0.24486,0.0863
"465",5.33333333333333,1.66666666666667,-0.555555555555555,0.1,0.23567,0.36542,0.22953,0.08492
"466",6.26666666666667,1.66666666666667,-0.555555555555555,0.1,0.21912,0.34127,0.21399,0.08279
"467",7.2,1.66666666666667,-0.555555555555555,0.1,0.20455,0.32125,0.20111,0.08169
"468",8.13333333333333,1.66666666666667,-0.555555555555555,0.1,0.19292,0.30345,0.19187,0.0809
"469",9.06666666666667,1.66666666666667,-0.555555555555555,0.1,0.18267,0.28895,0.18129,0.07942
"470",10,1.66666666666667,-0.555555555555555,0.1,0.17455,0.27563,0.17469,0.07985
"471",1.6,2.77777777777778,-0.555555555555555,0.1,0.32369,0.35838,0.11559,0.05197
"472",2.53333333333333,2.77777777777778,-0.555555555555555,0.1,0.30008,0.40694,0.2014,0.031
"473",3.46666666666667,2.77777777777778,-0.555555555555555,0.1,0.27306,0.39667,0.2226,0.0233
"474",4.4,2.77777777777778,-0.555555555555555,0.1,0.24959,0.37457,0.22109,0.02115
"475",5.33333333333333,2.77777777777778,-0.555555555555555,0.1,0.23075,0.35204,0.21354,0.01889
"476",6.26666666666667,2.77777777777778,-0.555555555555555,0.1,0.21491,0.33101,0.20497,0.01816
"477",7.2,2.77777777777778,-0.555555555555555,0.1,0.20216,0.31319,0.19689,0.01742
"478",8.13333333333333,2.77777777777778,-0.555555555555555,0.1,0.19129,0.29819,0.18691,0.01683
"479",9.06666666666667,2.77777777777778,-0.555555555555555,0.1,0.18173,0.28467,0.17679,0.01636
"480",10,2.77777777777778,-0.555555555555555,0.1,0.17337,0.27205,0.17066,0.01533
"481",1.6,3.88888888888889,-0.555555555555555,0.1,0.27834,0.25007,0.06301,0.02734
"482",2.53333333333333,3.88888888888889,-0.555555555555555,0.1,0.27288,0.33097,0.14207,0.01194
"483",3.46666666666667,3.88888888888889,-0.555555555555555,0.1,0.25696,0.34994,0.17868,0.00727
"484",4.4,3.88888888888889,-0.555555555555555,0.1,0.2396,0.34463,0.19306,0.00583
"485",5.33333333333333,3.88888888888889,-0.555555555555555,0.1,0.22456,0.33114,0.19355,0.00466
"486",6.26666666666667,3.88888888888889,-0.555555555555555,0.1,0.21044,0.3172,0.19015,0.00457
"487",7.2,3.88888888888889,-0.555555555555555,0.1,0.19875,0.30286,0.18364,0.00398
"488",8.13333333333333,3.88888888888889,-0.555555555555555,0.1,0.18852,0.28894,0.17734,0.00388
"489",9.06666666666667,3.88888888888889,-0.555555555555555,0.1,0.17959,0.27787,0.17042,0.00362
"490",10,3.88888888888889,-0.555555555555555,0.1,0.1719,0.26768,0.16621,0.0036
"491",1.6,5,-0.555555555555555,0.1,0.23845,0.17943,0.03618,0.01663
"492",2.53333333333333,5,-0.555555555555555,0.1,0.24747,0.2656,0.0965,0.00515
"493",3.46666666666667,5,-0.555555555555555,0.1,0.24081,0.30175,0.13883,0.00235
"494",4.4,5,-0.555555555555555,0.1,0.22897,0.31176,0.162,0.00173
"495",5.33333333333333,5,-0.555555555555555,0.1,0.21672,0.30843,0.17058,0.00149
"496",6.26666666666667,5,-0.555555555555555,0.1,0.20545,0.30044,0.17141,0.00115
"497",7.2,5,-0.555555555555555,0.1,0.19523,0.29045,0.17193,0.00115
"498",8.13333333333333,5,-0.555555555555555,0.1,0.18648,0.27957,0.16892,0.00096
"499",9.06666666666667,5,-0.555555555555555,0.1,0.17797,0.26901,0.16446,0.00077
"500",10,5,-0.555555555555555,0.1,0.17018,0.25985,0.1586,0.00079
"501",1.6,-5,0.555555555555555,0.1,0.23844,0.17683,0.03624,0.01612
"502",2.53333333333333,-5,0.555555555555555,0.1,0.24701,0.26102,0.0979,0.00521
"503",3.46666666666667,-5,0.555555555555555,0.1,0.23981,0.29868,0.1408,0.00272
"504",4.4,-5,0.555555555555555,0.1,0.22901,0.30778,0.16431,0.00203
"505",5.33333333333333,-5,0.555555555555555,0.1,0.21708,0.30595,0.17066,0.00145
"506",6.26666666666667,-5,0.555555555555555,0.1,0.206,0.29858,0.17229,0.00132
"507",7.2,-5,0.555555555555555,0.1,0.19607,0.28831,0.17221,0.001
"508",8.13333333333333,-5,0.555555555555555,0.1,0.18586,0.2782,0.16845,0.001
"509",9.06666666666667,-5,0.555555555555555,0.1,0.17741,0.26897,0.16656,0.00084
"510",10,-5,0.555555555555555,0.1,0.17057,0.25957,0.1601,0.00089
"511",1.6,-3.88888888888889,0.555555555555555,0.1,0.27807,0.24648,0.06239,0.02694
"512",2.53333333333333,-3.88888888888889,0.555555555555555,0.1,0.27347,0.32712,0.14116,0.0117
"513",3.46666666666667,-3.88888888888889,0.555555555555555,0.1,0.25829,0.34522,0.17967,0.00736
"514",4.4,-3.88888888888889,0.555555555555555,0.1,0.24028,0.34122,0.19223,0.00594
"515",5.33333333333333,-3.88888888888889,0.555555555555555,0.1,0.2246,0.32953,0.19251,0.00484
"516",6.26666666666667,-3.88888888888889,0.555555555555555,0.1,0.21085,0.31624,0.18862,0.0045
"517",7.2,-3.88888888888889,0.555555555555555,0.1,0.19867,0.30273,0.18344,0.00405
"518",8.13333333333333,-3.88888888888889,0.555555555555555,0.1,0.18857,0.2889,0.17863,0.00381
"519",9.06666666666667,-3.88888888888889,0.555555555555555,0.1,0.17995,0.27707,0.17083,0.00345
"520",10,-3.88888888888889,0.555555555555555,0.1,0.172,0.26633,0.16614,0.00332
"521",1.6,-2.77777777777778,0.555555555555555,0.1,0.3252,0.35347,0.11484,0.05165
"522",2.53333333333333,-2.77777777777778,0.555555555555555,0.1,0.29965,0.40257,0.20297,0.03008
"523",3.46666666666667,-2.77777777777778,0.555555555555555,0.1,0.27221,0.39322,0.22414,0.02376
"524",4.4,-2.77777777777778,0.555555555555555,0.1,0.24905,0.373,0.22187,0.02047
"525",5.33333333333333,-2.77777777777778,0.555555555555555,0.1,0.22997,0.35187,0.21319,0.01859
"526",6.26666666666667,-2.77777777777778,0.555555555555555,0.1,0.21439,0.33088,0.20326,0.01738
"527",7.2,-2.77777777777778,0.555555555555555,0.1,0.20205,0.3129,0.19447,0.01687
"528",8.13333333333333,-2.77777777777778,0.555555555555555,0.1,0.19042,0.29777,0.18739,0.01669
"529",9.06666666666667,-2.77777777777778,0.555555555555555,0.1,0.18143,0.28373,0.18002,0.01605
"530",10,-2.77777777777778,0.555555555555555,0.1,0.17294,0.27148,0.17029,0.01583
"531",1.6,-1.66666666666667,0.555555555555555,0.1,0.37317,0.49764,0.22182,0.12868
"532",2.53333333333333,-1.66666666666667,0.555555555555555,0.1,0.32062,0.47521,0.27554,0.10114
"533",3.46666666666667,-1.66666666666667,0.555555555555555,0.1,0.28369,0.43331,0.26627,0.09237
"534",4.4,-1.66666666666667,0.555555555555555,0.1,0.25568,0.39803,0.24535,0.08699
"535",5.33333333333333,-1.66666666666667,0.555555555555555,0.1,0.23364,0.36677,0.22992,0.0842
"536",6.26666666666667,-1.66666666666667,0.555555555555555,0.1,0.21692,0.34156,0.21525,0.08299
"537",7.2,-1.66666666666667,0.555555555555555,0.1,0.20333,0.31991,0.20174,0.08172
"538",8.13333333333333,-1.66666666666667,0.555555555555555,0.1,0.1917,0.30228,0.19121,0.08002
"539",9.06666666666667,-1.66666666666667,0.555555555555555,0.1,0.18202,0.28721,0.18243,0.07979
"540",10,-1.66666666666667,0.555555555555555,0.1,0.17346,0.27453,0.17641,0.07905
"541",1.6,-0.555555555555555,0.555555555555555,0.1,0.40697,0.62622,0.37682,0.44644
"542",2.53333333333333,-0.555555555555555,0.555555555555555,0.1,0.33567,0.52346,0.32832,0.43467
"543",3.46666666666667,-0.555555555555555,0.555555555555555,0.1,0.29056,0.45548,0.28627,0.42725
"544",4.4,-0.555555555555555,0.555555555555555,0.1,0.25914,0.40816,0.2588,0.42646
"545",5.33333333333333,-0.555555555555555,0.555555555555555,0.1,0.23637,0.37235,0.23804,0.42471
"546",6.26666666666667,-0.555555555555555,0.555555555555555,0.1,0.21922,0.34561,0.22181,0.42409
"547",7.2,-0.555555555555555,0.555555555555555,0.1,0.20485,0.32401,0.2071,0.4235
"548",8.13333333333333,-0.555555555555555,0.555555555555555,0.1,0.19285,0.30606,0.19542,0.42192
"549",9.06666666666667,-0.555555555555555,0.555555555555555,0.1,0.18294,0.2898,0.18423,0.42204
"550",10,-0.555555555555555,0.555555555555555,0.1,0.17463,0.2764,0.17658,0.42141
"551",1.6,0.555555555555555,0.555555555555555,0.1,0.40817,0.62815,0.37887,0.44747
"552",2.53333333333333,0.555555555555555,0.555555555555555,0.1,0.33466,0.52348,0.32953,0.43286
"553",3.46666666666667,0.555555555555555,0.555555555555555,0.1,0.29112,0.45581,0.28996,0.42882
"554",4.4,0.555555555555555,0.555555555555555,0.1,0.26039,0.40888,0.25965,0.42656
"555",5.33333333333333,0.555555555555555,0.555555555555555,0.1,0.2378,0.37417,0.23708,0.42406
"556",6.26666666666667,0.555555555555555,0.555555555555555,0.1,0.2194,0.34674,0.21993,0.4234
"557",7.2,0.555555555555555,0.555555555555555,0.1,0.2056,0.32447,0.20419,0.42314
"558",8.13333333333333,0.555555555555555,0.555555555555555,0.1,0.19392,0.3057,0.19416,0.42234
"559",9.06666666666667,0.555555555555555,0.555555555555555,0.1,0.18383,0.29078,0.18575,0.42153
"560",10,0.555555555555555,0.555555555555555,0.1,0.17542,0.27731,0.17643,0.42046
"561",1.6,1.66666666666667,0.555555555555555,0.1,0.37316,0.50227,0.22245,0.12798
"562",2.53333333333333,1.66666666666667,0.555555555555555,0.1,0.32117,0.47768,0.27564,0.1025
"563",3.46666666666667,1.66666666666667,0.555555555555555,0.1,0.2834,0.43305,0.26445,0.09149
"564",4.4,1.66666666666667,0.555555555555555,0.1,0.25687,0.39596,0.24359,0.08794
"565",5.33333333333333,1.66666666666667,0.555555555555555,0.1,0.23567,0.36542,0.23124,0.08474
"566",6.26666666666667,1.66666666666667,0.555555555555555,0.1,0.21912,0.34127,0.21521,0.08291
"567",7.2,1.66666666666667,0.555555555555555,0.1,0.20455,0.32125,0.20252,0.08088
"568",8.13333333333333,1.66666666666667,0.555555555555555,0.1,0.19292,0.30345,0.19044,0.08036
"569",9.06666666666667,1.66666666666667,0.555555555555555,0.1,0.18267,0.28895,0.18403,0.07984
"570",10,1.66666666666667,0.555555555555555,0.1,0.17455,0.27563,0.17426,0.07923
"571",1.6,2.77777777777778,0.555555555555555,0.1,0.32369,0.35838,0.11647,0.05268
"572",2.53333333333333,2.77777777777778,0.555555555555555,0.1,0.30008,0.40694,0.20303,0.03059
"573",3.46666666666667,2.77777777777778,0.555555555555555,0.1,0.27306,0.39667,0.22256,0.02352
"574",4.4,2.77777777777778,0.555555555555555,0.1,0.24959,0.37457,0.22202,0.02076
"575",5.33333333333333,2.77777777777778,0.555555555555555,0.1,0.23075,0.35204,0.21318,0.01852
"576",6.26666666666667,2.77777777777778,0.555555555555555,0.1,0.21491,0.33101,0.2058,0.01762
"577",7.2,2.77777777777778,0.555555555555555,0.1,0.20216,0.31319,0.19485,0.01683
"578",8.13333333333333,2.77777777777778,0.555555555555555,0.1,0.19129,0.29819,0.18525,0.01662
"579",9.06666666666667,2.77777777777778,0.555555555555555,0.1,0.18173,0.28467,0.17796,0.01653
"580",10,2.77777777777778,0.555555555555555,0.1,0.17337,0.27205,0.17252,0.01601
"581",1.6,3.88888888888889,0.555555555555555,0.1,0.27834,0.25007,0.06177,0.02682
"582",2.53333333333333,3.88888888888889,0.555555555555555,0.1,0.27288,0.33097,0.13907,0.01208
"583",3.46666666666667,3.88888888888889,0.555555555555555,0.1,0.25696,0.34994,0.17784,0.0078
"584",4.4,3.88888888888889,0.555555555555555,0.1,0.2396,0.34463,0.19348,0.00556
"585",5.33333333333333,3.88888888888889,0.555555555555555,0.1,0.22456,0.33114,0.19384,0.0049
"586",6.26666666666667,3.88888888888889,0.555555555555555,0.1,0.21044,0.3172,0.18959,0.00452
"587",7.2,3.88888888888889,0.555555555555555,0.1,0.19875,0.30286,0.18334,0.00401
"588",8.13333333333333,3.88888888888889,0.555555555555555,0.1,0.18852,0.28894,0.17804,0.00378
"589",9.06666666666667,3.88888888888889,0.555555555555555,0.1,0.17959,0.27787,0.17254,0.00363
"590",10,3.88888888888889,0.555555555555555,0.1,0.1719,0.26768,0.16689,0.00335
"591",1.6,5,0.555555555555555,0.1,0.23845,0.17943,0.03636,0.01605
"592",2.53333333333333,5,0.555555555555555,0.1,0.24747,0.2656,0.09742,0.00499
"593",3.46666666666667,5,0.555555555555555,0.1,0.24081,0.30175,0.13986,0.0026
"594",4.4,5,0.555555555555555,0.1,0.22897,0.31176,0.16153,0.00159
"595",5.33333333333333,5,0.555555555555555,0.1,0.21672,0.30843,0.17149,0.00156
"596",6.26666666666667,5,0.555555555555555,0.1,0.20545,0.30044,0.17619,0.00125
"597",7.2,5,0.555555555555555,0.1,0.19523,0.29045,0.17228,0.00101
"598",8.13333333333333,5,0.555555555555555,0.1,0.18648,0.27957,0.16842,0.00099
"599",9.06666666666667,5,0.555555555555555,0.1,0.17797,0.26901,0.16363,0.00077
"600",10,5,0.555555555555555,0.1,0.17018,0.25985,0.16011,0.00075
"601",1.6,-5,1.66666666666667,0.1,0.23844,0.17683,0.03616,0.0163
"602",2.53333333333333,-5,1.66666666666667,0.1,0.24701,0.26102,0.09694,0.00495
"603",3.46666666666667,-5,1.66666666666667,0.1,0.23981,0.29868,0.14171,0.00279
"604",4.4,-5,1.66666666666667,0.1,0.22901,0.30778,0.16193,0.00178
"605",5.33333333333333,-5,1.66666666666667,0.1,0.21708,0.30595,0.17292,0.00151
"606",6.26666666666667,-5,1.66666666666667,0.1,0.206,0.29858,0.1733,0.00129
"607",7.2,-5,1.66666666666667,0.1,0.19607,0.28831,0.17073,0.00095
"608",8.13333333333333,-5,1.66666666666667,0.1,0.18586,0.2782,0.16813,0.001
"609",9.06666666666667,-5,1.66666666666667,0.1,0.17741,0.26897,0.16394,0.00101
"610",10,-5,1.66666666666667,0.1,0.17057,0.25957,0.16021,0.00083
"611",1.6,-3.88888888888889,1.66666666666667,0.1,0.27807,0.24648,0.06121,0.02754
"612",2.53333333333333,-3.88888888888889,1.66666666666667,0.1,0.27347,0.32712,0.14062,0.01149
"613",3.46666666666667,-3.88888888888889,1.66666666666667,0.1,0.25829,0.34522,0.17954,0.00705
"614",4.4,-3.88888888888889,1.66666666666667,0.1,0.24028,0.34122,0.19092,0.00617
"615",5.33333333333333,-3.88888888888889,1.66666666666667,0.1,0.2246,0.32953,0.19402,0.00506
"616",6.26666666666667,-3.88888888888889,1.66666666666667,0.1,0.21085,0.31624,0.18688,0.00447
"617",7.2,-3.88888888888889,1.66666666666667,0.1,0.19867,0.30273,0.18524,0.00413
"618",8.13333333333333,-3.88888888888889,1.66666666666667,0.1,0.18857,0.2889,0.17739,0.00391
"619",9.06666666666667,-3.88888888888889,1.66666666666667,0.1,0.17995,0.27707,0.17026,0.00332
"620",10,-3.88888888888889,1.66666666666667,0.1,0.172,0.26633,0.16527,0.00327
"621",1.6,-2.77777777777778,1.66666666666667,0.1,0.3252,0.35347,0.1183,0.05303
"622",2.53333333333333,-2.77777777777778,1.66666666666667,0.1,0.29965,0.40257,0.20191,0.03049
"623",3.46666666666667,-2.77777777777778,1.66666666666667,0.1,0.27221,0.39322,0.22303,0.02338
"624",4.4,-2.77777777777778,1.66666666666667,0.1,0.24905,0.373,0.21946,0.02181
"625",5.33333333333333,-2.77777777777778,1.66666666666667,0.1,0.22997,0.35187,0.2149,0.01936
"626",6.26666666666667,-2.77777777777778,1.66666666666667,0.1,0.21439,0.33088,0.20358,0.01804
"627",7.2,-2.77777777777778,1.66666666666667,0.1,0.20205,0.3129,0.19383,0.01761
"628",8.13333333333333,-2.77777777777778,1.66666666666667,0.1,0.19042,0.29777,0.18401,0.01634
"629",9.06666666666667,-2.77777777777778,1.66666666666667,0.1,0.18143,0.28373,0.17602,0.01572
"630",10,-2.77777777777778,1.66666666666667,0.1,0.17294,0.27148,0.17109,0.01561
"631",1.6,-1.66666666666667,1.66666666666667,0.1,0.37317,0.49764,0.2218,0.12626
"632",2.53333333333333,-1.66666666666667,1.66666666666667,0.1,0.32062,0.47521,0.27404,0.10143
"633",3.46666666666667,-1.66666666666667,1.66666666666667,0.1,0.28369,0.43331,0.26224,0.0922
"634",4.4,-1.66666666666667,1.66666666666667,0.1,0.25568,0.39803,0.24725,0.08739
"635",5.33333333333333,-1.66666666666667,1.66666666666667,0.1,0.23364,0.36677,0.229,0.08404
"636",6.26666666666667,-1.66666666666667,1.66666666666667,0.1,0.21692,0.34156,0.21487,0.08324
"637",7.2,-1.66666666666667,1.66666666666667,0.1,0.20333,0.31991,0.20217,0.08128
"638",8.13333333333333,-1.66666666666667,1.66666666666667,0.1,0.1917,0.30228,0.19073,0.08017
"639",9.06666666666667,-1.66666666666667,1.66666666666667,0.1,0.18202,0.28721,0.18278,0.07931
"640",10,-1.66666666666667,1.66666666666667,0.1,0.17346,0.27453,0.17564,0.07875
"641",1.6,-0.555555555555555,1.66666666666667,0.1,0.40697,0.62622,0.37799,0.44625
"642",2.53333333333333,-0.555555555555555,1.66666666666667,0.1,0.33567,0.52346,0.33054,0.43309
"643",3.46666666666667,-0.555555555555555,1.66666666666667,0.1,0.29056,0.45548,0.29024,0.42767
"644",4.4,-0.555555555555555,1.66666666666667,0.1,0.25914,0.40816,0.25994,0.42617
"645",5.33333333333333,-0.555555555555555,1.66666666666667,0.1,0.23637,0.37235,0.23949,0.42422
"646",6.26666666666667,-0.555555555555555,1.66666666666667,0.1,0.21922,0.34561,0.21994,0.42306
"647",7.2,-0.555555555555555,1.66666666666667,0.1,0.20485,0.32401,0.20537,0.42344
"648",8.13333333333333,-0.555555555555555,1.66666666666667,0.1,0.19285,0.30606,0.19323,0.42188
"649",9.06666666666667,-0.555555555555555,1.66666666666667,0.1,0.18294,0.2898,0.18491,0.4212
"650",10,-0.555555555555555,1.66666666666667,0.1,0.17463,0.2764,0.17606,0.42191
"651",1.6,0.555555555555555,1.66666666666667,0.1,0.40817,0.62815,0.38007,0.4463
"652",2.53333333333333,0.555555555555555,1.66666666666667,0.1,0.33466,0.52348,0.32858,0.43358
"653",3.46666666666667,0.555555555555555,1.66666666666667,0.1,0.29112,0.45581,0.28742,0.42885
"654",4.4,0.555555555555555,1.66666666666667,0.1,0.26039,0.40888,0.25881,0.42609
"655",5.33333333333333,0.555555555555555,1.66666666666667,0.1,0.2378,0.37417,0.23921,0.42547
"656",6.26666666666667,0.555555555555555,1.66666666666667,0.1,0.2194,0.34674,0.22063,0.42433
"657",7.2,0.555555555555555,1.66666666666667,0.1,0.2056,0.32447,0.20658,0.42338
"658",8.13333333333333,0.555555555555555,1.66666666666667,0.1,0.19392,0.3057,0.19444,0.42284
"659",9.06666666666667,0.555555555555555,1.66666666666667,0.1,0.18383,0.29078,0.18705,0.42114
"660",10,0.555555555555555,1.66666666666667,0.1,0.17542,0.27731,0.17624,0.41964
"661",1.6,1.66666666666667,1.66666666666667,0.1,0.37316,0.50227,0.22179,0.128
"662",2.53333333333333,1.66666666666667,1.66666666666667,0.1,0.32117,0.47768,0.2745,0.10218
"663",3.46666666666667,1.66666666666667,1.66666666666667,0.1,0.2834,0.43305,0.26292,0.09152
"664",4.4,1.66666666666667,1.66666666666667,0.1,0.25687,0.39596,0.24713,0.08723
"665",5.33333333333333,1.66666666666667,1.66666666666667,0.1,0.23567,0.36542,0.23,0.08603
"666",6.26666666666667,1.66666666666667,1.66666666666667,0.1,0.21912,0.34127,0.21337,0.08273
"667",7.2,1.66666666666667,1.66666666666667,0.1,0.20455,0.32125,0.20168,0.08139
"668",8.13333333333333,1.66666666666667,1.66666666666667,0.1,0.19292,0.30345,0.18989,0.08078
"669",9.06666666666667,1.66666666666667,1.66666666666667,0.1,0.18267,0.28895,0.18202,0.07937
"670",10,1.66666666666667,1.66666666666667,0.1,0.17455,0.27563,0.17284,0.07833
"671",1.6,2.77777777777778,1.66666666666667,0.1,0.32369,0.35838,0.11668,0.05288
"672",2.53333333333333,2.77777777777778,1.66666666666667,0.1,0.30008,0.40694,0.20226,0.03004
"673",3.46666666666667,2.77777777777778,1.66666666666667,0.1,0.27306,0.39667,0.2226,0.02415
"674",4.4,2.77777777777778,1.66666666666667,0.1,0.24959,0.37457,0.22255,0.02055
"675",5.33333333333333,2.77777777777778,1.66666666666667,0.1,0.23075,0.35204,0.21392,0.01956
"676",6.26666666666667,2.77777777777778,1.66666666666667,0.1,0.21491,0.33101,0.20436,0.01782
"677",7.2,2.77777777777778,1.66666666666667,0.1,0.20216,0.31319,0.19449,0.0169
"678",8.13333333333333,2.77777777777778,1.66666666666667,0.1,0.19129,0.29819,0.18663,0.01653
"679",9.06666666666667,2.77777777777778,1.66666666666667,0.1,0.18173,0.28467,0.17808,0.01615
"680",10,2.77777777777778,1.66666666666667,0.1,0.17337,0.27205,0.16963,0.01556
"681",1.6,3.88888888888889,1.66666666666667,0.1,0.27834,0.25007,0.06212,0.02771
"682",2.53333333333333,3.88888888888889,1.66666666666667,0.1,0.27288,0.33097,0.14025,0.01137
"683",3.46666666666667,3.88888888888889,1.66666666666667,0.1,0.25696,0.34994,0.17664,0.00725
"684",4.4,3.88888888888889,1.66666666666667,0.1,0.2396,0.34463,0.19108,0.00565
"685",5.33333333333333,3.88888888888889,1.66666666666667,0.1,0.22456,0.33114,0.19587,0.00515
"686",6.26666666666667,3.88888888888889,1.66666666666667,0.1,0.21044,0.3172,0.19127,0.00428
"687",7.2,3.88888888888889,1.66666666666667,0.1,0.19875,0.30286,0.1844,0.00397
"688",8.13333333333333,3.88888888888889,1.66666666666667,0.1,0.18852,0.28894,0.17765,0.00375
"689",9.06666666666667,3.88888888888889,1.66666666666667,0.1,0.17959,0.27787,0.17368,0.00359
"690",10,3.88888888888889,1.66666666666667,0.1,0.1719,0.26768,0.16509,0.00348
"691",1.6,5,1.66666666666667,0.1,0.23845,0.17943,0.03546,0.0161
"692",2.53333333333333,5,1.66666666666667,0.1,0.24747,0.2656,0.09814,0.00501
"693",3.46666666666667,5,1.66666666666667,0.1,0.24081,0.30175,0.13957,0.00246
"694",4.4,5,1.66666666666667,0.1,0.22897,0.31176,0.16248,0.00196
"695",5.33333333333333,5,1.66666666666667,0.1,0.21672,0.30843,0.17127,0.00139
"696",6.26666666666667,5,1.66666666666667,0.1,0.20545,0.30044,0.1719,0.00117
"697",7.2,5,1.66666666666667,0.1,0.19523,0.29045,0.17361,0.001
"698",8.13333333333333,5,1.66666666666667,0.1,0.18648,0.27957,0.17123,9e-04
"699",9.06666666666667,5,1.66666666666667,0.1,0.17797,0.26901,0.16382,0.00081
"700",10,5,1.66666666666667,0.1,0.17018,0.25985,0.15959,0.00093
"701",1.6,-5,2.77777777777778,0.1,0.23844,0.17683,0.03644,0.01641
"702",2.53333333333333,-5,2.77777777777778,0.1,0.24701,0.26102,0.09573,0.00524
"703",3.46666666666667,-5,2.77777777777778,0.1,0.23981,0.29868,0.1404,0.00251
"704",4.4,-5,2.77777777777778,0.1,0.22901,0.30778,0.16078,0.00174
"705",5.33333333333333,-5,2.77777777777778,0.1,0.21708,0.30595,0.16999,0.00139
"706",6.26666666666667,-5,2.77777777777778,0.1,0.206,0.29858,0.17269,0.00121
"707",7.2,-5,2.77777777777778,0.1,0.19607,0.28831,0.17109,0.00115
"708",8.13333333333333,-5,2.77777777777778,0.1,0.18586,0.2782,0.1693,0.00093
"709",9.06666666666667,-5,2.77777777777778,0.1,0.17741,0.26897,0.1655,0.00085
"710",10,-5,2.77777777777778,0.1,0.17057,0.25957,0.16011,0.00082
"711",1.6,-3.88888888888889,2.77777777777778,0.1,0.27807,0.24648,0.0631,0.02711
"712",2.53333333333333,-3.88888888888889,2.77777777777778,0.1,0.27347,0.32712,0.13978,0.01128
"713",3.46666666666667,-3.88888888888889,2.77777777777778,0.1,0.25829,0.34522,0.17959,0.0075
"714",4.4,-3.88888888888889,2.77777777777778,0.1,0.24028,0.34122,0.1912,0.00573
"715",5.33333333333333,-3.88888888888889,2.77777777777778,0.1,0.2246,0.32953,0.19374,0.00465
"716",6.26666666666667,-3.88888888888889,2.77777777777778,0.1,0.21085,0.31624,0.19106,0.00464
"717",7.2,-3.88888888888889,2.77777777777778,0.1,0.19867,0.30273,0.1845,0.00399
"718",8.13333333333333,-3.88888888888889,2.77777777777778,0.1,0.18857,0.2889,0.17828,0.00389
"719",9.06666666666667,-3.88888888888889,2.77777777777778,0.1,0.17995,0.27707,0.17367,0.00377
"720",10,-3.88888888888889,2.77777777777778,0.1,0.172,0.26633,0.16621,0.00364
"721",1.6,-2.77777777777778,2.77777777777778,0.1,0.3252,0.35347,0.11613,0.05366
"722",2.53333333333333,-2.77777777777778,2.77777777777778,0.1,0.29965,0.40257,0.20159,0.03054
"723",3.46666666666667,-2.77777777777778,2.77777777777778,0.1,0.27221,0.39322,0.22215,0.02343
"724",4.4,-2.77777777777778,2.77777777777778,0.1,0.24905,0.373,0.22032,0.02091
"725",5.33333333333333,-2.77777777777778,2.77777777777778,0.1,0.22997,0.35187,0.2144,0.01925
"726",6.26666666666667,-2.77777777777778,2.77777777777778,0.1,0.21439,0.33088,0.20456,0.0183
"727",7.2,-2.77777777777778,2.77777777777778,0.1,0.20205,0.3129,0.19611,0.01688
"728",8.13333333333333,-2.77777777777778,2.77777777777778,0.1,0.19042,0.29777,0.18658,0.01645
"729",9.06666666666667,-2.77777777777778,2.77777777777778,0.1,0.18143,0.28373,0.17873,0.01645
"730",10,-2.77777777777778,2.77777777777778,0.1,0.17294,0.27148,0.17094,0.01557
"731",1.6,-1.66666666666667,2.77777777777778,0.1,0.37317,0.49764,0.22677,0.12768
"732",2.53333333333333,-1.66666666666667,2.77777777777778,0.1,0.32062,0.47521,0.27476,0.10148
"733",3.46666666666667,-1.66666666666667,2.77777777777778,0.1,0.28369,0.43331,0.26325,0.09317
"734",4.4,-1.66666666666667,2.77777777777778,0.1,0.25568,0.39803,0.24352,0.0882
"735",5.33333333333333,-1.66666666666667,2.77777777777778,0.1,0.23364,0.36677,0.22715,0.08508
"736",6.26666666666667,-1.66666666666667,2.77777777777778,0.1,0.21692,0.34156,0.21361,0.08221
"737",7.2,-1.66666666666667,2.77777777777778,0.1,0.20333,0.31991,0.20348,0.08156
"738",8.13333333333333,-1.66666666666667,2.77777777777778,0.1,0.1917,0.30228,0.19103,0.0803
"739",9.06666666666667,-1.66666666666667,2.77777777777778,0.1,0.18202,0.28721,0.18193,0.07999
"740",10,-1.66666666666667,2.77777777777778,0.1,0.17346,0.27453,0.17364,0.07873
"741",1.6,-0.555555555555555,2.77777777777778,0.1,0.40697,0.62622,0.37942,0.44487
"742",2.53333333333333,-0.555555555555555,2.77777777777778,0.1,0.33567,0.52346,0.33034,0.43569
"743",3.46666666666667,-0.555555555555555,2.77777777777778,0.1,0.29056,0.45548,0.28908,0.42881
"744",4.4,-0.555555555555555,2.77777777777778,0.1,0.25914,0.40816,0.25792,0.42626
"745",5.33333333333333,-0.555555555555555,2.77777777777778,0.1,0.23637,0.37235,0.23764,0.42522
"746",6.26666666666667,-0.555555555555555,2.77777777777778,0.1,0.21922,0.34561,0.22037,0.42317
"747",7.2,-0.555555555555555,2.77777777777778,0.1,0.20485,0.32401,0.20455,0.42308
"748",8.13333333333333,-0.555555555555555,2.77777777777778,0.1,0.19285,0.30606,0.19563,0.42185
"749",9.06666666666667,-0.555555555555555,2.77777777777778,0.1,0.18294,0.2898,0.18585,0.42101
"750",10,-0.555555555555555,2.77777777777778,0.1,0.17463,0.2764,0.17652,0.42115
"751",1.6,0.555555555555555,2.77777777777778,0.1,0.40817,0.62815,0.38021,0.44442
"752",2.53333333333333,0.555555555555555,2.77777777777778,0.1,0.33466,0.52348,0.32734,0.43273
"753",3.46666666666667,0.555555555555555,2.77777777777778,0.1,0.29112,0.45581,0.28889,0.43029
"754",4.4,0.555555555555555,2.77777777777778,0.1,0.26039,0.40888,0.26119,0.42738
"755",5.33333333333333,0.555555555555555,2.77777777777778,0.1,0.2378,0.37417,0.23699,0.42485
"756",6.26666666666667,0.555555555555555,2.77777777777778,0.1,0.2194,0.34674,0.22104,0.42331
"757",7.2,0.555555555555555,2.77777777777778,0.1,0.2056,0.32447,0.20678,0.42208
"758",8.13333333333333,0.555555555555555,2.77777777777778,0.1,0.19392,0.3057,0.19526,0.42246
"759",9.06666666666667,0.555555555555555,2.77777777777778,0.1,0.18383,0.29078,0.18523,0.42229
"760",10,0.555555555555555,2.77777777777778,0.1,0.17542,0.27731,0.17613,0.42159
"761",1.6,1.66666666666667,2.77777777777778,0.1,0.37316,0.50227,0.22411,0.12706
"762",2.53333333333333,1.66666666666667,2.77777777777778,0.1,0.32117,0.47768,0.2732,0.10086
"763",3.46666666666667,1.66666666666667,2.77777777777778,0.1,0.2834,0.43305,0.26658,0.09175
"764",4.4,1.66666666666667,2.77777777777778,0.1,0.25687,0.39596,0.24563,0.08691
"765",5.33333333333333,1.66666666666667,2.77777777777778,0.1,0.23567,0.36542,0.22904,0.08385
"766",6.26666666666667,1.66666666666667,2.77777777777778,0.1,0.21912,0.34127,0.21508,0.08292
"767",7.2,1.66666666666667,2.77777777777778,0.1,0.20455,0.32125,0.20139,0.08142
"768",8.13333333333333,1.66666666666667,2.77777777777778,0.1,0.19292,0.30345,0.19021,0.0796
"769",9.06666666666667,1.66666666666667,2.77777777777778,0.1,0.18267,0.28895,0.18275,0.07929
"770",10,1.66666666666667,2.77777777777778,0.1,0.17455,0.27563,0.17428,0.07906
"771",1.6,2.77777777777778,2.77777777777778,0.1,0.32369,0.35838,0.11535,0.0533
"772",2.53333333333333,2.77777777777778,2.77777777777778,0.1,0.30008,0.40694,0.20102,0.03157
"773",3.46666666666667,2.77777777777778,2.77777777777778,0.1,0.27306,0.39667,0.2211,0.02367
"774",4.4,2.77777777777778,2.77777777777778,0.1,0.24959,0.37457,0.22349,0.02089
"775",5.33333333333333,2.77777777777778,2.77777777777778,0.1,0.23075,0.35204,0.2144,0.01942
"776",6.26666666666667,2.77777777777778,2.77777777777778,0.1,0.21491,0.33101,0.20427,0.01812
"777",7.2,2.77777777777778,2.77777777777778,0.1,0.20216,0.31319,0.19501,0.01692
"778",8.13333333333333,2.77777777777778,2.77777777777778,0.1,0.19129,0.29819,0.18643,0.01689
"779",9.06666666666667,2.77777777777778,2.77777777777778,0.1,0.18173,0.28467,0.17886,0.01609
"780",10,2.77777777777778,2.77777777777778,0.1,0.17337,0.27205,0.16926,0.01596
"781",1.6,3.88888888888889,2.77777777777778,0.1,0.27834,0.25007,0.06309,0.02744
"782",2.53333333333333,3.88888888888889,2.77777777777778,0.1,0.27288,0.33097,0.14193,0.01118
"783",3.46666666666667,3.88888888888889,2.77777777777778,0.1,0.25696,0.34994,0.17843,0.00745
"784",4.4,3.88888888888889,2.77777777777778,0.1,0.2396,0.34463,0.193,0.00567
"785",5.33333333333333,3.88888888888889,2.77777777777778,0.1,0.22456,0.33114,0.19453,0.00466
"786",6.26666666666667,3.88888888888889,2.77777777777778,0.1,0.21044,0.3172,0.18833,0.00426
"787",7.2,3.88888888888889,2.77777777777778,0.1,0.19875,0.30286,0.18357,0.00414
"788",8.13333333333333,3.88888888888889,2.77777777777778,0.1,0.18852,0.28894,0.17867,0.00381
"789",9.06666666666667,3.88888888888889,2.77777777777778,0.1,0.17959,0.27787,0.17106,0.0037
"790",10,3.88888888888889,2.77777777777778,0.1,0.1719,0.26768,0.16708,0.00359
"791",1.6,5,2.77777777777778,0.1,0.23845,0.17943,0.03642,0.01694
"792",2.53333333333333,5,2.77777777777778,0.1,0.24747,0.2656,0.09601,0.00488
"793",3.46666666666667,5,2.77777777777778,0.1,0.24081,0.30175,0.14047,0.00271
"794",4.4,5,2.77777777777778,0.1,0.22897,0.31176,0.16352,0.00187
"795",5.33333333333333,5,2.77777777777778,0.1,0.21672,0.30843,0.16975,0.00143
"796",6.26666666666667,5,2.77777777777778,0.1,0.20545,0.30044,0.17357,0.00124
"797",7.2,5,2.77777777777778,0.1,0.19523,0.29045,0.17305,0.00102
"798",8.13333333333333,5,2.77777777777778,0.1,0.18648,0.27957,0.16843,0.00094
"799",9.06666666666667,5,2.77777777777778,0.1,0.17797,0.26901,0.16397,0.00095
"800",10,5,2.77777777777778,0.1,0.17018,0.25985,0.16069,0.00095
"801",1.6,-5,3.88888888888889,0.1,0.23844,0.17683,0.03549,0.01663
"802",2.53333333333333,-5,3.88888888888889,0.1,0.24701,0.26102,0.09666,0.00488
"803",3.46666666666667,-5,3.88888888888889,0.1,0.23981,0.29868,0.13749,0.00254
"804",4.4,-5,3.88888888888889,0.1,0.22901,0.30778,0.16137,0.00201
"805",5.33333333333333,-5,3.88888888888889,0.1,0.21708,0.30595,0.1698,0.00142
"806",6.26666666666667,-5,3.88888888888889,0.1,0.206,0.29858,0.173,0.00118
"807",7.2,-5,3.88888888888889,0.1,0.19607,0.28831,0.17209,0.00118
"808",8.13333333333333,-5,3.88888888888889,0.1,0.18586,0.2782,0.168,0.00081
"809",9.06666666666667,-5,3.88888888888889,0.1,0.17741,0.26897,0.16427,0.00087
"810",10,-5,3.88888888888889,0.1,0.17057,0.25957,0.15962,0.00087
"811",1.6,-3.88888888888889,3.88888888888889,0.1,0.27807,0.24648,0.06243,0.02653
"812",2.53333333333333,-3.88888888888889,3.88888888888889,0.1,0.27347,0.32712,0.14266,0.0111
"813",3.46666666666667,-3.88888888888889,3.88888888888889,0.1,0.25829,0.34522,0.18041,0.00788
"814",4.4,-3.88888888888889,3.88888888888889,0.1,0.24028,0.34122,0.19258,0.0058
"815",5.33333333333333,-3.88888888888889,3.88888888888889,0.1,0.2246,0.32953,0.19328,0.00485
"816",6.26666666666667,-3.88888888888889,3.88888888888889,0.1,0.21085,0.31624,0.18988,0.00429
"817",7.2,-3.88888888888889,3.88888888888889,0.1,0.19867,0.30273,0.18401,0.00428
"818",8.13333333333333,-3.88888888888889,3.88888888888889,0.1,0.18857,0.2889,0.17904,0.00401
"819",9.06666666666667,-3.88888888888889,3.88888888888889,0.1,0.17995,0.27707,0.17128,0.00345
"820",10,-3.88888888888889,3.88888888888889,0.1,0.172,0.26633,0.16444,0.00368
"821",1.6,-2.77777777777778,3.88888888888889,0.1,0.3252,0.35347,0.11564,0.05329
"822",2.53333333333333,-2.77777777777778,3.88888888888889,0.1,0.29965,0.40257,0.20291,0.03126
"823",3.46666666666667,-2.77777777777778,3.88888888888889,0.1,0.27221,0.39322,0.22282,0.02398
"824",4.4,-2.77777777777778,3.88888888888889,0.1,0.24905,0.373,0.22196,0.02122
"825",5.33333333333333,-2.77777777777778,3.88888888888889,0.1,0.22997,0.35187,0.21327,0.01934
"826",6.26666666666667,-2.77777777777778,3.88888888888889,0.1,0.21439,0.33088,0.20148,0.01774
"827",7.2,-2.77777777777778,3.88888888888889,0.1,0.20205,0.3129,0.19378,0.017
"828",8.13333333333333,-2.77777777777778,3.88888888888889,0.1,0.19042,0.29777,0.18596,0.017
"829",9.06666666666667,-2.77777777777778,3.88888888888889,0.1,0.18143,0.28373,0.17719,0.01577
"830",10,-2.77777777777778,3.88888888888889,0.1,0.17294,0.27148,0.17363,0.01576
"831",1.6,-1.66666666666667,3.88888888888889,0.1,0.37317,0.49764,0.22429,0.12727
"832",2.53333333333333,-1.66666666666667,3.88888888888889,0.1,0.32062,0.47521,0.27339,0.10136
"833",3.46666666666667,-1.66666666666667,3.88888888888889,0.1,0.28369,0.43331,0.26401,0.09267
"834",4.4,-1.66666666666667,3.88888888888889,0.1,0.25568,0.39803,0.24363,0.08754
"835",5.33333333333333,-1.66666666666667,3.88888888888889,0.1,0.23364,0.36677,0.22885,0.08448
"836",6.26666666666667,-1.66666666666667,3.88888888888889,0.1,0.21692,0.34156,0.21813,0.08367
"837",7.2,-1.66666666666667,3.88888888888889,0.1,0.20333,0.31991,0.2,0.08155
"838",8.13333333333333,-1.66666666666667,3.88888888888889,0.1,0.1917,0.30228,0.19261,0.08103
"839",9.06666666666667,-1.66666666666667,3.88888888888889,0.1,0.18202,0.28721,0.18244,0.08041
"840",10,-1.66666666666667,3.88888888888889,0.1,0.17346,0.27453,0.17481,0.07929
"841",1.6,-0.555555555555555,3.88888888888889,0.1,0.40697,0.62622,0.37806,0.44726
"842",2.53333333333333,-0.555555555555555,3.88888888888889,0.1,0.33567,0.52346,0.32959,0.43374
"843",3.46666666666667,-0.555555555555555,3.88888888888889,0.1,0.29056,0.45548,0.28982,0.42759
"844",4.4,-0.555555555555555,3.88888888888889,0.1,0.25914,0.40816,0.25823,0.4258
"845",5.33333333333333,-0.555555555555555,3.88888888888889,0.1,0.23637,0.37235,0.23852,0.42503
"846",6.26666666666667,-0.555555555555555,3.88888888888889,0.1,0.21922,0.34561,0.22048,0.42321
"847",7.2,-0.555555555555555,3.88888888888889,0.1,0.20485,0.32401,0.20725,0.42338
"848",8.13333333333333,-0.555555555555555,3.88888888888889,0.1,0.19285,0.30606,0.19298,0.42069
"849",9.06666666666667,-0.555555555555555,3.88888888888889,0.1,0.18294,0.2898,0.1827,0.42179
"850",10,-0.555555555555555,3.88888888888889,0.1,0.17463,0.2764,0.17436,0.42116
"851",1.6,0.555555555555555,3.88888888888889,0.1,0.40817,0.62815,0.38039,0.44782
"852",2.53333333333333,0.555555555555555,3.88888888888889,0.1,0.33466,0.52348,0.32962,0.43489
"853",3.46666666666667,0.555555555555555,3.88888888888889,0.1,0.29112,0.45581,0.29166,0.42759
"854",4.4,0.555555555555555,3.88888888888889,0.1,0.26039,0.40888,0.25957,0.42587
"855",5.33333333333333,0.555555555555555,3.88888888888889,0.1,0.2378,0.37417,0.23858,0.42588
"856",6.26666666666667,0.555555555555555,3.88888888888889,0.1,0.2194,0.34674,0.22099,0.4229
"857",7.2,0.555555555555555,3.88888888888889,0.1,0.2056,0.32447,0.20578,0.42269
"858",8.13333333333333,0.555555555555555,3.88888888888889,0.1,0.19392,0.3057,0.1965,0.42182
"859",9.06666666666667,0.555555555555555,3.88888888888889,0.1,0.18383,0.29078,0.18407,0.42164
"860",10,0.555555555555555,3.88888888888889,0.1,0.17542,0.27731,0.17638,0.42041
"861",1.6,1.66666666666667,3.88888888888889,0.1,0.37316,0.50227,0.22272,0.12784
"862",2.53333333333333,1.66666666666667,3.88888888888889,0.1,0.32117,0.47768,0.27311,0.10227
"863",3.46666666666667,1.66666666666667,3.88888888888889,0.1,0.2834,0.43305,0.26514,0.09171
"864",4.4,1.66666666666667,3.88888888888889,0.1,0.25687,0.39596,0.24616,0.08829
"865",5.33333333333333,1.66666666666667,3.88888888888889,0.1,0.23567,0.36542,0.22682,0.08414
"866",6.26666666666667,1.66666666666667,3.88888888888889,0.1,0.21912,0.34127,0.21376,0.08282
"867",7.2,1.66666666666667,3.88888888888889,0.1,0.20455,0.32125,0.20173,0.08165
"868",8.13333333333333,1.66666666666667,3.88888888888889,0.1,0.19292,0.30345,0.19197,0.08037
"869",9.06666666666667,1.66666666666667,3.88888888888889,0.1,0.18267,0.28895,0.18384,0.08015
"870",10,1.66666666666667,3.88888888888889,0.1,0.17455,0.27563,0.17576,0.07934
"871",1.6,2.77777777777778,3.88888888888889,0.1,0.32369,0.35838,0.11682,0.05332
"872",2.53333333333333,2.77777777777778,3.88888888888889,0.1,0.30008,0.40694,0.20201,0.0308
"873",3.46666666666667,2.77777777777778,3.88888888888889,0.1,0.27306,0.39667,0.22323,0.02394
"874",4.4,2.77777777777778,3.88888888888889,0.1,0.24959,0.37457,0.22365,0.02074
"875",5.33333333333333,2.77777777777778,3.88888888888889,0.1,0.23075,0.35204,0.21221,0.01903
"876",6.26666666666667,2.77777777777778,3.88888888888889,0.1,0.21491,0.33101,0.20355,0.01813
"877",7.2,2.77777777777778,3.88888888888889,0.1,0.20216,0.31319,0.19596,0.01683
"878",8.13333333333333,2.77777777777778,3.88888888888889,0.1,0.19129,0.29819,0.18575,0.01665
"879",9.06666666666667,2.77777777777778,3.88888888888889,0.1,0.18173,0.28467,0.17944,0.01597
"880",10,2.77777777777778,3.88888888888889,0.1,0.17337,0.27205,0.17006,0.0154
"881",1.6,3.88888888888889,3.88888888888889,0.1,0.27834,0.25007,0.06178,0.02758
"882",2.53333333333333,3.88888888888889,3.88888888888889,0.1,0.27288,0.33097,0.14105,0.01224
"883",3.46666666666667,3.88888888888889,3.88888888888889,0.1,0.25696,0.34994,0.18014,0.00752
"884",4.4,3.88888888888889,3.88888888888889,0.1,0.2396,0.34463,0.19299,0.00586
"885",5.33333333333333,3.88888888888889,3.88888888888889,0.1,0.22456,0.33114,0.19211,0.00492
"886",6.26666666666667,3.88888888888889,3.88888888888889,0.1,0.21044,0.3172,0.1875,0.00427
"887",7.2,3.88888888888889,3.88888888888889,0.1,0.19875,0.30286,0.18137,0.00418
"888",8.13333333333333,3.88888888888889,3.88888888888889,0.1,0.18852,0.28894,0.17841,0.00412
"889",9.06666666666667,3.88888888888889,3.88888888888889,0.1,0.17959,0.27787,0.1726,0.00361
"890",10,3.88888888888889,3.88888888888889,0.1,0.1719,0.26768,0.1643,0.00348
"891",1.6,5,3.88888888888889,0.1,0.23845,0.17943,0.03589,0.01615
"892",2.53333333333333,5,3.88888888888889,0.1,0.24747,0.2656,0.09657,0.00509
"893",3.46666666666667,5,3.88888888888889,0.1,0.24081,0.30175,0.13964,0.00285
"894",4.4,5,3.88888888888889,0.1,0.22897,0.31176,0.16271,0.00201
"895",5.33333333333333,5,3.88888888888889,0.1,0.21672,0.30843,0.17027,0.00128
"896",6.26666666666667,5,3.88888888888889,0.1,0.20545,0.30044,0.17276,0.00128
"897",7.2,5,3.88888888888889,0.1,0.19523,0.29045,0.17294,0.00124
"898",8.13333333333333,5,3.88888888888889,0.1,0.18648,0.27957,0.16742,0.00094
"899",9.06666666666667,5,3.88888888888889,0.1,0.17797,0.26901,0.16509,0.00098
"900",10,5,3.88888888888889,0.1,0.17018,0.25985,0.16117,0.00075
"901",1.6,-5,5,0.1,0.23844,0.17683,0.03631,0.01569
"902",2.53333333333333,-5,5,0.1,0.24701,0.26102,0.09627,0.00506
"903",3.46666666666667,-5,5,0.1,0.23981,0.29868,0.13942,0.00276
"904",4.4,-5,5,0.1,0.22901,0.30778,0.16162,0.00182
"905",5.33333333333333,-5,5,0.1,0.21708,0.30595,0.16948,0.00143
"906",6.26666666666667,-5,5,0.1,0.206,0.29858,0.1724,0.00099
"907",7.2,-5,5,0.1,0.19607,0.28831,0.17557,0.00106
"908",8.13333333333333,-5,5,0.1,0.18586,0.2782,0.16697,0.00085
"909",9.06666666666667,-5,5,0.1,0.17741,0.26897,0.16479,0.00074
"910",10,-5,5,0.1,0.17057,0.25957,0.16017,7e-04
"911",1.6,-3.88888888888889,5,0.1,0.27807,0.24648,0.06301,0.02605
"912",2.53333333333333,-3.88888888888889,5,0.1,0.27347,0.32712,0.14095,0.01152
"913",3.46666666666667,-3.88888888888889,5,0.1,0.25829,0.34522,0.17964,0.00741
"914",4.4,-3.88888888888889,5,0.1,0.24028,0.34122,0.19141,0.00572
"915",5.33333333333333,-3.88888888888889,5,0.1,0.2246,0.32953,0.19386,0.00519
"916",6.26666666666667,-3.88888888888889,5,0.1,0.21085,0.31624,0.193,0.00422
"917",7.2,-3.88888888888889,5,0.1,0.19867,0.30273,0.18386,0.00407
"918",8.13333333333333,-3.88888888888889,5,0.1,0.18857,0.2889,0.17885,0.00371
"919",9.06666666666667,-3.88888888888889,5,0.1,0.17995,0.27707,0.17144,0.00342
"920",10,-3.88888888888889,5,0.1,0.172,0.26633,0.16543,0.0035
"921",1.6,-2.77777777777778,5,0.1,0.3252,0.35347,0.11686,0.05274
"922",2.53333333333333,-2.77777777777778,5,0.1,0.29965,0.40257,0.20112,0.03104
"923",3.46666666666667,-2.77777777777778,5,0.1,0.27221,0.39322,0.22613,0.02352
"924",4.4,-2.77777777777778,5,0.1,0.24905,0.373,0.2223,0.02158
"925",5.33333333333333,-2.77777777777778,5,0.1,0.22997,0.35187,0.21358,0.01886
"926",6.26666666666667,-2.77777777777778,5,0.1,0.21439,0.33088,0.20491,0.01822
"927",7.2,-2.77777777777778,5,0.1,0.20205,0.3129,0.19401,0.01728
"928",8.13333333333333,-2.77777777777778,5,0.1,0.19042,0.29777,0.18796,0.01642
"929",9.06666666666667,-2.77777777777778,5,0.1,0.18143,0.28373,0.17891,0.01655
"930",10,-2.77777777777778,5,0.1,0.17294,0.27148,0.16926,0.01651
"931",1.6,-1.66666666666667,5,0.1,0.37317,0.49764,0.22518,0.12928
"932",2.53333333333333,-1.66666666666667,5,0.1,0.32062,0.47521,0.27399,0.10186
"933",3.46666666666667,-1.66666666666667,5,0.1,0.28369,0.43331,0.26326,0.09198
"934",4.4,-1.66666666666667,5,0.1,0.25568,0.39803,0.24382,0.08808
"935",5.33333333333333,-1.66666666666667,5,0.1,0.23364,0.36677,0.22828,0.0839
"936",6.26666666666667,-1.66666666666667,5,0.1,0.21692,0.34156,0.21608,0.08217
"937",7.2,-1.66666666666667,5,0.1,0.20333,0.31991,0.20263,0.08139
"938",8.13333333333333,-1.66666666666667,5,0.1,0.1917,0.30228,0.19052,0.07967
"939",9.06666666666667,-1.66666666666667,5,0.1,0.18202,0.28721,0.18215,0.07943
"940",10,-1.66666666666667,5,0.1,0.17346,0.27453,0.17531,0.07829
"941",1.6,-0.555555555555555,5,0.1,0.40697,0.62622,0.37836,0.44714
"942",2.53333333333333,-0.555555555555555,5,0.1,0.33567,0.52346,0.33065,0.43373
"943",3.46666666666667,-0.555555555555555,5,0.1,0.29056,0.45548,0.28883,0.42883
"944",4.4,-0.555555555555555,5,0.1,0.25914,0.40816,0.26091,0.42672
"945",5.33333333333333,-0.555555555555555,5,0.1,0.23637,0.37235,0.23649,0.42545
"946",6.26666666666667,-0.555555555555555,5,0.1,0.21922,0.34561,0.21905,0.42381
"947",7.2,-0.555555555555555,5,0.1,0.20485,0.32401,0.20801,0.42247
"948",8.13333333333333,-0.555555555555555,5,0.1,0.19285,0.30606,0.19344,0.42137
"949",9.06666666666667,-0.555555555555555,5,0.1,0.18294,0.2898,0.18825,0.42184
"950",10,-0.555555555555555,5,0.1,0.17463,0.2764,0.17564,0.42066
"951",1.6,0.555555555555555,5,0.1,0.40817,0.62815,0.37733,0.44704
"952",2.53333333333333,0.555555555555555,5,0.1,0.33466,0.52348,0.32994,0.43187
"953",3.46666666666667,0.555555555555555,5,0.1,0.29112,0.45581,0.28911,0.42947
"954",4.4,0.555555555555555,5,0.1,0.26039,0.40888,0.25909,0.4274
"955",5.33333333333333,0.555555555555555,5,0.1,0.2378,0.37417,0.2385,0.42457
"956",6.26666666666667,0.555555555555555,5,0.1,0.2194,0.34674,0.22147,0.423
"957",7.2,0.555555555555555,5,0.1,0.2056,0.32447,0.20468,0.42281
"958",8.13333333333333,0.555555555555555,5,0.1,0.19392,0.3057,0.19517,0.42147
"959",9.06666666666667,0.555555555555555,5,0.1,0.18383,0.29078,0.18399,0.4208
"960",10,0.555555555555555,5,0.1,0.17542,0.27731,0.17645,0.42114
"961",1.6,1.66666666666667,5,0.1,0.37316,0.50227,0.22573,0.12844
"962",2.53333333333333,1.66666666666667,5,0.1,0.32117,0.47768,0.275,0.10192
"963",3.46666666666667,1.66666666666667,5,0.1,0.2834,0.43305,0.26597,0.09223
"964",4.4,1.66666666666667,5,0.1,0.25687,0.39596,0.24421,0.08737
"965",5.33333333333333,1.66666666666667,5,0.1,0.23567,0.36542,0.23125,0.08511
"966",6.26666666666667,1.66666666666667,5,0.1,0.21912,0.34127,0.21442,0.08309
"967",7.2,1.66666666666667,5,0.1,0.20455,0.32125,0.20067,0.0818
"968",8.13333333333333,1.66666666666667,5,0.1,0.19292,0.30345,0.19247,0.08109
"969",9.06666666666667,1.66666666666667,5,0.1,0.18267,0.28895,0.18292,0.07929
"970",10,1.66666666666667,5,0.1,0.17455,0.27563,0.17301,0.0788
"971",1.6,2.77777777777778,5,0.1,0.32369,0.35838,0.11534,0.05176
"972",2.53333333333333,2.77777777777778,5,0.1,0.30008,0.40694,0.20131,0.0307
"973",3.46666666666667,2.77777777777778,5,0.1,0.27306,0.39667,0.22315,0.02397
"974",4.4,2.77777777777778,5,0.1,0.24959,0.37457,0.22246,0.02112
"975",5.33333333333333,2.77777777777778,5,0.1,0.23075,0.35204,0.21111,0.01963
"976",6.26666666666667,2.77777777777778,5,0.1,0.21491,0.33101,0.20402,0.0183
"977",7.2,2.77777777777778,5,0.1,0.20216,0.31319,0.19619,0.01752
"978",8.13333333333333,2.77777777777778,5,0.1,0.19129,0.29819,0.18718,0.0163
"979",9.06666666666667,2.77777777777778,5,0.1,0.18173,0.28467,0.17881,0.01638
"980",10,2.77777777777778,5,0.1,0.17337,0.27205,0.17028,0.01589
"981",1.6,3.88888888888889,5,0.1,0.27834,0.25007,0.06217,0.02685
"982",2.53333333333333,3.88888888888889,5,0.1,0.27288,0.33097,0.14098,0.01165
"983",3.46666666666667,3.88888888888889,5,0.1,0.25696,0.34994,0.18107,0.00711
"984",4.4,3.88888888888889,5,0.1,0.2396,0.34463,0.19244,0.00606
"985",5.33333333333333,3.88888888888889,5,0.1,0.22456,0.33114,0.19149,0.00498
"986",6.26666666666667,3.88888888888889,5,0.1,0.21044,0.3172,0.19056,0.00443
"987",7.2,3.88888888888889,5,0.1,0.19875,0.30286,0.18311,0.00381
"988",8.13333333333333,3.88888888888889,5,0.1,0.18852,0.28894,0.18121,0.00382
"989",9.06666666666667,3.88888888888889,5,0.1,0.17959,0.27787,0.17139,0.00347
"990",10,3.88888888888889,5,0.1,0.1719,0.26768,0.16595,0.00359
"991",1.6,5,5,0.1,0.23845,0.17943,0.03595,0.01617
"992",2.53333333333333,5,5,0.1,0.24747,0.2656,0.09558,0.00502
"993",3.46666666666667,5,5,0.1,0.24081,0.30175,0.14181,0.0027
"994",4.4,5,5,0.1,0.22897,0.31176,0.16471,0.002
"995",5.33333333333333,5,5,0.1,0.21672,0.30843,0.17085,0.0012
"996",6.26666666666667,5,5,0.1,0.20545,0.30044,0.17318,0.00135
"997",7.2,5,5,0.1,0.19523,0.29045,0.17103,0.00127
"998",8.13333333333333,5,5,0.1,0.18648,0.27957,0.16792,0.001
"999",9.06666666666667,5,5,0.1,0.17797,0.26901,0.16455,0.00087
"1000",10,5,5,0.1,0.17018,0.25985,0.1594,9e-04
"1001",1.6,-5,-5,1.2,0.23844,0.17683,0.03614,0.01663
"1002",2.53333333333333,-5,-5,1.2,0.24701,0.26102,0.09784,0.00511
"1003",3.46666666666667,-5,-5,1.2,0.23981,0.29868,0.13899,0.00256
"1004",4.4,-5,-5,1.2,0.22901,0.30778,0.16014,0.00179
"1005",5.33333333333333,-5,-5,1.2,0.21708,0.30595,0.17138,0.00134
"1006",6.26666666666667,-5,-5,1.2,0.206,0.29858,0.17379,0.00122
"1007",7.2,-5,-5,1.2,0.19607,0.28831,0.17173,0.001
"1008",8.13333333333333,-5,-5,1.2,0.18586,0.2782,0.16703,0.00085
"1009",9.06666666666667,-5,-5,1.2,0.17741,0.26897,0.16355,0.00095
"1010",10,-5,-5,1.2,0.17057,0.25957,0.15932,0.00074
"1011",1.6,-3.88888888888889,-5,1.2,0.27807,0.24648,0.06327,0.0276
"1012",2.53333333333333,-3.88888888888889,-5,1.2,0.27347,0.32712,0.14153,0.01222
"1013",3.46666666666667,-3.88888888888889,-5,1.2,0.25829,0.34522,0.17834,0.00788
"1014",4.4,-3.88888888888889,-5,1.2,0.24028,0.34122,0.19267,0.00573
"1015",5.33333333333333,-3.88888888888889,-5,1.2,0.2246,0.32953,0.19175,0.00514
"1016",6.26666666666667,-3.88888888888889,-5,1.2,0.21085,0.31624,0.18986,0.00427
"1017",7.2,-3.88888888888889,-5,1.2,0.19867,0.30273,0.18461,0.00407
"1018",8.13333333333333,-3.88888888888889,-5,1.2,0.18857,0.2889,0.1796,0.00401
"1019",9.06666666666667,-3.88888888888889,-5,1.2,0.17995,0.27707,0.17334,0.00372
"1020",10,-3.88888888888889,-5,1.2,0.172,0.26633,0.16634,0.00339
"1021",1.6,-2.77777777777778,-5,1.2,0.3252,0.35347,0.11694,0.05258
"1022",2.53333333333333,-2.77777777777778,-5,1.2,0.29965,0.40257,0.20235,0.03028
"1023",3.46666666666667,-2.77777777777778,-5,1.2,0.27221,0.39322,0.22638,0.02411
"1024",4.4,-2.77777777777778,-5,1.2,0.24905,0.373,0.22349,0.02067
"1025",5.33333333333333,-2.77777777777778,-5,1.2,0.22997,0.35187,0.21409,0.01874
"1026",6.26666666666667,-2.77777777777778,-5,1.2,0.21439,0.33088,0.20341,0.01783
"1027",7.2,-2.77777777777778,-5,1.2,0.20205,0.3129,0.19714,0.01702
"1028",8.13333333333333,-2.77777777777778,-5,1.2,0.19042,0.29777,0.18254,0.01644
"1029",9.06666666666667,-2.77777777777778,-5,1.2,0.18143,0.28373,0.17733,0.01622
"1030",10,-2.77777777777778,-5,1.2,0.17294,0.27148,0.17005,0.01558
"1031",1.6,-1.66666666666667,-5,1.2,0.37317,0.49764,0.22236,0.12619
"1032",2.53333333333333,-1.66666666666667,-5,1.2,0.32062,0.47521,0.27159,0.10134
"1033",3.46666666666667,-1.66666666666667,-5,1.2,0.28369,0.43331,0.26468,0.09242
"1034",4.4,-1.66666666666667,-5,1.2,0.25568,0.39803,0.2435,0.08768
"1035",5.33333333333333,-1.66666666666667,-5,1.2,0.23364,0.36677,0.2291,0.0843
"1036",6.26666666666667,-1.66666666666667,-5,1.2,0.21692,0.34156,0.21449,0.08301
"1037",7.2,-1.66666666666667,-5,1.2,0.20333,0.31991,0.2006,0.08159
"1038",8.13333333333333,-1.66666666666667,-5,1.2,0.1917,0.30228,0.19204,0.08034
"1039",9.06666666666667,-1.66666666666667,-5,1.2,0.18202,0.28721,0.18102,0.07886
"1040",10,-1.66666666666667,-5,1.2,0.17346,0.27453,0.17468,0.07917
"1041",1.6,-0.555555555555555,-5,1.2,0.40697,0.62622,0.38103,0.44552
"1042",2.53333333333333,-0.555555555555555,-5,1.2,0.33567,0.52346,0.3292,0.43349
"1043",3.46666666666667,-0.555555555555555,-5,1.2,0.29056,0.45548,0.28792,0.42714
"1044",4.4,-0.555555555555555,-5,1.2,0.25914,0.40816,0.26016,0.4269
"1045",5.33333333333333,-0.555555555555555,-5,1.2,0.23637,0.37235,0.23661,0.42463
"1046",6.26666666666667,-0.555555555555555,-5,1.2,0.21922,0.34561,0.22105,0.42358
"1047",7.2,-0.555555555555555,-5,1.2,0.20485,0.32401,0.20466,0.42285
"1048",8.13333333333333,-0.555555555555555,-5,1.2,0.19285,0.30606,0.19288,0.42294
"1049",9.06666666666667,-0.555555555555555,-5,1.2,0.18294,0.2898,0.18362,0.42208
"1050",10,-0.555555555555555,-5,1.2,0.17463,0.2764,0.17548,0.42114
"1051",1.6,0.555555555555555,-5,1.2,0.40817,0.62815,0.37805,0.44686
"1052",2.53333333333333,0.555555555555555,-5,1.2,0.33466,0.52348,0.32992,0.43321
"1053",3.46666666666667,0.555555555555555,-5,1.2,0.29112,0.45581,0.2899,0.42798
"1054",4.4,0.555555555555555,-5,1.2,0.26039,0.40888,0.26008,0.42565
"1055",5.33333333333333,0.555555555555555,-5,1.2,0.2378,0.37417,0.23891,0.42523
"1056",6.26666666666667,0.555555555555555,-5,1.2,0.2194,0.34674,0.22108,0.42265
"1057",7.2,0.555555555555555,-5,1.2,0.2056,0.32447,0.20829,0.42186
"1058",8.13333333333333,0.555555555555555,-5,1.2,0.19392,0.3057,0.19407,0.42217
"1059",9.06666666666667,0.555555555555555,-5,1.2,0.18383,0.29078,0.18582,0.42004
"1060",10,0.555555555555555,-5,1.2,0.17542,0.27731,0.17449,0.42025
"1061",1.6,1.66666666666667,-5,1.2,0.37316,0.50227,0.2246,0.12824
"1062",2.53333333333333,1.66666666666667,-5,1.2,0.32117,0.47768,0.274,0.10281
"1063",3.46666666666667,1.66666666666667,-5,1.2,0.2834,0.43305,0.26516,0.09181
"1064",4.4,1.66666666666667,-5,1.2,0.25687,0.39596,0.24615,0.08797
"1065",5.33333333333333,1.66666666666667,-5,1.2,0.23567,0.36542,0.22949,0.08514
"1066",6.26666666666667,1.66666666666667,-5,1.2,0.21912,0.34127,0.21542,0.08217
"1067",7.2,1.66666666666667,-5,1.2,0.20455,0.32125,0.20036,0.0817
"1068",8.13333333333333,1.66666666666667,-5,1.2,0.19292,0.30345,0.19083,0.08097
"1069",9.06666666666667,1.66666666666667,-5,1.2,0.18267,0.28895,0.18509,0.0796
"1070",10,1.66666666666667,-5,1.2,0.17455,0.27563,0.17535,0.0797
"1071",1.6,2.77777777777778,-5,1.2,0.32369,0.35838,0.11565,0.05152
"1072",2.53333333333333,2.77777777777778,-5,1.2,0.30008,0.40694,0.20076,0.03085
"1073",3.46666666666667,2.77777777777778,-5,1.2,0.27306,0.39667,0.22457,0.02364
"1074",4.4,2.77777777777778,-5,1.2,0.24959,0.37457,0.22272,0.02074
"1075",5.33333333333333,2.77777777777778,-5,1.2,0.23075,0.35204,0.21513,0.01876
"1076",6.26666666666667,2.77777777777778,-5,1.2,0.21491,0.33101,0.2026,0.01791
"1077",7.2,2.77777777777778,-5,1.2,0.20216,0.31319,0.19519,0.01691
"1078",8.13333333333333,2.77777777777778,-5,1.2,0.19129,0.29819,0.18827,0.01662
"1079",9.06666666666667,2.77777777777778,-5,1.2,0.18173,0.28467,0.18011,0.01591
"1080",10,2.77777777777778,-5,1.2,0.17337,0.27205,0.16953,0.0155
"1081",1.6,3.88888888888889,-5,1.2,0.27834,0.25007,0.06202,0.0265
"1082",2.53333333333333,3.88888888888889,-5,1.2,0.27288,0.33097,0.14039,0.01139
"1083",3.46666666666667,3.88888888888889,-5,1.2,0.25696,0.34994,0.1777,0.00756
"1084",4.4,3.88888888888889,-5,1.2,0.2396,0.34463,0.19181,0.00606
"1085",5.33333333333333,3.88888888888889,-5,1.2,0.22456,0.33114,0.19435,0.00512
"1086",6.26666666666667,3.88888888888889,-5,1.2,0.21044,0.3172,0.19034,0.00432
"1087",7.2,3.88888888888889,-5,1.2,0.19875,0.30286,0.18478,0.004
"1088",8.13333333333333,3.88888888888889,-5,1.2,0.18852,0.28894,0.17878,0.00389
"1089",9.06666666666667,3.88888888888889,-5,1.2,0.17959,0.27787,0.17299,0.00368
"1090",10,3.88888888888889,-5,1.2,0.1719,0.26768,0.16579,0.0037
"1091",1.6,5,-5,1.2,0.23845,0.17943,0.03585,0.01628
"1092",2.53333333333333,5,-5,1.2,0.24747,0.2656,0.09682,0.00526
"1093",3.46666666666667,5,-5,1.2,0.24081,0.30175,0.14037,0.00275
"1094",4.4,5,-5,1.2,0.22897,0.31176,0.1612,0.00195
"1095",5.33333333333333,5,-5,1.2,0.21672,0.30843,0.1713,0.00155
"1096",6.26666666666667,5,-5,1.2,0.20545,0.30044,0.17454,0.00106
"1097",7.2,5,-5,1.2,0.19523,0.29045,0.17279,0.00122
"1098",8.13333333333333,5,-5,1.2,0.18648,0.27957,0.1706,0.00096
"1099",9.06666666666667,5,-5,1.2,0.17797,0.26901,0.16466,0.00102
"1100",10,5,-5,1.2,0.17018,0.25985,0.16049,0.00083
"1101",1.6,-5,-3.88888888888889,1.2,0.23844,0.17683,0.03607,0.01653
"1102",2.53333333333333,-5,-3.88888888888889,1.2,0.24701,0.26102,0.09551,0.00507
"1103",3.46666666666667,-5,-3.88888888888889,1.2,0.23981,0.29868,0.13998,0.00272
"1104",4.4,-5,-3.88888888888889,1.2,0.22901,0.30778,0.16252,0.00186
"1105",5.33333333333333,-5,-3.88888888888889,1.2,0.21708,0.30595,0.17042,0.00147
"1106",6.26666666666667,-5,-3.88888888888889,1.2,0.206,0.29858,0.17377,0.00119
"1107",7.2,-5,-3.88888888888889,1.2,0.19607,0.28831,0.17273,0.00113
"1108",8.13333333333333,-5,-3.88888888888889,1.2,0.18586,0.2782,0.16702,0.00104
"1109",9.06666666666667,-5,-3.88888888888889,1.2,0.17741,0.26897,0.16603,0.00084
"1110",10,-5,-3.88888888888889,1.2,0.17057,0.25957,0.1597,0.00098
"1111",1.6,-3.88888888888889,-3.88888888888889,1.2,0.27807,0.24648,0.06189,0.02705
"1112",2.53333333333333,-3.88888888888889,-3.88888888888889,1.2,0.27347,0.32712,0.14106,0.01156
"1113",3.46666666666667,-3.88888888888889,-3.88888888888889,1.2,0.25829,0.34522,0.18112,0.00781
"1114",4.4,-3.88888888888889,-3.88888888888889,1.2,0.24028,0.34122,0.19133,0.00582
"1115",5.33333333333333,-3.88888888888889,-3.88888888888889,1.2,0.2246,0.32953,0.19718,0.00507
"1116",6.26666666666667,-3.88888888888889,-3.88888888888889,1.2,0.21085,0.31624,0.19015,0.00417
"1117",7.2,-3.88888888888889,-3.88888888888889,1.2,0.19867,0.30273,0.18516,0.00386
"1118",8.13333333333333,-3.88888888888889,-3.88888888888889,1.2,0.18857,0.2889,0.17839,0.00384
"1119",9.06666666666667,-3.88888888888889,-3.88888888888889,1.2,0.17995,0.27707,0.1719,0.00359
"1120",10,-3.88888888888889,-3.88888888888889,1.2,0.172,0.26633,0.16703,0.00337
"1121",1.6,-2.77777777777778,-3.88888888888889,1.2,0.3252,0.35347,0.11714,0.05051
"1122",2.53333333333333,-2.77777777777778,-3.88888888888889,1.2,0.29965,0.40257,0.20354,0.03088
"1123",3.46666666666667,-2.77777777777778,-3.88888888888889,1.2,0.27221,0.39322,0.22157,0.024
"1124",4.4,-2.77777777777778,-3.88888888888889,1.2,0.24905,0.373,0.22227,0.02052
"1125",5.33333333333333,-2.77777777777778,-3.88888888888889,1.2,0.22997,0.35187,0.21735,0.01902
"1126",6.26666666666667,-2.77777777777778,-3.88888888888889,1.2,0.21439,0.33088,0.20348,0.01767
"1127",7.2,-2.77777777777778,-3.88888888888889,1.2,0.20205,0.3129,0.1945,0.01753
"1128",8.13333333333333,-2.77777777777778,-3.88888888888889,1.2,0.19042,0.29777,0.1872,0.01702
"1129",9.06666666666667,-2.77777777777778,-3.88888888888889,1.2,0.18143,0.28373,0.17787,0.01591
"1130",10,-2.77777777777778,-3.88888888888889,1.2,0.17294,0.27148,0.1724,0.01552
"1131",1.6,-1.66666666666667,-3.88888888888889,1.2,0.37317,0.49764,0.22265,0.12815
"1132",2.53333333333333,-1.66666666666667,-3.88888888888889,1.2,0.32062,0.47521,0.27471,0.10168
"1133",3.46666666666667,-1.66666666666667,-3.88888888888889,1.2,0.28369,0.43331,0.26319,0.09238
"1134",4.4,-1.66666666666667,-3.88888888888889,1.2,0.25568,0.39803,0.24475,0.08745
"1135",5.33333333333333,-1.66666666666667,-3.88888888888889,1.2,0.23364,0.36677,0.22929,0.08469
"1136",6.26666666666667,-1.66666666666667,-3.88888888888889,1.2,0.21692,0.34156,0.2144,0.08319
"1137",7.2,-1.66666666666667,-3.88888888888889,1.2,0.20333,0.31991,0.20115,0.08155
"1138",8.13333333333333,-1.66666666666667,-3.88888888888889,1.2,0.1917,0.30228,0.19264,0.08091
"1139",9.06666666666667,-1.66666666666667,-3.88888888888889,1.2,0.18202,0.28721,0.18225,0.07966
"1140",10,-1.66666666666667,-3.88888888888889,1.2,0.17346,0.27453,0.17344,0.07899
"1141",1.6,-0.555555555555555,-3.88888888888889,1.2,0.40697,0.62622,0.37854,0.4472
"1142",2.53333333333333,-0.555555555555555,-3.88888888888889,1.2,0.33567,0.52346,0.33246,0.43397
"1143",3.46666666666667,-0.555555555555555,-3.88888888888889,1.2,0.29056,0.45548,0.29071,0.42838
"1144",4.4,-0.555555555555555,-3.88888888888889,1.2,0.25914,0.40816,0.26088,0.42696
"1145",5.33333333333333,-0.555555555555555,-3.88888888888889,1.2,0.23637,0.37235,0.238,0.42469
"1146",6.26666666666667,-0.555555555555555,-3.88888888888889,1.2,0.21922,0.34561,0.22219,0.4238
"1147",7.2,-0.555555555555555,-3.88888888888889,1.2,0.20485,0.32401,0.20596,0.42292
"1148",8.13333333333333,-0.555555555555555,-3.88888888888889,1.2,0.19285,0.30606,0.19439,0.42155
"1149",9.06666666666667,-0.555555555555555,-3.88888888888889,1.2,0.18294,0.2898,0.18369,0.42131
"1150",10,-0.555555555555555,-3.88888888888889,1.2,0.17463,0.2764,0.17525,0.42141
"1151",1.6,0.555555555555555,-3.88888888888889,1.2,0.40817,0.62815,0.37845,0.44623
"1152",2.53333333333333,0.555555555555555,-3.88888888888889,1.2,0.33466,0.52348,0.3297,0.4336
"1153",3.46666666666667,0.555555555555555,-3.88888888888889,1.2,0.29112,0.45581,0.28985,0.42991
"1154",4.4,0.555555555555555,-3.88888888888889,1.2,0.26039,0.40888,0.25865,0.42611
"1155",5.33333333333333,0.555555555555555,-3.88888888888889,1.2,0.2378,0.37417,0.23781,0.42508
"1156",6.26666666666667,0.555555555555555,-3.88888888888889,1.2,0.2194,0.34674,0.22069,0.42358
"1157",7.2,0.555555555555555,-3.88888888888889,1.2,0.2056,0.32447,0.2058,0.42243
"1158",8.13333333333333,0.555555555555555,-3.88888888888889,1.2,0.19392,0.3057,0.19402,0.42234
"1159",9.06666666666667,0.555555555555555,-3.88888888888889,1.2,0.18383,0.29078,0.18372,0.42211
"1160",10,0.555555555555555,-3.88888888888889,1.2,0.17542,0.27731,0.17613,0.42073
"1161",1.6,1.66666666666667,-3.88888888888889,1.2,0.37316,0.50227,0.22309,0.12766
"1162",2.53333333333333,1.66666666666667,-3.88888888888889,1.2,0.32117,0.47768,0.27197,0.10124
"1163",3.46666666666667,1.66666666666667,-3.88888888888889,1.2,0.2834,0.43305,0.26442,0.09165
"1164",4.4,1.66666666666667,-3.88888888888889,1.2,0.25687,0.39596,0.24517,0.08828
"1165",5.33333333333333,1.66666666666667,-3.88888888888889,1.2,0.23567,0.36542,0.2289,0.08447
"1166",6.26666666666667,1.66666666666667,-3.88888888888889,1.2,0.21912,0.34127,0.21586,0.08264
"1167",7.2,1.66666666666667,-3.88888888888889,1.2,0.20455,0.32125,0.20331,0.08095
"1168",8.13333333333333,1.66666666666667,-3.88888888888889,1.2,0.19292,0.30345,0.19191,0.07991
"1169",9.06666666666667,1.66666666666667,-3.88888888888889,1.2,0.18267,0.28895,0.18454,0.0799
"1170",10,1.66666666666667,-3.88888888888889,1.2,0.17455,0.27563,0.17556,0.07923
"1171",1.6,2.77777777777778,-3.88888888888889,1.2,0.32369,0.35838,0.11654,0.05259
"1172",2.53333333333333,2.77777777777778,-3.88888888888889,1.2,0.30008,0.40694,0.20244,0.03088
"1173",3.46666666666667,2.77777777777778,-3.88888888888889,1.2,0.27306,0.39667,0.22357,0.02415
"1174",4.4,2.77777777777778,-3.88888888888889,1.2,0.24959,0.37457,0.22275,0.02086
"1175",5.33333333333333,2.77777777777778,-3.88888888888889,1.2,0.23075,0.35204,0.21427,0.01936
"1176",6.26666666666667,2.77777777777778,-3.88888888888889,1.2,0.21491,0.33101,0.20489,0.01768
"1177",7.2,2.77777777777778,-3.88888888888889,1.2,0.20216,0.31319,0.19475,0.01731
"1178",8.13333333333333,2.77777777777778,-3.88888888888889,1.2,0.19129,0.29819,0.18574,0.01682
"1179",9.06666666666667,2.77777777777778,-3.88888888888889,1.2,0.18173,0.28467,0.18007,0.01583
"1180",10,2.77777777777778,-3.88888888888889,1.2,0.17337,0.27205,0.17299,0.01578
"1181",1.6,3.88888888888889,-3.88888888888889,1.2,0.27834,0.25007,0.063,0.02718
"1182",2.53333333333333,3.88888888888889,-3.88888888888889,1.2,0.27288,0.33097,0.14137,0.01146
"1183",3.46666666666667,3.88888888888889,-3.88888888888889,1.2,0.25696,0.34994,0.17846,0.00742
"1184",4.4,3.88888888888889,-3.88888888888889,1.2,0.2396,0.34463,0.19219,0.00591
"1185",5.33333333333333,3.88888888888889,-3.88888888888889,1.2,0.22456,0.33114,0.19331,0.00495
"1186",6.26666666666667,3.88888888888889,-3.88888888888889,1.2,0.21044,0.3172,0.18791,0.00428
"1187",7.2,3.88888888888889,-3.88888888888889,1.2,0.19875,0.30286,0.18406,0.00413
"1188",8.13333333333333,3.88888888888889,-3.88888888888889,1.2,0.18852,0.28894,0.17883,0.00378
"1189",9.06666666666667,3.88888888888889,-3.88888888888889,1.2,0.17959,0.27787,0.17197,0.00383
"1190",10,3.88888888888889,-3.88888888888889,1.2,0.1719,0.26768,0.16645,0.00335
"1191",1.6,5,-3.88888888888889,1.2,0.23845,0.17943,0.03502,0.01673
"1192",2.53333333333333,5,-3.88888888888889,1.2,0.24747,0.2656,0.0975,0.00511
"1193",3.46666666666667,5,-3.88888888888889,1.2,0.24081,0.30175,0.13847,0.00297
"1194",4.4,5,-3.88888888888889,1.2,0.22897,0.31176,0.16223,0.00195
"1195",5.33333333333333,5,-3.88888888888889,1.2,0.21672,0.30843,0.17222,0.0015
"1196",6.26666666666667,5,-3.88888888888889,1.2,0.20545,0.30044,0.17595,0.00129
"1197",7.2,5,-3.88888888888889,1.2,0.19523,0.29045,0.17135,0.00107
"1198",8.13333333333333,5,-3.88888888888889,1.2,0.18648,0.27957,0.1668,0.00102
"1199",9.06666666666667,5,-3.88888888888889,1.2,0.17797,0.26901,0.16488,0.00082
"1200",10,5,-3.88888888888889,1.2,0.17018,0.25985,0.16173,0.00078
"1201",1.6,-5,-2.77777777777778,1.2,0.23844,0.17683,0.03535,0.01576
"1202",2.53333333333333,-5,-2.77777777777778,1.2,0.24701,0.26102,0.09598,0.00534
"1203",3.46666666666667,-5,-2.77777777777778,1.2,0.23981,0.29868,0.14061,0.0028
"1204",4.4,-5,-2.77777777777778,1.2,0.22901,0.30778,0.16146,0.00205
"1205",5.33333333333333,-5,-2.77777777777778,1.2,0.21708,0.30595,0.17167,0.00132
"1206",6.26666666666667,-5,-2.77777777777778,1.2,0.206,0.29858,0.17317,0.00112
"1207",7.2,-5,-2.77777777777778,1.2,0.19607,0.28831,0.16979,0.00098
"1208",8.13333333333333,-5,-2.77777777777778,1.2,0.18586,0.2782,0.17115,0.00098
"1209",9.06666666666667,-5,-2.77777777777778,1.2,0.17741,0.26897,0.16313,0.00087
"1210",10,-5,-2.77777777777778,1.2,0.17057,0.25957,0.15994,0.00099
"1211",1.6,-3.88888888888889,-2.77777777777778,1.2,0.27807,0.24648,0.06223,0.02673
"1212",2.53333333333333,-3.88888888888889,-2.77777777777778,1.2,0.27347,0.32712,0.13921,0.01165
"1213",3.46666666666667,-3.88888888888889,-2.77777777777778,1.2,0.25829,0.34522,0.17777,0.00748
"1214",4.4,-3.88888888888889,-2.77777777777778,1.2,0.24028,0.34122,0.19053,0.00557
"1215",5.33333333333333,-3.88888888888889,-2.77777777777778,1.2,0.2246,0.32953,0.19222,0.00469
"1216",6.26666666666667,-3.88888888888889,-2.77777777777778,1.2,0.21085,0.31624,0.1881,0.00451
"1217",7.2,-3.88888888888889,-2.77777777777778,1.2,0.19867,0.30273,0.18538,0.00428
"1218",8.13333333333333,-3.88888888888889,-2.77777777777778,1.2,0.18857,0.2889,0.17789,0.00372
"1219",9.06666666666667,-3.88888888888889,-2.77777777777778,1.2,0.17995,0.27707,0.17072,0.00349
"1220",10,-3.88888888888889,-2.77777777777778,1.2,0.172,0.26633,0.16605,0.00334
"1221",1.6,-2.77777777777778,-2.77777777777778,1.2,0.3252,0.35347,0.1166,0.05343
"1222",2.53333333333333,-2.77777777777778,-2.77777777777778,1.2,0.29965,0.40257,0.20368,0.03111
"1223",3.46666666666667,-2.77777777777778,-2.77777777777778,1.2,0.27221,0.39322,0.22508,0.02416
"1224",4.4,-2.77777777777778,-2.77777777777778,1.2,0.24905,0.373,0.22293,0.02091
"1225",5.33333333333333,-2.77777777777778,-2.77777777777778,1.2,0.22997,0.35187,0.21213,0.0189
"1226",6.26666666666667,-2.77777777777778,-2.77777777777778,1.2,0.21439,0.33088,0.20453,0.01787
"1227",7.2,-2.77777777777778,-2.77777777777778,1.2,0.20205,0.3129,0.19713,0.01688
"1228",8.13333333333333,-2.77777777777778,-2.77777777777778,1.2,0.19042,0.29777,0.18571,0.01649
"1229",9.06666666666667,-2.77777777777778,-2.77777777777778,1.2,0.18143,0.28373,0.17786,0.01614
"1230",10,-2.77777777777778,-2.77777777777778,1.2,0.17294,0.27148,0.17178,0.01552
"1231",1.6,-1.66666666666667,-2.77777777777778,1.2,0.37317,0.49764,0.22259,0.1275
"1232",2.53333333333333,-1.66666666666667,-2.77777777777778,1.2,0.32062,0.47521,0.27277,0.10055
"1233",3.46666666666667,-1.66666666666667,-2.77777777777778,1.2,0.28369,0.43331,0.26494,0.09177
"1234",4.4,-1.66666666666667,-2.77777777777778,1.2,0.25568,0.39803,0.24589,0.08794
"1235",5.33333333333333,-1.66666666666667,-2.77777777777778,1.2,0.23364,0.36677,0.2295,0.08532
"1236",6.26666666666667,-1.66666666666667,-2.77777777777778,1.2,0.21692,0.34156,0.21642,0.08368
"1237",7.2,-1.66666666666667,-2.77777777777778,1.2,0.20333,0.31991,0.20249,0.08122
"1238",8.13333333333333,-1.66666666666667,-2.77777777777778,1.2,0.1917,0.30228,0.19072,0.08045
"1239",9.06666666666667,-1.66666666666667,-2.77777777777778,1.2,0.18202,0.28721,0.18102,0.07937
"1240",10,-1.66666666666667,-2.77777777777778,1.2,0.17346,0.27453,0.17499,0.07922
"1241",1.6,-0.555555555555555,-2.77777777777778,1.2,0.40697,0.62622,0.3789,0.44625
"1242",2.53333333333333,-0.555555555555555,-2.77777777777778,1.2,0.33567,0.52346,0.33071,0.43399
"1243",3.46666666666667,-0.555555555555555,-2.77777777777778,1.2,0.29056,0.45548,0.28728,0.4282
"1244",4.4,-0.555555555555555,-2.77777777777778,1.2,0.25914,0.40816,0.26019,0.42694
"1245",5.33333333333333,-0.555555555555555,-2.77777777777778,1.2,0.23637,0.37235,0.23707,0.42503
"1246",6.26666666666667,-0.555555555555555,-2.77777777777778,1.2,0.21922,0.34561,0.21774,0.42308
"1247",7.2,-0.555555555555555,-2.77777777777778,1.2,0.20485,0.32401,0.20728,0.42342
"1248",8.13333333333333,-0.555555555555555,-2.77777777777778,1.2,0.19285,0.30606,0.19432,0.42192
"1249",9.06666666666667,-0.555555555555555,-2.77777777777778,1.2,0.18294,0.2898,0.18259,0.42197
"1250",10,-0.555555555555555,-2.77777777777778,1.2,0.17463,0.2764,0.17655,0.42225
"1251",1.6,0.555555555555555,-2.77777777777778,1.2,0.40817,0.62815,0.38001,0.44792
"1252",2.53333333333333,0.555555555555555,-2.77777777777778,1.2,0.33466,0.52348,0.32781,0.43473
"1253",3.46666666666667,0.555555555555555,-2.77777777777778,1.2,0.29112,0.45581,0.28867,0.4278
"1254",4.4,0.555555555555555,-2.77777777777778,1.2,0.26039,0.40888,0.26059,0.42594
"1255",5.33333333333333,0.555555555555555,-2.77777777777778,1.2,0.2378,0.37417,0.23752,0.42284
"1256",6.26666666666667,0.555555555555555,-2.77777777777778,1.2,0.2194,0.34674,0.21946,0.42249
"1257",7.2,0.555555555555555,-2.77777777777778,1.2,0.2056,0.32447,0.20765,0.42361
"1258",8.13333333333333,0.555555555555555,-2.77777777777778,1.2,0.19392,0.3057,0.19482,0.42187
"1259",9.06666666666667,0.555555555555555,-2.77777777777778,1.2,0.18383,0.29078,0.18614,0.42218
"1260",10,0.555555555555555,-2.77777777777778,1.2,0.17542,0.27731,0.1745,0.42074
"1261",1.6,1.66666666666667,-2.77777777777778,1.2,0.37316,0.50227,0.22353,0.12841
"1262",2.53333333333333,1.66666666666667,-2.77777777777778,1.2,0.32117,0.47768,0.27443,0.10212
"1263",3.46666666666667,1.66666666666667,-2.77777777777778,1.2,0.2834,0.43305,0.26662,0.09148
"1264",4.4,1.66666666666667,-2.77777777777778,1.2,0.25687,0.39596,0.24777,0.08836
"1265",5.33333333333333,1.66666666666667,-2.77777777777778,1.2,0.23567,0.36542,0.22931,0.08542
"1266",6.26666666666667,1.66666666666667,-2.77777777777778,1.2,0.21912,0.34127,0.21548,0.08286
"1267",7.2,1.66666666666667,-2.77777777777778,1.2,0.20455,0.32125,0.20071,0.08122
"1268",8.13333333333333,1.66666666666667,-2.77777777777778,1.2,0.19292,0.30345,0.1919,0.08004
"1269",9.06666666666667,1.66666666666667,-2.77777777777778,1.2,0.18267,0.28895,0.18373,0.07985
"1270",10,1.66666666666667,-2.77777777777778,1.2,0.17455,0.27563,0.17331,0.07869
"1271",1.6,2.77777777777778,-2.77777777777778,1.2,0.32369,0.35838,0.11564,0.05299
"1272",2.53333333333333,2.77777777777778,-2.77777777777778,1.2,0.30008,0.40694,0.20224,0.03093
"1273",3.46666666666667,2.77777777777778,-2.77777777777778,1.2,0.27306,0.39667,0.22378,0.02405
"1274",4.4,2.77777777777778,-2.77777777777778,1.2,0.24959,0.37457,0.22149,0.02104
"1275",5.33333333333333,2.77777777777778,-2.77777777777778,1.2,0.23075,0.35204,0.21209,0.01862
"1276",6.26666666666667,2.77777777777778,-2.77777777777778,1.2,0.21491,0.33101,0.20429,0.0179
"1277",7.2,2.77777777777778,-2.77777777777778,1.2,0.20216,0.31319,0.19665,0.01737
"1278",8.13333333333333,2.77777777777778,-2.77777777777778,1.2,0.19129,0.29819,0.18537,0.01659
"1279",9.06666666666667,2.77777777777778,-2.77777777777778,1.2,0.18173,0.28467,0.18024,0.01576
"1280",10,2.77777777777778,-2.77777777777778,1.2,0.17337,0.27205,0.17109,0.01556
"1281",1.6,3.88888888888889,-2.77777777777778,1.2,0.27834,0.25007,0.06267,0.02742
"1282",2.53333333333333,3.88888888888889,-2.77777777777778,1.2,0.27288,0.33097,0.14165,0.01171
"1283",3.46666666666667,3.88888888888889,-2.77777777777778,1.2,0.25696,0.34994,0.17891,0.0073
"1284",4.4,3.88888888888889,-2.77777777777778,1.2,0.2396,0.34463,0.19258,0.00568
"1285",5.33333333333333,3.88888888888889,-2.77777777777778,1.2,0.22456,0.33114,0.19351,0.00483
"1286",6.26666666666667,3.88888888888889,-2.77777777777778,1.2,0.21044,0.3172,0.18771,0.00486
"1287",7.2,3.88888888888889,-2.77777777777778,1.2,0.19875,0.30286,0.1819,0.00388
"1288",8.13333333333333,3.88888888888889,-2.77777777777778,1.2,0.18852,0.28894,0.17695,0.0039
"1289",9.06666666666667,3.88888888888889,-2.77777777777778,1.2,0.17959,0.27787,0.17197,0.00375
"1290",10,3.88888888888889,-2.77777777777778,1.2,0.1719,0.26768,0.16504,0.0038
"1291",1.6,5,-2.77777777777778,1.2,0.23845,0.17943,0.03582,0.01585
"1292",2.53333333333333,5,-2.77777777777778,1.2,0.24747,0.2656,0.09783,0.00477
"1293",3.46666666666667,5,-2.77777777777778,1.2,0.24081,0.30175,0.1395,0.00282
"1294",4.4,5,-2.77777777777778,1.2,0.22897,0.31176,0.1627,0.00195
"1295",5.33333333333333,5,-2.77777777777778,1.2,0.21672,0.30843,0.17085,0.00138
"1296",6.26666666666667,5,-2.77777777777778,1.2,0.20545,0.30044,0.17349,0.00104
"1297",7.2,5,-2.77777777777778,1.2,0.19523,0.29045,0.17247,0.00104
"1298",8.13333333333333,5,-2.77777777777778,1.2,0.18648,0.27957,0.1674,0.00089
"1299",9.06666666666667,5,-2.77777777777778,1.2,0.17797,0.26901,0.16433,0.00095
"1300",10,5,-2.77777777777778,1.2,0.17018,0.25985,0.1599,0.00087
"1301",1.6,-5,-1.66666666666667,1.2,0.23844,0.17683,0.03554,0.01554
"1302",2.53333333333333,-5,-1.66666666666667,1.2,0.24701,0.26102,0.0966,0.00506
"1303",3.46666666666667,-5,-1.66666666666667,1.2,0.23981,0.29868,0.1404,0.00247
"1304",4.4,-5,-1.66666666666667,1.2,0.22901,0.30778,0.16197,0.00169
"1305",5.33333333333333,-5,-1.66666666666667,1.2,0.21708,0.30595,0.17278,0.00143
"1306",6.26666666666667,-5,-1.66666666666667,1.2,0.206,0.29858,0.17633,0.00125
"1307",7.2,-5,-1.66666666666667,1.2,0.19607,0.28831,0.17122,0.00108
"1308",8.13333333333333,-5,-1.66666666666667,1.2,0.18586,0.2782,0.1687,0.00095
"1309",9.06666666666667,-5,-1.66666666666667,1.2,0.17741,0.26897,0.16481,0.00093
"1310",10,-5,-1.66666666666667,1.2,0.17057,0.25957,0.16147,0.00088
"1311",1.6,-3.88888888888889,-1.66666666666667,1.2,0.27807,0.24648,0.06149,0.02689
"1312",2.53333333333333,-3.88888888888889,-1.66666666666667,1.2,0.27347,0.32712,0.14016,0.01174
"1313",3.46666666666667,-3.88888888888889,-1.66666666666667,1.2,0.25829,0.34522,0.17812,0.00747
"1314",4.4,-3.88888888888889,-1.66666666666667,1.2,0.24028,0.34122,0.19249,0.00591
"1315",5.33333333333333,-3.88888888888889,-1.66666666666667,1.2,0.2246,0.32953,0.19316,0.00495
"1316",6.26666666666667,-3.88888888888889,-1.66666666666667,1.2,0.21085,0.31624,0.19076,0.00462
"1317",7.2,-3.88888888888889,-1.66666666666667,1.2,0.19867,0.30273,0.18611,0.00426
"1318",8.13333333333333,-3.88888888888889,-1.66666666666667,1.2,0.18857,0.2889,0.17829,0.00399
"1319",9.06666666666667,-3.88888888888889,-1.66666666666667,1.2,0.17995,0.27707,0.1725,0.00347
"1320",10,-3.88888888888889,-1.66666666666667,1.2,0.172,0.26633,0.16561,0.00353
"1321",1.6,-2.77777777777778,-1.66666666666667,1.2,0.3252,0.35347,0.11574,0.05234
"1322",2.53333333333333,-2.77777777777778,-1.66666666666667,1.2,0.29965,0.40257,0.20275,0.03102
"1323",3.46666666666667,-2.77777777777778,-1.66666666666667,1.2,0.27221,0.39322,0.2221,0.02406
"1324",4.4,-2.77777777777778,-1.66666666666667,1.2,0.24905,0.373,0.22331,0.02139
"1325",5.33333333333333,-2.77777777777778,-1.66666666666667,1.2,0.22997,0.35187,0.21124,0.01936
"1326",6.26666666666667,-2.77777777777778,-1.66666666666667,1.2,0.21439,0.33088,0.20397,0.01794
"1327",7.2,-2.77777777777778,-1.66666666666667,1.2,0.20205,0.3129,0.19316,0.01709
"1328",8.13333333333333,-2.77777777777778,-1.66666666666667,1.2,0.19042,0.29777,0.18687,0.0167
"1329",9.06666666666667,-2.77777777777778,-1.66666666666667,1.2,0.18143,0.28373,0.17815,0.01621
"1330",10,-2.77777777777778,-1.66666666666667,1.2,0.17294,0.27148,0.16798,0.01561
"1331",1.6,-1.66666666666667,-1.66666666666667,1.2,0.37317,0.49764,0.22312,0.1289
"1332",2.53333333333333,-1.66666666666667,-1.66666666666667,1.2,0.32062,0.47521,0.27504,0.10134
"1333",3.46666666666667,-1.66666666666667,-1.66666666666667,1.2,0.28369,0.43331,0.26358,0.09152
"1334",4.4,-1.66666666666667,-1.66666666666667,1.2,0.25568,0.39803,0.24728,0.08826
"1335",5.33333333333333,-1.66666666666667,-1.66666666666667,1.2,0.23364,0.36677,0.22857,0.08457
"1336",6.26666666666667,-1.66666666666667,-1.66666666666667,1.2,0.21692,0.34156,0.2133,0.08191
"1337",7.2,-1.66666666666667,-1.66666666666667,1.2,0.20333,0.31991,0.2027,0.08176
"1338",8.13333333333333,-1.66666666666667,-1.66666666666667,1.2,0.1917,0.30228,0.19303,0.08064
"1339",9.06666666666667,-1.66666666666667,-1.66666666666667,1.2,0.18202,0.28721,0.18247,0.07931
"1340",10,-1.66666666666667,-1.66666666666667,1.2,0.17346,0.27453,0.17347,0.07862
"1341",1.6,-0.555555555555555,-1.66666666666667,1.2,0.40697,0.62622,0.3779,0.44567
"1342",2.53333333333333,-0.555555555555555,-1.66666666666667,1.2,0.33567,0.52346,0.32794,0.43399
"1343",3.46666666666667,-0.555555555555555,-1.66666666666667,1.2,0.29056,0.45548,0.29188,0.42807
"1344",4.4,-0.555555555555555,-1.66666666666667,1.2,0.25914,0.40816,0.2621,0.42695
"1345",5.33333333333333,-0.555555555555555,-1.66666666666667,1.2,0.23637,0.37235,0.23636,0.42568
"1346",6.26666666666667,-0.555555555555555,-1.66666666666667,1.2,0.21922,0.34561,0.21879,0.42401
"1347",7.2,-0.555555555555555,-1.66666666666667,1.2,0.20485,0.32401,0.20773,0.42232
"1348",8.13333333333333,-0.555555555555555,-1.66666666666667,1.2,0.19285,0.30606,0.19283,0.42304
"1349",9.06666666666667,-0.555555555555555,-1.66666666666667,1.2,0.18294,0.2898,0.18405,0.42093
"1350",10,-0.555555555555555,-1.66666666666667,1.2,0.17463,0.2764,0.17602,0.42145
"1351",1.6,0.555555555555555,-1.66666666666667,1.2,0.40817,0.62815,0.38029,0.44442
"1352",2.53333333333333,0.555555555555555,-1.66666666666667,1.2,0.33466,0.52348,0.32925,0.43405
"1353",3.46666666666667,0.555555555555555,-1.66666666666667,1.2,0.29112,0.45581,0.29025,0.42851
"1354",4.4,0.555555555555555,-1.66666666666667,1.2,0.26039,0.40888,0.26188,0.42492
"1355",5.33333333333333,0.555555555555555,-1.66666666666667,1.2,0.2378,0.37417,0.2395,0.42367
"1356",6.26666666666667,0.555555555555555,-1.66666666666667,1.2,0.2194,0.34674,0.21945,0.42277
"1357",7.2,0.555555555555555,-1.66666666666667,1.2,0.2056,0.32447,0.206,0.42201
"1358",8.13333333333333,0.555555555555555,-1.66666666666667,1.2,0.19392,0.3057,0.19506,0.42279
"1359",9.06666666666667,0.555555555555555,-1.66666666666667,1.2,0.18383,0.29078,0.18464,0.42108
"1360",10,0.555555555555555,-1.66666666666667,1.2,0.17542,0.27731,0.17536,0.42137
"1361",1.6,1.66666666666667,-1.66666666666667,1.2,0.37316,0.50227,0.22378,0.12704
"1362",2.53333333333333,1.66666666666667,-1.66666666666667,1.2,0.32117,0.47768,0.27402,0.10227
"1363",3.46666666666667,1.66666666666667,-1.66666666666667,1.2,0.2834,0.43305,0.26636,0.09198
"1364",4.4,1.66666666666667,-1.66666666666667,1.2,0.25687,0.39596,0.2448,0.08788
"1365",5.33333333333333,1.66666666666667,-1.66666666666667,1.2,0.23567,0.36542,0.22925,0.08424
"1366",6.26666666666667,1.66666666666667,-1.66666666666667,1.2,0.21912,0.34127,0.21277,0.08382
"1367",7.2,1.66666666666667,-1.66666666666667,1.2,0.20455,0.32125,0.20057,0.08199
"1368",8.13333333333333,1.66666666666667,-1.66666666666667,1.2,0.19292,0.30345,0.19218,0.08074
"1369",9.06666666666667,1.66666666666667,-1.66666666666667,1.2,0.18267,0.28895,0.18168,0.07903
"1370",10,1.66666666666667,-1.66666666666667,1.2,0.17455,0.27563,0.17427,0.07968
"1371",1.6,2.77777777777778,-1.66666666666667,1.2,0.32369,0.35838,0.11599,0.05238
"1372",2.53333333333333,2.77777777777778,-1.66666666666667,1.2,0.30008,0.40694,0.20344,0.03076
"1373",3.46666666666667,2.77777777777778,-1.66666666666667,1.2,0.27306,0.39667,0.22266,0.02461
"1374",4.4,2.77777777777778,-1.66666666666667,1.2,0.24959,0.37457,0.2239,0.02079
"1375",5.33333333333333,2.77777777777778,-1.66666666666667,1.2,0.23075,0.35204,0.2148,0.01947
"1376",6.26666666666667,2.77777777777778,-1.66666666666667,1.2,0.21491,0.33101,0.20358,0.01775
"1377",7.2,2.77777777777778,-1.66666666666667,1.2,0.20216,0.31319,0.19494,0.01752
"1378",8.13333333333333,2.77777777777778,-1.66666666666667,1.2,0.19129,0.29819,0.18728,0.01659
"1379",9.06666666666667,2.77777777777778,-1.66666666666667,1.2,0.18173,0.28467,0.17859,0.0159
"1380",10,2.77777777777778,-1.66666666666667,1.2,0.17337,0.27205,0.17063,0.01588
"1381",1.6,3.88888888888889,-1.66666666666667,1.2,0.27834,0.25007,0.06175,0.02704
"1382",2.53333333333333,3.88888888888889,-1.66666666666667,1.2,0.27288,0.33097,0.13958,0.01168
"1383",3.46666666666667,3.88888888888889,-1.66666666666667,1.2,0.25696,0.34994,0.18012,0.00733
"1384",4.4,3.88888888888889,-1.66666666666667,1.2,0.2396,0.34463,0.19453,0.00576
"1385",5.33333333333333,3.88888888888889,-1.66666666666667,1.2,0.22456,0.33114,0.19051,0.00524
"1386",6.26666666666667,3.88888888888889,-1.66666666666667,1.2,0.21044,0.3172,0.19007,0.0046
"1387",7.2,3.88888888888889,-1.66666666666667,1.2,0.19875,0.30286,0.1836,0.00401
"1388",8.13333333333333,3.88888888888889,-1.66666666666667,1.2,0.18852,0.28894,0.17805,0.00383
"1389",9.06666666666667,3.88888888888889,-1.66666666666667,1.2,0.17959,0.27787,0.17143,0.00346
"1390",10,3.88888888888889,-1.66666666666667,1.2,0.1719,0.26768,0.16778,0.00348
"1391",1.6,5,-1.66666666666667,1.2,0.23845,0.17943,0.03588,0.01611
"1392",2.53333333333333,5,-1.66666666666667,1.2,0.24747,0.2656,0.09641,0.00526
"1393",3.46666666666667,5,-1.66666666666667,1.2,0.24081,0.30175,0.14204,0.00273
"1394",4.4,5,-1.66666666666667,1.2,0.22897,0.31176,0.16333,0.00165
"1395",5.33333333333333,5,-1.66666666666667,1.2,0.21672,0.30843,0.17208,0.00142
"1396",6.26666666666667,5,-1.66666666666667,1.2,0.20545,0.30044,0.17487,0.00129
"1397",7.2,5,-1.66666666666667,1.2,0.19523,0.29045,0.17112,0.00098
"1398",8.13333333333333,5,-1.66666666666667,1.2,0.18648,0.27957,0.16932,0.00096
"1399",9.06666666666667,5,-1.66666666666667,1.2,0.17797,0.26901,0.16527,0.00089
"1400",10,5,-1.66666666666667,1.2,0.17018,0.25985,0.1621,0.00078
"1401",1.6,-5,-0.555555555555555,1.2,0.23844,0.17683,0.03615,0.01573
"1402",2.53333333333333,-5,-0.555555555555555,1.2,0.24701,0.26102,0.09697,0.00496
"1403",3.46666666666667,-5,-0.555555555555555,1.2,0.23981,0.29868,0.14048,0.00279
"1404",4.4,-5,-0.555555555555555,1.2,0.22901,0.30778,0.16211,0.00169
"1405",5.33333333333333,-5,-0.555555555555555,1.2,0.21708,0.30595,0.17166,0.00135
"1406",6.26666666666667,-5,-0.555555555555555,1.2,0.206,0.29858,0.17178,0.00134
"1407",7.2,-5,-0.555555555555555,1.2,0.19607,0.28831,0.17259,0.00099
"1408",8.13333333333333,-5,-0.555555555555555,1.2,0.18586,0.2782,0.16936,0.00083
"1409",9.06666666666667,-5,-0.555555555555555,1.2,0.17741,0.26897,0.16308,0.00084
"1410",10,-5,-0.555555555555555,1.2,0.17057,0.25957,0.15837,0.00082
"1411",1.6,-3.88888888888889,-0.555555555555555,1.2,0.27807,0.24648,0.06331,0.02654
"1412",2.53333333333333,-3.88888888888889,-0.555555555555555,1.2,0.27347,0.32712,0.1415,0.0113
"1413",3.46666666666667,-3.88888888888889,-0.555555555555555,1.2,0.25829,0.34522,0.18001,0.0075
"1414",4.4,-3.88888888888889,-0.555555555555555,1.2,0.24028,0.34122,0.19383,0.00589
"1415",5.33333333333333,-3.88888888888889,-0.555555555555555,1.2,0.2246,0.32953,0.19648,0.00483
"1416",6.26666666666667,-3.88888888888889,-0.555555555555555,1.2,0.21085,0.31624,0.19144,0.00475
"1417",7.2,-3.88888888888889,-0.555555555555555,1.2,0.19867,0.30273,0.18601,0.00424
"1418",8.13333333333333,-3.88888888888889,-0.555555555555555,1.2,0.18857,0.2889,0.17736,0.00356
"1419",9.06666666666667,-3.88888888888889,-0.555555555555555,1.2,0.17995,0.27707,0.17283,0.00359
"1420",10,-3.88888888888889,-0.555555555555555,1.2,0.172,0.26633,0.16867,0.00377
"1421",1.6,-2.77777777777778,-0.555555555555555,1.2,0.3252,0.35347,0.11662,0.0522
"1422",2.53333333333333,-2.77777777777778,-0.555555555555555,1.2,0.29965,0.40257,0.20264,0.03048
"1423",3.46666666666667,-2.77777777777778,-0.555555555555555,1.2,0.27221,0.39322,0.22149,0.02375
"1424",4.4,-2.77777777777778,-0.555555555555555,1.2,0.24905,0.373,0.22069,0.02103
"1425",5.33333333333333,-2.77777777777778,-0.555555555555555,1.2,0.22997,0.35187,0.21269,0.01889
"1426",6.26666666666667,-2.77777777777778,-0.555555555555555,1.2,0.21439,0.33088,0.20243,0.01798
"1427",7.2,-2.77777777777778,-0.555555555555555,1.2,0.20205,0.3129,0.19539,0.01689
"1428",8.13333333333333,-2.77777777777778,-0.555555555555555,1.2,0.19042,0.29777,0.18677,0.01673
"1429",9.06666666666667,-2.77777777777778,-0.555555555555555,1.2,0.18143,0.28373,0.17834,0.01612
"1430",10,-2.77777777777778,-0.555555555555555,1.2,0.17294,0.27148,0.17333,0.01558
"1431",1.6,-1.66666666666667,-0.555555555555555,1.2,0.37317,0.49764,0.22151,0.12799
"1432",2.53333333333333,-1.66666666666667,-0.555555555555555,1.2,0.32062,0.47521,0.27508,0.10211
"1433",3.46666666666667,-1.66666666666667,-0.555555555555555,1.2,0.28369,0.43331,0.26323,0.09175
"1434",4.4,-1.66666666666667,-0.555555555555555,1.2,0.25568,0.39803,0.24749,0.08697
"1435",5.33333333333333,-1.66666666666667,-0.555555555555555,1.2,0.23364,0.36677,0.22895,0.0856
"1436",6.26666666666667,-1.66666666666667,-0.555555555555555,1.2,0.21692,0.34156,0.2143,0.08304
"1437",7.2,-1.66666666666667,-0.555555555555555,1.2,0.20333,0.31991,0.20325,0.08105
"1438",8.13333333333333,-1.66666666666667,-0.555555555555555,1.2,0.1917,0.30228,0.19162,0.08018
"1439",9.06666666666667,-1.66666666666667,-0.555555555555555,1.2,0.18202,0.28721,0.18091,0.07961
"1440",10,-1.66666666666667,-0.555555555555555,1.2,0.17346,0.27453,0.17577,0.07846
"1441",1.6,-0.555555555555555,-0.555555555555555,1.2,0.40697,0.62622,0.3808,0.44498
"1442",2.53333333333333,-0.555555555555555,-0.555555555555555,1.2,0.33567,0.52346,0.32726,0.43273
"1443",3.46666666666667,-0.555555555555555,-0.555555555555555,1.2,0.29056,0.45548,0.28998,0.42861
"1444",4.4,-0.555555555555555,-0.555555555555555,1.2,0.25914,0.40816,0.25897,0.42658
"1445",5.33333333333333,-0.555555555555555,-0.555555555555555,1.2,0.23637,0.37235,0.23988,0.42336
"1446",6.26666666666667,-0.555555555555555,-0.555555555555555,1.2,0.21922,0.34561,0.22101,0.42358
"1447",7.2,-0.555555555555555,-0.555555555555555,1.2,0.20485,0.32401,0.20471,0.42282
"1448",8.13333333333333,-0.555555555555555,-0.555555555555555,1.2,0.19285,0.30606,0.19348,0.42245
"1449",9.06666666666667,-0.555555555555555,-0.555555555555555,1.2,0.18294,0.2898,0.18476,0.42138
"1450",10,-0.555555555555555,-0.555555555555555,1.2,0.17463,0.2764,0.17433,0.42134
"1451",1.6,0.555555555555555,-0.555555555555555,1.2,0.40817,0.62815,0.3765,0.4466
"1452",2.53333333333333,0.555555555555555,-0.555555555555555,1.2,0.33466,0.52348,0.33032,0.43483
"1453",3.46666666666667,0.555555555555555,-0.555555555555555,1.2,0.29112,0.45581,0.28799,0.42895
"1454",4.4,0.555555555555555,-0.555555555555555,1.2,0.26039,0.40888,0.25952,0.42601
"1455",5.33333333333333,0.555555555555555,-0.555555555555555,1.2,0.2378,0.37417,0.23874,0.42417
"1456",6.26666666666667,0.555555555555555,-0.555555555555555,1.2,0.2194,0.34674,0.22132,0.42392
"1457",7.2,0.555555555555555,-0.555555555555555,1.2,0.2056,0.32447,0.20373,0.42302
"1458",8.13333333333333,0.555555555555555,-0.555555555555555,1.2,0.19392,0.3057,0.19446,0.42302
"1459",9.06666666666667,0.555555555555555,-0.555555555555555,1.2,0.18383,0.29078,0.18422,0.42148
"1460",10,0.555555555555555,-0.555555555555555,1.2,0.17542,0.27731,0.17516,0.42081
"1461",1.6,1.66666666666667,-0.555555555555555,1.2,0.37316,0.50227,0.2237,0.12776
"1462",2.53333333333333,1.66666666666667,-0.555555555555555,1.2,0.32117,0.47768,0.27399,0.10049
"1463",3.46666666666667,1.66666666666667,-0.555555555555555,1.2,0.2834,0.43305,0.26301,0.091
"1464",4.4,1.66666666666667,-0.555555555555555,1.2,0.25687,0.39596,0.24599,0.0883
"1465",5.33333333333333,1.66666666666667,-0.555555555555555,1.2,0.23567,0.36542,0.2295,0.0845
"1466",6.26666666666667,1.66666666666667,-0.555555555555555,1.2,0.21912,0.34127,0.21542,0.0825
"1467",7.2,1.66666666666667,-0.555555555555555,1.2,0.20455,0.32125,0.20202,0.08028
"1468",8.13333333333333,1.66666666666667,-0.555555555555555,1.2,0.19292,0.30345,0.18984,0.08054
"1469",9.06666666666667,1.66666666666667,-0.555555555555555,1.2,0.18267,0.28895,0.18268,0.07971
"1470",10,1.66666666666667,-0.555555555555555,1.2,0.17455,0.27563,0.17491,0.07908
"1471",1.6,2.77777777777778,-0.555555555555555,1.2,0.32369,0.35838,0.11528,0.05255
"1472",2.53333333333333,2.77777777777778,-0.555555555555555,1.2,0.30008,0.40694,0.20174,0.03014
"1473",3.46666666666667,2.77777777777778,-0.555555555555555,1.2,0.27306,0.39667,0.22179,0.02418
"1474",4.4,2.77777777777778,-0.555555555555555,1.2,0.24959,0.37457,0.22224,0.02046
"1475",5.33333333333333,2.77777777777778,-0.555555555555555,1.2,0.23075,0.35204,0.21221,0.01972
"1476",6.26666666666667,2.77777777777778,-0.555555555555555,1.2,0.21491,0.33101,0.20477,0.01762
"1477",7.2,2.77777777777778,-0.555555555555555,1.2,0.20216,0.31319,0.1939,0.01734
"1478",8.13333333333333,2.77777777777778,-0.555555555555555,1.2,0.19129,0.29819,0.18682,0.01694
"1479",9.06666666666667,2.77777777777778,-0.555555555555555,1.2,0.18173,0.28467,0.17585,0.0166
"1480",10,2.77777777777778,-0.555555555555555,1.2,0.17337,0.27205,0.17271,0.01588
"1481",1.6,3.88888888888889,-0.555555555555555,1.2,0.27834,0.25007,0.06265,0.02684
"1482",2.53333333333333,3.88888888888889,-0.555555555555555,1.2,0.27288,0.33097,0.14083,0.012
"1483",3.46666666666667,3.88888888888889,-0.555555555555555,1.2,0.25696,0.34994,0.17984,0.00712
"1484",4.4,3.88888888888889,-0.555555555555555,1.2,0.2396,0.34463,0.19307,0.00563
"1485",5.33333333333333,3.88888888888889,-0.555555555555555,1.2,0.22456,0.33114,0.19499,0.00473
"1486",6.26666666666667,3.88888888888889,-0.555555555555555,1.2,0.21044,0.3172,0.18822,0.00441
"1487",7.2,3.88888888888889,-0.555555555555555,1.2,0.19875,0.30286,0.18199,0.004
"1488",8.13333333333333,3.88888888888889,-0.555555555555555,1.2,0.18852,0.28894,0.18044,0.00377
"1489",9.06666666666667,3.88888888888889,-0.555555555555555,1.2,0.17959,0.27787,0.17169,0.00385
"1490",10,3.88888888888889,-0.555555555555555,1.2,0.1719,0.26768,0.16706,0.00352
"1491",1.6,5,-0.555555555555555,1.2,0.23845,0.17943,0.03451,0.01599
"1492",2.53333333333333,5,-0.555555555555555,1.2,0.24747,0.2656,0.09586,0.00504
"1493",3.46666666666667,5,-0.555555555555555,1.2,0.24081,0.30175,0.13942,0.00275
"1494",4.4,5,-0.555555555555555,1.2,0.22897,0.31176,0.16293,0.00192
"1495",5.33333333333333,5,-0.555555555555555,1.2,0.21672,0.30843,0.17178,0.00142
"1496",6.26666666666667,5,-0.555555555555555,1.2,0.20545,0.30044,0.17317,0.00141
"1497",7.2,5,-0.555555555555555,1.2,0.19523,0.29045,0.1712,0.00107
"1498",8.13333333333333,5,-0.555555555555555,1.2,0.18648,0.27957,0.16784,0.00097
"1499",9.06666666666667,5,-0.555555555555555,1.2,0.17797,0.26901,0.16354,0.00087
"1500",10,5,-0.555555555555555,1.2,0.17018,0.25985,0.16115,8e-04
"1501",1.6,-5,0.555555555555555,1.2,0.23844,0.17683,0.03523,0.01563
"1502",2.53333333333333,-5,0.555555555555555,1.2,0.24701,0.26102,0.09812,0.00505
"1503",3.46666666666667,-5,0.555555555555555,1.2,0.23981,0.29868,0.13892,0.00253
"1504",4.4,-5,0.555555555555555,1.2,0.22901,0.30778,0.16024,0.00208
"1505",5.33333333333333,-5,0.555555555555555,1.2,0.21708,0.30595,0.17208,0.00145
"1506",6.26666666666667,-5,0.555555555555555,1.2,0.206,0.29858,0.17451,0.00144
"1507",7.2,-5,0.555555555555555,1.2,0.19607,0.28831,0.17137,0.00101
"1508",8.13333333333333,-5,0.555555555555555,1.2,0.18586,0.2782,0.1684,0.00094
"1509",9.06666666666667,-5,0.555555555555555,1.2,0.17741,0.26897,0.16392,0.00088
"1510",10,-5,0.555555555555555,1.2,0.17057,0.25957,0.16052,8e-04
"1511",1.6,-3.88888888888889,0.555555555555555,1.2,0.27807,0.24648,0.06208,0.02737
"1512",2.53333333333333,-3.88888888888889,0.555555555555555,1.2,0.27347,0.32712,0.14044,0.01147
"1513",3.46666666666667,-3.88888888888889,0.555555555555555,1.2,0.25829,0.34522,0.18001,0.00717
"1514",4.4,-3.88888888888889,0.555555555555555,1.2,0.24028,0.34122,0.19436,0.00635
"1515",5.33333333333333,-3.88888888888889,0.555555555555555,1.2,0.2246,0.32953,0.19288,0.00494
"1516",6.26666666666667,-3.88888888888889,0.555555555555555,1.2,0.21085,0.31624,0.19155,0.00482
"1517",7.2,-3.88888888888889,0.555555555555555,1.2,0.19867,0.30273,0.18543,0.00389
"1518",8.13333333333333,-3.88888888888889,0.555555555555555,1.2,0.18857,0.2889,0.17521,0.00388
"1519",9.06666666666667,-3.88888888888889,0.555555555555555,1.2,0.17995,0.27707,0.1718,0.00361
"1520",10,-3.88888888888889,0.555555555555555,1.2,0.172,0.26633,0.16648,0.00347
"1521",1.6,-2.77777777777778,0.555555555555555,1.2,0.3252,0.35347,0.11553,0.05237
"1522",2.53333333333333,-2.77777777777778,0.555555555555555,1.2,0.29965,0.40257,0.20214,0.03074
"1523",3.46666666666667,-2.77777777777778,0.555555555555555,1.2,0.27221,0.39322,0.22461,0.02407
"1524",4.4,-2.77777777777778,0.555555555555555,1.2,0.24905,0.373,0.22106,0.02086
"1525",5.33333333333333,-2.77777777777778,0.555555555555555,1.2,0.22997,0.35187,0.21284,0.01907
"1526",6.26666666666667,-2.77777777777778,0.555555555555555,1.2,0.21439,0.33088,0.20374,0.01782
"1527",7.2,-2.77777777777778,0.555555555555555,1.2,0.20205,0.3129,0.19499,0.0168
"1528",8.13333333333333,-2.77777777777778,0.555555555555555,1.2,0.19042,0.29777,0.18634,0.01646
"1529",9.06666666666667,-2.77777777777778,0.555555555555555,1.2,0.18143,0.28373,0.17963,0.01646
"1530",10,-2.77777777777778,0.555555555555555,1.2,0.17294,0.27148,0.16761,0.01562
"1531",1.6,-1.66666666666667,0.555555555555555,1.2,0.37317,0.49764,0.22188,0.12729
"1532",2.53333333333333,-1.66666666666667,0.555555555555555,1.2,0.32062,0.47521,0.27307,0.10074
"1533",3.46666666666667,-1.66666666666667,0.555555555555555,1.2,0.28369,0.43331,0.26357,0.09076
"1534",4.4,-1.66666666666667,0.555555555555555,1.2,0.25568,0.39803,0.24615,0.08676
"1535",5.33333333333333,-1.66666666666667,0.555555555555555,1.2,0.23364,0.36677,0.22891,0.08535
"1536",6.26666666666667,-1.66666666666667,0.555555555555555,1.2,0.21692,0.34156,0.21562,0.08247
"1537",7.2,-1.66666666666667,0.555555555555555,1.2,0.20333,0.31991,0.20191,0.08206
"1538",8.13333333333333,-1.66666666666667,0.555555555555555,1.2,0.1917,0.30228,0.19209,0.08075
"1539",9.06666666666667,-1.66666666666667,0.555555555555555,1.2,0.18202,0.28721,0.18141,0.07951
"1540",10,-1.66666666666667,0.555555555555555,1.2,0.17346,0.27453,0.17336,0.079
"1541",1.6,-0.555555555555555,0.555555555555555,1.2,0.40697,0.62622,0.37913,0.44461
"1542",2.53333333333333,-0.555555555555555,0.555555555555555,1.2,0.33567,0.52346,0.32791,0.43369
"1543",3.46666666666667,-0.555555555555555,0.555555555555555,1.2,0.29056,0.45548,0.28919,0.42903
"1544",4.4,-0.555555555555555,0.555555555555555,1.2,0.25914,0.40816,0.25876,0.42654
"1545",5.33333333333333,-0.555555555555555,0.555555555555555,1.2,0.23637,0.37235,0.23741,0.4248
"1546",6.26666666666667,-0.555555555555555,0.555555555555555,1.2,0.21922,0.34561,0.21918,0.42319
"1547",7.2,-0.555555555555555,0.555555555555555,1.2,0.20485,0.32401,0.20537,0.42357
"1548",8.13333333333333,-0.555555555555555,0.555555555555555,1.2,0.19285,0.30606,0.19622,0.42205
"1549",9.06666666666667,-0.555555555555555,0.555555555555555,1.2,0.18294,0.2898,0.18553,0.42173
"1550",10,-0.555555555555555,0.555555555555555,1.2,0.17463,0.2764,0.17526,0.42106
"1551",1.6,0.555555555555555,0.555555555555555,1.2,0.40817,0.62815,0.378,0.44431
"1552",2.53333333333333,0.555555555555555,0.555555555555555,1.2,0.33466,0.52348,0.32873,0.43275
"1553",3.46666666666667,0.555555555555555,0.555555555555555,1.2,0.29112,0.45581,0.28905,0.42908
"1554",4.4,0.555555555555555,0.555555555555555,1.2,0.26039,0.40888,0.25938,0.42698
"1555",5.33333333333333,0.555555555555555,0.555555555555555,1.2,0.2378,0.37417,0.23859,0.42394
"1556",6.26666666666667,0.555555555555555,0.555555555555555,1.2,0.2194,0.34674,0.22043,0.42357
"1557",7.2,0.555555555555555,0.555555555555555,1.2,0.2056,0.32447,0.20567,0.42293
"1558",8.13333333333333,0.555555555555555,0.555555555555555,1.2,0.19392,0.3057,0.19267,0.42289
"1559",9.06666666666667,0.555555555555555,0.555555555555555,1.2,0.18383,0.29078,0.18515,0.4223
"1560",10,0.555555555555555,0.555555555555555,1.2,0.17542,0.27731,0.1741,0.42101
"1561",1.6,1.66666666666667,0.555555555555555,1.2,0.37316,0.50227,0.22592,0.12714
"1562",2.53333333333333,1.66666666666667,0.555555555555555,1.2,0.32117,0.47768,0.27305,0.1022
"1563",3.46666666666667,1.66666666666667,0.555555555555555,1.2,0.2834,0.43305,0.26602,0.09237
"1564",4.4,1.66666666666667,0.555555555555555,1.2,0.25687,0.39596,0.24738,0.08721
"1565",5.33333333333333,1.66666666666667,0.555555555555555,1.2,0.23567,0.36542,0.22812,0.08478
"1566",6.26666666666667,1.66666666666667,0.555555555555555,1.2,0.21912,0.34127,0.21471,0.08258
"1567",7.2,1.66666666666667,0.555555555555555,1.2,0.20455,0.32125,0.20128,0.08124
"1568",8.13333333333333,1.66666666666667,0.555555555555555,1.2,0.19292,0.30345,0.18956,0.07954
"1569",9.06666666666667,1.66666666666667,0.555555555555555,1.2,0.18267,0.28895,0.18193,0.07956
"1570",10,1.66666666666667,0.555555555555555,1.2,0.17455,0.27563,0.17247,0.07903
"1571",1.6,2.77777777777778,0.555555555555555,1.2,0.32369,0.35838,0.11538,0.05257
"1572",2.53333333333333,2.77777777777778,0.555555555555555,1.2,0.30008,0.40694,0.20022,0.03095
"1573",3.46666666666667,2.77777777777778,0.555555555555555,1.2,0.27306,0.39667,0.22722,0.02417
"1574",4.4,2.77777777777778,0.555555555555555,1.2,0.24959,0.37457,0.22016,0.02096
"1575",5.33333333333333,2.77777777777778,0.555555555555555,1.2,0.23075,0.35204,0.21366,0.01892
"1576",6.26666666666667,2.77777777777778,0.555555555555555,1.2,0.21491,0.33101,0.20441,0.0186
"1577",7.2,2.77777777777778,0.555555555555555,1.2,0.20216,0.31319,0.19372,0.017
"1578",8.13333333333333,2.77777777777778,0.555555555555555,1.2,0.19129,0.29819,0.1875,0.0162
"1579",9.06666666666667,2.77777777777778,0.555555555555555,1.2,0.18173,0.28467,0.17832,0.01636
"1580",10,2.77777777777778,0.555555555555555,1.2,0.17337,0.27205,0.17131,0.01574
"1581",1.6,3.88888888888889,0.555555555555555,1.2,0.27834,0.25007,0.06223,0.02732
"1582",2.53333333333333,3.88888888888889,0.555555555555555,1.2,0.27288,0.33097,0.14043,0.01117
"1583",3.46666666666667,3.88888888888889,0.555555555555555,1.2,0.25696,0.34994,0.17939,0.00756
"1584",4.4,3.88888888888889,0.555555555555555,1.2,0.2396,0.34463,0.1916,0.00603
"1585",5.33333333333333,3.88888888888889,0.555555555555555,1.2,0.22456,0.33114,0.19221,0.00527
"1586",6.26666666666667,3.88888888888889,0.555555555555555,1.2,0.21044,0.3172,0.19082,0.00459
"1587",7.2,3.88888888888889,0.555555555555555,1.2,0.19875,0.30286,0.18475,0.00418
"1588",8.13333333333333,3.88888888888889,0.555555555555555,1.2,0.18852,0.28894,0.17771,0.00389
"1589",9.06666666666667,3.88888888888889,0.555555555555555,1.2,0.17959,0.27787,0.17178,0.00365
"1590",10,3.88888888888889,0.555555555555555,1.2,0.1719,0.26768,0.16561,0.00326
"1591",1.6,5,0.555555555555555,1.2,0.23845,0.17943,0.03625,0.01637
"1592",2.53333333333333,5,0.555555555555555,1.2,0.24747,0.2656,0.09731,0.00487
"1593",3.46666666666667,5,0.555555555555555,1.2,0.24081,0.30175,0.14026,0.00263
"1594",4.4,5,0.555555555555555,1.2,0.22897,0.31176,0.16183,0.0018
"1595",5.33333333333333,5,0.555555555555555,1.2,0.21672,0.30843,0.17205,0.00142
"1596",6.26666666666667,5,0.555555555555555,1.2,0.20545,0.30044,0.17137,0.00112
"1597",7.2,5,0.555555555555555,1.2,0.19523,0.29045,0.17174,0.00104
"1598",8.13333333333333,5,0.555555555555555,1.2,0.18648,0.27957,0.16797,0.00097
"1599",9.06666666666667,5,0.555555555555555,1.2,0.17797,0.26901,0.16379,0.00086
"1600",10,5,0.555555555555555,1.2,0.17018,0.25985,0.15973,0.00096
"1601",1.6,-5,1.66666666666667,1.2,0.23844,0.17683,0.03594,0.01583
"1602",2.53333333333333,-5,1.66666666666667,1.2,0.24701,0.26102,0.09684,0.00503
"1603",3.46666666666667,-5,1.66666666666667,1.2,0.23981,0.29868,0.13884,0.00265
"1604",4.4,-5,1.66666666666667,1.2,0.22901,0.30778,0.16246,0.00174
"1605",5.33333333333333,-5,1.66666666666667,1.2,0.21708,0.30595,0.1718,0.00145
"1606",6.26666666666667,-5,1.66666666666667,1.2,0.206,0.29858,0.17328,0.00121
"1607",7.2,-5,1.66666666666667,1.2,0.19607,0.28831,0.17237,0.00112
"1608",8.13333333333333,-5,1.66666666666667,1.2,0.18586,0.2782,0.16885,0.00103
"1609",9.06666666666667,-5,1.66666666666667,1.2,0.17741,0.26897,0.16508,0.00093
"1610",10,-5,1.66666666666667,1.2,0.17057,0.25957,0.16173,0.00082
"1611",1.6,-3.88888888888889,1.66666666666667,1.2,0.27807,0.24648,0.06071,0.026
"1612",2.53333333333333,-3.88888888888889,1.66666666666667,1.2,0.27347,0.32712,0.1412,0.01188
"1613",3.46666666666667,-3.88888888888889,1.66666666666667,1.2,0.25829,0.34522,0.18072,0.00755
"1614",4.4,-3.88888888888889,1.66666666666667,1.2,0.24028,0.34122,0.19095,0.00574
"1615",5.33333333333333,-3.88888888888889,1.66666666666667,1.2,0.2246,0.32953,0.19344,0.00486
"1616",6.26666666666667,-3.88888888888889,1.66666666666667,1.2,0.21085,0.31624,0.19039,0.00465
"1617",7.2,-3.88888888888889,1.66666666666667,1.2,0.19867,0.30273,0.18445,0.00391
"1618",8.13333333333333,-3.88888888888889,1.66666666666667,1.2,0.18857,0.2889,0.17799,0.00389
"1619",9.06666666666667,-3.88888888888889,1.66666666666667,1.2,0.17995,0.27707,0.1729,0.00373
"1620",10,-3.88888888888889,1.66666666666667,1.2,0.172,0.26633,0.16728,0.00337
"1621",1.6,-2.77777777777778,1.66666666666667,1.2,0.3252,0.35347,0.11779,0.05263
"1622",2.53333333333333,-2.77777777777778,1.66666666666667,1.2,0.29965,0.40257,0.20196,0.0318
"1623",3.46666666666667,-2.77777777777778,1.66666666666667,1.2,0.27221,0.39322,0.22486,0.02395
"1624",4.4,-2.77777777777778,1.66666666666667,1.2,0.24905,0.373,0.22047,0.02056
"1625",5.33333333333333,-2.77777777777778,1.66666666666667,1.2,0.22997,0.35187,0.21324,0.0188
"1626",6.26666666666667,-2.77777777777778,1.66666666666667,1.2,0.21439,0.33088,0.20661,0.01797
"1627",7.2,-2.77777777777778,1.66666666666667,1.2,0.20205,0.3129,0.19429,0.01644
"1628",8.13333333333333,-2.77777777777778,1.66666666666667,1.2,0.19042,0.29777,0.18542,0.01672
"1629",9.06666666666667,-2.77777777777778,1.66666666666667,1.2,0.18143,0.28373,0.17806,0.01627
"1630",10,-2.77777777777778,1.66666666666667,1.2,0.17294,0.27148,0.17094,0.01577
"1631",1.6,-1.66666666666667,1.66666666666667,1.2,0.37317,0.49764,0.22583,0.12785
"1632",2.53333333333333,-1.66666666666667,1.66666666666667,1.2,0.32062,0.47521,0.27394,0.1016
"1633",3.46666666666667,-1.66666666666667,1.66666666666667,1.2,0.28369,0.43331,0.26585,0.09291
"1634",4.4,-1.66666666666667,1.66666666666667,1.2,0.25568,0.39803,0.24528,0.08786
"1635",5.33333333333333,-1.66666666666667,1.66666666666667,1.2,0.23364,0.36677,0.22928,0.08433
"1636",6.26666666666667,-1.66666666666667,1.66666666666667,1.2,0.21692,0.34156,0.21388,0.08257
"1637",7.2,-1.66666666666667,1.66666666666667,1.2,0.20333,0.31991,0.2037,0.08164
"1638",8.13333333333333,-1.66666666666667,1.66666666666667,1.2,0.1917,0.30228,0.19105,0.08072
"1639",9.06666666666667,-1.66666666666667,1.66666666666667,1.2,0.18202,0.28721,0.18263,0.07997
"1640",10,-1.66666666666667,1.66666666666667,1.2,0.17346,0.27453,0.17678,0.07899
"1641",1.6,-0.555555555555555,1.66666666666667,1.2,0.40697,0.62622,0.37663,0.4469
"1642",2.53333333333333,-0.555555555555555,1.66666666666667,1.2,0.33567,0.52346,0.32731,0.43444
"1643",3.46666666666667,-0.555555555555555,1.66666666666667,1.2,0.29056,0.45548,0.28791,0.42827
"1644",4.4,-0.555555555555555,1.66666666666667,1.2,0.25914,0.40816,0.25814,0.42682
"1645",5.33333333333333,-0.555555555555555,1.66666666666667,1.2,0.23637,0.37235,0.23934,0.42498
"1646",6.26666666666667,-0.555555555555555,1.66666666666667,1.2,0.21922,0.34561,0.22088,0.42273
"1647",7.2,-0.555555555555555,1.66666666666667,1.2,0.20485,0.32401,0.20596,0.42301
"1648",8.13333333333333,-0.555555555555555,1.66666666666667,1.2,0.19285,0.30606,0.19419,0.42156
"1649",9.06666666666667,-0.555555555555555,1.66666666666667,1.2,0.18294,0.2898,0.1826,0.42165
"1650",10,-0.555555555555555,1.66666666666667,1.2,0.17463,0.2764,0.17633,0.42132
"1651",1.6,0.555555555555555,1.66666666666667,1.2,0.40817,0.62815,0.37851,0.44688
"1652",2.53333333333333,0.555555555555555,1.66666666666667,1.2,0.33466,0.52348,0.33063,0.43295
"1653",3.46666666666667,0.555555555555555,1.66666666666667,1.2,0.29112,0.45581,0.2897,0.43003
"1654",4.4,0.555555555555555,1.66666666666667,1.2,0.26039,0.40888,0.25657,0.42642
"1655",5.33333333333333,0.555555555555555,1.66666666666667,1.2,0.2378,0.37417,0.23795,0.42536
"1656",6.26666666666667,0.555555555555555,1.66666666666667,1.2,0.2194,0.34674,0.22156,0.42429
"1657",7.2,0.555555555555555,1.66666666666667,1.2,0.2056,0.32447,0.20665,0.42303
"1658",8.13333333333333,0.555555555555555,1.66666666666667,1.2,0.19392,0.3057,0.19625,0.42181
"1659",9.06666666666667,0.555555555555555,1.66666666666667,1.2,0.18383,0.29078,0.186,0.42138
"1660",10,0.555555555555555,1.66666666666667,1.2,0.17542,0.27731,0.17634,0.42143
"1661",1.6,1.66666666666667,1.66666666666667,1.2,0.37316,0.50227,0.22368,0.12776
"1662",2.53333333333333,1.66666666666667,1.66666666666667,1.2,0.32117,0.47768,0.27767,0.10242
"1663",3.46666666666667,1.66666666666667,1.66666666666667,1.2,0.2834,0.43305,0.26307,0.09083
"1664",4.4,1.66666666666667,1.66666666666667,1.2,0.25687,0.39596,0.24533,0.08718
"1665",5.33333333333333,1.66666666666667,1.66666666666667,1.2,0.23567,0.36542,0.22761,0.08454
"1666",6.26666666666667,1.66666666666667,1.66666666666667,1.2,0.21912,0.34127,0.21554,0.08352
"1667",7.2,1.66666666666667,1.66666666666667,1.2,0.20455,0.32125,0.2023,0.08209
"1668",8.13333333333333,1.66666666666667,1.66666666666667,1.2,0.19292,0.30345,0.19351,0.08102
"1669",9.06666666666667,1.66666666666667,1.66666666666667,1.2,0.18267,0.28895,0.18102,0.07937
"1670",10,1.66666666666667,1.66666666666667,1.2,0.17455,0.27563,0.1745,0.07903
"1671",1.6,2.77777777777778,1.66666666666667,1.2,0.32369,0.35838,0.11505,0.05321
"1672",2.53333333333333,2.77777777777778,1.66666666666667,1.2,0.30008,0.40694,0.19996,0.03169
"1673",3.46666666666667,2.77777777777778,1.66666666666667,1.2,0.27306,0.39667,0.22066,0.02448
"1674",4.4,2.77777777777778,1.66666666666667,1.2,0.24959,0.37457,0.22173,0.021
"1675",5.33333333333333,2.77777777777778,1.66666666666667,1.2,0.23075,0.35204,0.21553,0.01871
"1676",6.26666666666667,2.77777777777778,1.66666666666667,1.2,0.21491,0.33101,0.20296,0.01842
"1677",7.2,2.77777777777778,1.66666666666667,1.2,0.20216,0.31319,0.19361,0.01747
"1678",8.13333333333333,2.77777777777778,1.66666666666667,1.2,0.19129,0.29819,0.18524,0.01659
"1679",9.06666666666667,2.77777777777778,1.66666666666667,1.2,0.18173,0.28467,0.17831,0.01643
"1680",10,2.77777777777778,1.66666666666667,1.2,0.17337,0.27205,0.17158,0.01562
"1681",1.6,3.88888888888889,1.66666666666667,1.2,0.27834,0.25007,0.06213,0.02704
"1682",2.53333333333333,3.88888888888889,1.66666666666667,1.2,0.27288,0.33097,0.13953,0.01151
"1683",3.46666666666667,3.88888888888889,1.66666666666667,1.2,0.25696,0.34994,0.1799,0.00726
"1684",4.4,3.88888888888889,1.66666666666667,1.2,0.2396,0.34463,0.19231,0.00546
"1685",5.33333333333333,3.88888888888889,1.66666666666667,1.2,0.22456,0.33114,0.19373,0.00462
"1686",6.26666666666667,3.88888888888889,1.66666666666667,1.2,0.21044,0.3172,0.19007,0.00443
"1687",7.2,3.88888888888889,1.66666666666667,1.2,0.19875,0.30286,0.18424,0.00406
"1688",8.13333333333333,3.88888888888889,1.66666666666667,1.2,0.18852,0.28894,0.17727,0.00356
"1689",9.06666666666667,3.88888888888889,1.66666666666667,1.2,0.17959,0.27787,0.17346,0.00343
"1690",10,3.88888888888889,1.66666666666667,1.2,0.1719,0.26768,0.16726,0.00355
"1691",1.6,5,1.66666666666667,1.2,0.23845,0.17943,0.03584,0.0158
"1692",2.53333333333333,5,1.66666666666667,1.2,0.24747,0.2656,0.09639,0.00526
"1693",3.46666666666667,5,1.66666666666667,1.2,0.24081,0.30175,0.13824,0.00272
"1694",4.4,5,1.66666666666667,1.2,0.22897,0.31176,0.16181,0.00192
"1695",5.33333333333333,5,1.66666666666667,1.2,0.21672,0.30843,0.17049,0.00147
"1696",6.26666666666667,5,1.66666666666667,1.2,0.20545,0.30044,0.17328,0.00131
"1697",7.2,5,1.66666666666667,1.2,0.19523,0.29045,0.1719,0.00103
"1698",8.13333333333333,5,1.66666666666667,1.2,0.18648,0.27957,0.16659,0.00103
"1699",9.06666666666667,5,1.66666666666667,1.2,0.17797,0.26901,0.16209,0.0011
"1700",10,5,1.66666666666667,1.2,0.17018,0.25985,0.1589,0.00081
"1701",1.6,-5,2.77777777777778,1.2,0.23844,0.17683,0.03569,0.01669
"1702",2.53333333333333,-5,2.77777777777778,1.2,0.24701,0.26102,0.09734,0.00483
"1703",3.46666666666667,-5,2.77777777777778,1.2,0.23981,0.29868,0.14111,0.00262
"1704",4.4,-5,2.77777777777778,1.2,0.22901,0.30778,0.16247,0.0019
"1705",5.33333333333333,-5,2.77777777777778,1.2,0.21708,0.30595,0.1709,0.00128
"1706",6.26666666666667,-5,2.77777777777778,1.2,0.206,0.29858,0.17316,0.00118
"1707",7.2,-5,2.77777777777778,1.2,0.19607,0.28831,0.17065,0.00113
"1708",8.13333333333333,-5,2.77777777777778,1.2,0.18586,0.2782,0.1674,0.00094
"1709",9.06666666666667,-5,2.77777777777778,1.2,0.17741,0.26897,0.16384,0.00079
"1710",10,-5,2.77777777777778,1.2,0.17057,0.25957,0.16,0.00078
"1711",1.6,-3.88888888888889,2.77777777777778,1.2,0.27807,0.24648,0.06148,0.02748
"1712",2.53333333333333,-3.88888888888889,2.77777777777778,1.2,0.27347,0.32712,0.14075,0.01164
"1713",3.46666666666667,-3.88888888888889,2.77777777777778,1.2,0.25829,0.34522,0.17892,0.00757
"1714",4.4,-3.88888888888889,2.77777777777778,1.2,0.24028,0.34122,0.19066,0.00573
"1715",5.33333333333333,-3.88888888888889,2.77777777777778,1.2,0.2246,0.32953,0.19251,0.00496
"1716",6.26666666666667,-3.88888888888889,2.77777777777778,1.2,0.21085,0.31624,0.19102,0.00442
"1717",7.2,-3.88888888888889,2.77777777777778,1.2,0.19867,0.30273,0.18552,0.00384
"1718",8.13333333333333,-3.88888888888889,2.77777777777778,1.2,0.18857,0.2889,0.17725,0.0038
"1719",9.06666666666667,-3.88888888888889,2.77777777777778,1.2,0.17995,0.27707,0.16962,0.00381
"1720",10,-3.88888888888889,2.77777777777778,1.2,0.172,0.26633,0.16595,0.0037
"1721",1.6,-2.77777777777778,2.77777777777778,1.2,0.3252,0.35347,0.11653,0.05187
"1722",2.53333333333333,-2.77777777777778,2.77777777777778,1.2,0.29965,0.40257,0.20175,0.03014
"1723",3.46666666666667,-2.77777777777778,2.77777777777778,1.2,0.27221,0.39322,0.22071,0.02383
"1724",4.4,-2.77777777777778,2.77777777777778,1.2,0.24905,0.373,0.22194,0.02081
"1725",5.33333333333333,-2.77777777777778,2.77777777777778,1.2,0.22997,0.35187,0.21401,0.01889
"1726",6.26666666666667,-2.77777777777778,2.77777777777778,1.2,0.21439,0.33088,0.20308,0.0178
"1727",7.2,-2.77777777777778,2.77777777777778,1.2,0.20205,0.3129,0.19454,0.01747
"1728",8.13333333333333,-2.77777777777778,2.77777777777778,1.2,0.19042,0.29777,0.1856,0.01665
"1729",9.06666666666667,-2.77777777777778,2.77777777777778,1.2,0.18143,0.28373,0.17654,0.01585
"1730",10,-2.77777777777778,2.77777777777778,1.2,0.17294,0.27148,0.16935,0.01591
"1731",1.6,-1.66666666666667,2.77777777777778,1.2,0.37317,0.49764,0.22171,0.12704
"1732",2.53333333333333,-1.66666666666667,2.77777777777778,1.2,0.32062,0.47521,0.27357,0.10194
"1733",3.46666666666667,-1.66666666666667,2.77777777777778,1.2,0.28369,0.43331,0.26277,0.09333
"1734",4.4,-1.66666666666667,2.77777777777778,1.2,0.25568,0.39803,0.24548,0.08755
"1735",5.33333333333333,-1.66666666666667,2.77777777777778,1.2,0.23364,0.36677,0.22819,0.08452
"1736",6.26666666666667,-1.66666666666667,2.77777777777778,1.2,0.21692,0.34156,0.21492,0.08252
"1737",7.2,-1.66666666666667,2.77777777777778,1.2,0.20333,0.31991,0.20445,0.08129
"1738",8.13333333333333,-1.66666666666667,2.77777777777778,1.2,0.1917,0.30228,0.19249,0.08061
"1739",9.06666666666667,-1.66666666666667,2.77777777777778,1.2,0.18202,0.28721,0.18392,0.07944
"1740",10,-1.66666666666667,2.77777777777778,1.2,0.17346,0.27453,0.17376,0.07892
"1741",1.6,-0.555555555555555,2.77777777777778,1.2,0.40697,0.62622,0.37775,0.44691
"1742",2.53333333333333,-0.555555555555555,2.77777777777778,1.2,0.33567,0.52346,0.3303,0.43508
"1743",3.46666666666667,-0.555555555555555,2.77777777777778,1.2,0.29056,0.45548,0.28909,0.42835
"1744",4.4,-0.555555555555555,2.77777777777778,1.2,0.25914,0.40816,0.26042,0.42547
"1745",5.33333333333333,-0.555555555555555,2.77777777777778,1.2,0.23637,0.37235,0.23976,0.42502
"1746",6.26666666666667,-0.555555555555555,2.77777777777778,1.2,0.21922,0.34561,0.2199,0.42354
"1747",7.2,-0.555555555555555,2.77777777777778,1.2,0.20485,0.32401,0.20654,0.42243
"1748",8.13333333333333,-0.555555555555555,2.77777777777778,1.2,0.19285,0.30606,0.19521,0.42334
"1749",9.06666666666667,-0.555555555555555,2.77777777777778,1.2,0.18294,0.2898,0.18631,0.4212
"1750",10,-0.555555555555555,2.77777777777778,1.2,0.17463,0.2764,0.17704,0.42039
"1751",1.6,0.555555555555555,2.77777777777778,1.2,0.40817,0.62815,0.37654,0.4467
"1752",2.53333333333333,0.555555555555555,2.77777777777778,1.2,0.33466,0.52348,0.32965,0.43398
"1753",3.46666666666667,0.555555555555555,2.77777777777778,1.2,0.29112,0.45581,0.28678,0.42838
"1754",4.4,0.555555555555555,2.77777777777778,1.2,0.26039,0.40888,0.25905,0.42579
"1755",5.33333333333333,0.555555555555555,2.77777777777778,1.2,0.2378,0.37417,0.23831,0.42573
"1756",6.26666666666667,0.555555555555555,2.77777777777778,1.2,0.2194,0.34674,0.2198,0.42375
"1757",7.2,0.555555555555555,2.77777777777778,1.2,0.2056,0.32447,0.20511,0.42225
"1758",8.13333333333333,0.555555555555555,2.77777777777778,1.2,0.19392,0.3057,0.19463,0.4213
"1759",9.06666666666667,0.555555555555555,2.77777777777778,1.2,0.18383,0.29078,0.18257,0.42156
"1760",10,0.555555555555555,2.77777777777778,1.2,0.17542,0.27731,0.17529,0.4206
"1761",1.6,1.66666666666667,2.77777777777778,1.2,0.37316,0.50227,0.22166,0.12697
"1762",2.53333333333333,1.66666666666667,2.77777777777778,1.2,0.32117,0.47768,0.27447,0.10217
"1763",3.46666666666667,1.66666666666667,2.77777777777778,1.2,0.2834,0.43305,0.26181,0.09204
"1764",4.4,1.66666666666667,2.77777777777778,1.2,0.25687,0.39596,0.24543,0.0882
"1765",5.33333333333333,1.66666666666667,2.77777777777778,1.2,0.23567,0.36542,0.22744,0.08457
"1766",6.26666666666667,1.66666666666667,2.77777777777778,1.2,0.21912,0.34127,0.2146,0.08172
"1767",7.2,1.66666666666667,2.77777777777778,1.2,0.20455,0.32125,0.20166,0.08175
"1768",8.13333333333333,1.66666666666667,2.77777777777778,1.2,0.19292,0.30345,0.19093,0.0807
"1769",9.06666666666667,1.66666666666667,2.77777777777778,1.2,0.18267,0.28895,0.18234,0.0802
"1770",10,1.66666666666667,2.77777777777778,1.2,0.17455,0.27563,0.17138,0.0793
"1771",1.6,2.77777777777778,2.77777777777778,1.2,0.32369,0.35838,0.11685,0.05211
"1772",2.53333333333333,2.77777777777778,2.77777777777778,1.2,0.30008,0.40694,0.2028,0.03096
"1773",3.46666666666667,2.77777777777778,2.77777777777778,1.2,0.27306,0.39667,0.22386,0.02395
"1774",4.4,2.77777777777778,2.77777777777778,1.2,0.24959,0.37457,0.22312,0.02099
"1775",5.33333333333333,2.77777777777778,2.77777777777778,1.2,0.23075,0.35204,0.21466,0.0187
"1776",6.26666666666667,2.77777777777778,2.77777777777778,1.2,0.21491,0.33101,0.20442,0.01786
"1777",7.2,2.77777777777778,2.77777777777778,1.2,0.20216,0.31319,0.19543,0.01691
"1778",8.13333333333333,2.77777777777778,2.77777777777778,1.2,0.19129,0.29819,0.18784,0.01673
"1779",9.06666666666667,2.77777777777778,2.77777777777778,1.2,0.18173,0.28467,0.17678,0.01608
"1780",10,2.77777777777778,2.77777777777778,1.2,0.17337,0.27205,0.17169,0.0161
"1781",1.6,3.88888888888889,2.77777777777778,1.2,0.27834,0.25007,0.06148,0.02693
"1782",2.53333333333333,3.88888888888889,2.77777777777778,1.2,0.27288,0.33097,0.14176,0.01131
"1783",3.46666666666667,3.88888888888889,2.77777777777778,1.2,0.25696,0.34994,0.17882,0.0077
"1784",4.4,3.88888888888889,2.77777777777778,1.2,0.2396,0.34463,0.19131,0.0061
"1785",5.33333333333333,3.88888888888889,2.77777777777778,1.2,0.22456,0.33114,0.19267,0.00512
"1786",6.26666666666667,3.88888888888889,2.77777777777778,1.2,0.21044,0.3172,0.19072,0.00422
"1787",7.2,3.88888888888889,2.77777777777778,1.2,0.19875,0.30286,0.18465,0.00406
"1788",8.13333333333333,3.88888888888889,2.77777777777778,1.2,0.18852,0.28894,0.17675,0.00382
"1789",9.06666666666667,3.88888888888889,2.77777777777778,1.2,0.17959,0.27787,0.17101,0.00346
"1790",10,3.88888888888889,2.77777777777778,1.2,0.1719,0.26768,0.16733,0.00343
"1791",1.6,5,2.77777777777778,1.2,0.23845,0.17943,0.03616,0.01614
"1792",2.53333333333333,5,2.77777777777778,1.2,0.24747,0.2656,0.09573,0.00524
"1793",3.46666666666667,5,2.77777777777778,1.2,0.24081,0.30175,0.14077,0.00275
"1794",4.4,5,2.77777777777778,1.2,0.22897,0.31176,0.16216,0.00186
"1795",5.33333333333333,5,2.77777777777778,1.2,0.21672,0.30843,0.17122,0.00136
"1796",6.26666666666667,5,2.77777777777778,1.2,0.20545,0.30044,0.17492,0.00111
"1797",7.2,5,2.77777777777778,1.2,0.19523,0.29045,0.17295,0.00104
"1798",8.13333333333333,5,2.77777777777778,1.2,0.18648,0.27957,0.17025,0.00088
"1799",9.06666666666667,5,2.77777777777778,1.2,0.17797,0.26901,0.16589,0.00096
"1800",10,5,2.77777777777778,1.2,0.17018,0.25985,0.16062,8e-04
"1801",1.6,-5,3.88888888888889,1.2,0.23844,0.17683,0.03481,0.01609
"1802",2.53333333333333,-5,3.88888888888889,1.2,0.24701,0.26102,0.09584,0.00501
"1803",3.46666666666667,-5,3.88888888888889,1.2,0.23981,0.29868,0.13955,0.00249
"1804",4.4,-5,3.88888888888889,1.2,0.22901,0.30778,0.16348,0.00198
"1805",5.33333333333333,-5,3.88888888888889,1.2,0.21708,0.30595,0.17139,0.0014
"1806",6.26666666666667,-5,3.88888888888889,1.2,0.206,0.29858,0.17212,0.00105
"1807",7.2,-5,3.88888888888889,1.2,0.19607,0.28831,0.17327,0.00096
"1808",8.13333333333333,-5,3.88888888888889,1.2,0.18586,0.2782,0.16896,0.00105
"1809",9.06666666666667,-5,3.88888888888889,1.2,0.17741,0.26897,0.16289,0.00103
"1810",10,-5,3.88888888888889,1.2,0.17057,0.25957,0.16137,9e-04
"1811",1.6,-3.88888888888889,3.88888888888889,1.2,0.27807,0.24648,0.06183,0.02665
"1812",2.53333333333333,-3.88888888888889,3.88888888888889,1.2,0.27347,0.32712,0.14058,0.01127
"1813",3.46666666666667,-3.88888888888889,3.88888888888889,1.2,0.25829,0.34522,0.18009,0.00746
"1814",4.4,-3.88888888888889,3.88888888888889,1.2,0.24028,0.34122,0.19194,0.00583
"1815",5.33333333333333,-3.88888888888889,3.88888888888889,1.2,0.2246,0.32953,0.1954,0.00484
"1816",6.26666666666667,-3.88888888888889,3.88888888888889,1.2,0.21085,0.31624,0.18991,0.0045
"1817",7.2,-3.88888888888889,3.88888888888889,1.2,0.19867,0.30273,0.18407,0.00404
"1818",8.13333333333333,-3.88888888888889,3.88888888888889,1.2,0.18857,0.2889,0.17664,0.00392
"1819",9.06666666666667,-3.88888888888889,3.88888888888889,1.2,0.17995,0.27707,0.17336,0.00357
"1820",10,-3.88888888888889,3.88888888888889,1.2,0.172,0.26633,0.16684,0.0034
"1821",1.6,-2.77777777777778,3.88888888888889,1.2,0.3252,0.35347,0.11796,0.05181
"1822",2.53333333333333,-2.77777777777778,3.88888888888889,1.2,0.29965,0.40257,0.20247,0.03039
"1823",3.46666666666667,-2.77777777777778,3.88888888888889,1.2,0.27221,0.39322,0.22329,0.02307
"1824",4.4,-2.77777777777778,3.88888888888889,1.2,0.24905,0.373,0.22241,0.02084
"1825",5.33333333333333,-2.77777777777778,3.88888888888889,1.2,0.22997,0.35187,0.21392,0.01944
"1826",6.26666666666667,-2.77777777777778,3.88888888888889,1.2,0.21439,0.33088,0.20419,0.01779
"1827",7.2,-2.77777777777778,3.88888888888889,1.2,0.20205,0.3129,0.19604,0.01712
"1828",8.13333333333333,-2.77777777777778,3.88888888888889,1.2,0.19042,0.29777,0.1846,0.01657
"1829",9.06666666666667,-2.77777777777778,3.88888888888889,1.2,0.18143,0.28373,0.17655,0.01609
"1830",10,-2.77777777777778,3.88888888888889,1.2,0.17294,0.27148,0.17175,0.01564
"1831",1.6,-1.66666666666667,3.88888888888889,1.2,0.37317,0.49764,0.22337,0.12721
"1832",2.53333333333333,-1.66666666666667,3.88888888888889,1.2,0.32062,0.47521,0.27223,0.10115
"1833",3.46666666666667,-1.66666666666667,3.88888888888889,1.2,0.28369,0.43331,0.2635,0.09206
"1834",4.4,-1.66666666666667,3.88888888888889,1.2,0.25568,0.39803,0.24639,0.08816
"1835",5.33333333333333,-1.66666666666667,3.88888888888889,1.2,0.23364,0.36677,0.22902,0.08449
"1836",6.26666666666667,-1.66666666666667,3.88888888888889,1.2,0.21692,0.34156,0.21573,0.08315
"1837",7.2,-1.66666666666667,3.88888888888889,1.2,0.20333,0.31991,0.20165,0.0807
"1838",8.13333333333333,-1.66666666666667,3.88888888888889,1.2,0.1917,0.30228,0.19093,0.08076
"1839",9.06666666666667,-1.66666666666667,3.88888888888889,1.2,0.18202,0.28721,0.18393,0.08037
"1840",10,-1.66666666666667,3.88888888888889,1.2,0.17346,0.27453,0.17383,0.07906
"1841",1.6,-0.555555555555555,3.88888888888889,1.2,0.40697,0.62622,0.38042,0.44673
"1842",2.53333333333333,-0.555555555555555,3.88888888888889,1.2,0.33567,0.52346,0.32729,0.43319
"1843",3.46666666666667,-0.555555555555555,3.88888888888889,1.2,0.29056,0.45548,0.2894,0.42839
"1844",4.4,-0.555555555555555,3.88888888888889,1.2,0.25914,0.40816,0.25953,0.42489
"1845",5.33333333333333,-0.555555555555555,3.88888888888889,1.2,0.23637,0.37235,0.23741,0.42539
"1846",6.26666666666667,-0.555555555555555,3.88888888888889,1.2,0.21922,0.34561,0.22046,0.42357
"1847",7.2,-0.555555555555555,3.88888888888889,1.2,0.20485,0.32401,0.20646,0.42312
"1848",8.13333333333333,-0.555555555555555,3.88888888888889,1.2,0.19285,0.30606,0.19463,0.42168
"1849",9.06666666666667,-0.555555555555555,3.88888888888889,1.2,0.18294,0.2898,0.18496,0.42188
"1850",10,-0.555555555555555,3.88888888888889,1.2,0.17463,0.2764,0.177,0.42112
"1851",1.6,0.555555555555555,3.88888888888889,1.2,0.40817,0.62815,0.3778,0.44742
"1852",2.53333333333333,0.555555555555555,3.88888888888889,1.2,0.33466,0.52348,0.32925,0.43421
"1853",3.46666666666667,0.555555555555555,3.88888888888889,1.2,0.29112,0.45581,0.28626,0.42921
"1854",4.4,0.555555555555555,3.88888888888889,1.2,0.26039,0.40888,0.25932,0.42535
"1855",5.33333333333333,0.555555555555555,3.88888888888889,1.2,0.2378,0.37417,0.23828,0.42444
"1856",6.26666666666667,0.555555555555555,3.88888888888889,1.2,0.2194,0.34674,0.22015,0.4224
"1857",7.2,0.555555555555555,3.88888888888889,1.2,0.2056,0.32447,0.206,0.42319
"1858",8.13333333333333,0.555555555555555,3.88888888888889,1.2,0.19392,0.3057,0.1947,0.42208
"1859",9.06666666666667,0.555555555555555,3.88888888888889,1.2,0.18383,0.29078,0.1845,0.42203
"1860",10,0.555555555555555,3.88888888888889,1.2,0.17542,0.27731,0.17633,0.42094
"1861",1.6,1.66666666666667,3.88888888888889,1.2,0.37316,0.50227,0.22328,0.12718
"1862",2.53333333333333,1.66666666666667,3.88888888888889,1.2,0.32117,0.47768,0.27601,0.10282
"1863",3.46666666666667,1.66666666666667,3.88888888888889,1.2,0.2834,0.43305,0.26384,0.09167
"1864",4.4,1.66666666666667,3.88888888888889,1.2,0.25687,0.39596,0.24667,0.08765
"1865",5.33333333333333,1.66666666666667,3.88888888888889,1.2,0.23567,0.36542,0.23178,0.08509
"1866",6.26666666666667,1.66666666666667,3.88888888888889,1.2,0.21912,0.34127,0.21457,0.0828
"1867",7.2,1.66666666666667,3.88888888888889,1.2,0.20455,0.32125,0.20172,0.08242
"1868",8.13333333333333,1.66666666666667,3.88888888888889,1.2,0.19292,0.30345,0.19276,0.08045
"1869",9.06666666666667,1.66666666666667,3.88888888888889,1.2,0.18267,0.28895,0.18396,0.0803
"1870",10,1.66666666666667,3.88888888888889,1.2,0.17455,0.27563,0.17529,0.07876
"1871",1.6,2.77777777777778,3.88888888888889,1.2,0.32369,0.35838,0.11684,0.05328
"1872",2.53333333333333,2.77777777777778,3.88888888888889,1.2,0.30008,0.40694,0.20248,0.0307
"1873",3.46666666666667,2.77777777777778,3.88888888888889,1.2,0.27306,0.39667,0.22298,0.02387
"1874",4.4,2.77777777777778,3.88888888888889,1.2,0.24959,0.37457,0.22024,0.0209
"1875",5.33333333333333,2.77777777777778,3.88888888888889,1.2,0.23075,0.35204,0.21453,0.01964
"1876",6.26666666666667,2.77777777777778,3.88888888888889,1.2,0.21491,0.33101,0.20455,0.01732
"1877",7.2,2.77777777777778,3.88888888888889,1.2,0.20216,0.31319,0.19328,0.01759
"1878",8.13333333333333,2.77777777777778,3.88888888888889,1.2,0.19129,0.29819,0.18228,0.01702
"1879",9.06666666666667,2.77777777777778,3.88888888888889,1.2,0.18173,0.28467,0.18103,0.01592
"1880",10,2.77777777777778,3.88888888888889,1.2,0.17337,0.27205,0.17146,0.016
"1881",1.6,3.88888888888889,3.88888888888889,1.2,0.27834,0.25007,0.06332,0.02599
"1882",2.53333333333333,3.88888888888889,3.88888888888889,1.2,0.27288,0.33097,0.13908,0.01189
"1883",3.46666666666667,3.88888888888889,3.88888888888889,1.2,0.25696,0.34994,0.1776,0.00743
"1884",4.4,3.88888888888889,3.88888888888889,1.2,0.2396,0.34463,0.19222,0.00572
"1885",5.33333333333333,3.88888888888889,3.88888888888889,1.2,0.22456,0.33114,0.19501,0.00499
"1886",6.26666666666667,3.88888888888889,3.88888888888889,1.2,0.21044,0.3172,0.18837,0.00433
"1887",7.2,3.88888888888889,3.88888888888889,1.2,0.19875,0.30286,0.18381,0.00419
"1888",8.13333333333333,3.88888888888889,3.88888888888889,1.2,0.18852,0.28894,0.17681,0.00405
"1889",9.06666666666667,3.88888888888889,3.88888888888889,1.2,0.17959,0.27787,0.17242,0.00355
"1890",10,3.88888888888889,3.88888888888889,1.2,0.1719,0.26768,0.16561,0.0033
"1891",1.6,5,3.88888888888889,1.2,0.23845,0.17943,0.03633,0.01597
"1892",2.53333333333333,5,3.88888888888889,1.2,0.24747,0.2656,0.0963,0.00507
"1893",3.46666666666667,5,3.88888888888889,1.2,0.24081,0.30175,0.13959,0.00302
"1894",4.4,5,3.88888888888889,1.2,0.22897,0.31176,0.16092,0.00186
"1895",5.33333333333333,5,3.88888888888889,1.2,0.21672,0.30843,0.17148,0.00135
"1896",6.26666666666667,5,3.88888888888889,1.2,0.20545,0.30044,0.17292,0.0012
"1897",7.2,5,3.88888888888889,1.2,0.19523,0.29045,0.1717,0.00101
"1898",8.13333333333333,5,3.88888888888889,1.2,0.18648,0.27957,0.16903,0.00109
"1899",9.06666666666667,5,3.88888888888889,1.2,0.17797,0.26901,0.16235,0.00099
"1900",10,5,3.88888888888889,1.2,0.17018,0.25985,0.15834,0.00085
"1901",1.6,-5,5,1.2,0.23844,0.17683,0.03582,0.01626
"1902",2.53333333333333,-5,5,1.2,0.24701,0.26102,0.09774,0.00516
"1903",3.46666666666667,-5,5,1.2,0.23981,0.29868,0.14,0.00274
"1904",4.4,-5,5,1.2,0.22901,0.30778,0.16158,0.00185
"1905",5.33333333333333,-5,5,1.2,0.21708,0.30595,0.17246,0.00149
"1906",6.26666666666667,-5,5,1.2,0.206,0.29858,0.17336,0.00131
"1907",7.2,-5,5,1.2,0.19607,0.28831,0.1708,0.00093
"1908",8.13333333333333,-5,5,1.2,0.18586,0.2782,0.16651,0.00096
"1909",9.06666666666667,-5,5,1.2,0.17741,0.26897,0.16517,0.00096
"1910",10,-5,5,1.2,0.17057,0.25957,0.15896,0.00092
"1911",1.6,-3.88888888888889,5,1.2,0.27807,0.24648,0.06255,0.02767
"1912",2.53333333333333,-3.88888888888889,5,1.2,0.27347,0.32712,0.14073,0.01135
"1913",3.46666666666667,-3.88888888888889,5,1.2,0.25829,0.34522,0.17823,0.00742
"1914",4.4,-3.88888888888889,5,1.2,0.24028,0.34122,0.19335,0.00579
"1915",5.33333333333333,-3.88888888888889,5,1.2,0.2246,0.32953,0.19213,0.00507
"1916",6.26666666666667,-3.88888888888889,5,1.2,0.21085,0.31624,0.19008,0.0043
"1917",7.2,-3.88888888888889,5,1.2,0.19867,0.30273,0.18597,0.00421
"1918",8.13333333333333,-3.88888888888889,5,1.2,0.18857,0.2889,0.17707,0.00394
"1919",9.06666666666667,-3.88888888888889,5,1.2,0.17995,0.27707,0.1729,0.00353
"1920",10,-3.88888888888889,5,1.2,0.172,0.26633,0.16551,0.00317
"1921",1.6,-2.77777777777778,5,1.2,0.3252,0.35347,0.11618,0.052
"1922",2.53333333333333,-2.77777777777778,5,1.2,0.29965,0.40257,0.20293,0.03059
"1923",3.46666666666667,-2.77777777777778,5,1.2,0.27221,0.39322,0.22348,0.0236
"1924",4.4,-2.77777777777778,5,1.2,0.24905,0.373,0.22274,0.02086
"1925",5.33333333333333,-2.77777777777778,5,1.2,0.22997,0.35187,0.21216,0.01885
"1926",6.26666666666667,-2.77777777777778,5,1.2,0.21439,0.33088,0.20457,0.01806
"1927",7.2,-2.77777777777778,5,1.2,0.20205,0.3129,0.19384,0.01708
"1928",8.13333333333333,-2.77777777777778,5,1.2,0.19042,0.29777,0.18481,0.01654
"1929",9.06666666666667,-2.77777777777778,5,1.2,0.18143,0.28373,0.17896,0.01629
"1930",10,-2.77777777777778,5,1.2,0.17294,0.27148,0.17141,0.01583
"1931",1.6,-1.66666666666667,5,1.2,0.37317,0.49764,0.22266,0.12785
"1932",2.53333333333333,-1.66666666666667,5,1.2,0.32062,0.47521,0.27573,0.1025
"1933",3.46666666666667,-1.66666666666667,5,1.2,0.28369,0.43331,0.26495,0.09264
"1934",4.4,-1.66666666666667,5,1.2,0.25568,0.39803,0.24402,0.08819
"1935",5.33333333333333,-1.66666666666667,5,1.2,0.23364,0.36677,0.2302,0.08509
"1936",6.26666666666667,-1.66666666666667,5,1.2,0.21692,0.34156,0.21486,0.08377
"1937",7.2,-1.66666666666667,5,1.2,0.20333,0.31991,0.20095,0.08114
"1938",8.13333333333333,-1.66666666666667,5,1.2,0.1917,0.30228,0.19112,0.08051
"1939",9.06666666666667,-1.66666666666667,5,1.2,0.18202,0.28721,0.18041,0.07925
"1940",10,-1.66666666666667,5,1.2,0.17346,0.27453,0.17393,0.07906
"1941",1.6,-0.555555555555555,5,1.2,0.40697,0.62622,0.37729,0.44743
"1942",2.53333333333333,-0.555555555555555,5,1.2,0.33567,0.52346,0.33226,0.4335
"1943",3.46666666666667,-0.555555555555555,5,1.2,0.29056,0.45548,0.28945,0.4291
"1944",4.4,-0.555555555555555,5,1.2,0.25914,0.40816,0.26087,0.42748
"1945",5.33333333333333,-0.555555555555555,5,1.2,0.23637,0.37235,0.24023,0.42529
"1946",6.26666666666667,-0.555555555555555,5,1.2,0.21922,0.34561,0.21987,0.42317
"1947",7.2,-0.555555555555555,5,1.2,0.20485,0.32401,0.20558,0.4219
"1948",8.13333333333333,-0.555555555555555,5,1.2,0.19285,0.30606,0.19473,0.42294
"1949",9.06666666666667,-0.555555555555555,5,1.2,0.18294,0.2898,0.18464,0.42139
"1950",10,-0.555555555555555,5,1.2,0.17463,0.2764,0.17428,0.42143
"1951",1.6,0.555555555555555,5,1.2,0.40817,0.62815,0.37733,0.44678
"1952",2.53333333333333,0.555555555555555,5,1.2,0.33466,0.52348,0.33031,0.43342
"1953",3.46666666666667,0.555555555555555,5,1.2,0.29112,0.45581,0.28543,0.42912
"1954",4.4,0.555555555555555,5,1.2,0.26039,0.40888,0.2589,0.42662
"1955",5.33333333333333,0.555555555555555,5,1.2,0.2378,0.37417,0.23661,0.42551
"1956",6.26666666666667,0.555555555555555,5,1.2,0.2194,0.34674,0.2197,0.423
"1957",7.2,0.555555555555555,5,1.2,0.2056,0.32447,0.20622,0.42238
"1958",8.13333333333333,0.555555555555555,5,1.2,0.19392,0.3057,0.19497,0.42053
"1959",9.06666666666667,0.555555555555555,5,1.2,0.18383,0.29078,0.18412,0.42084
"1960",10,0.555555555555555,5,1.2,0.17542,0.27731,0.17557,0.42201
"1961",1.6,1.66666666666667,5,1.2,0.37316,0.50227,0.2256,0.12789
"1962",2.53333333333333,1.66666666666667,5,1.2,0.32117,0.47768,0.27245,0.10149
"1963",3.46666666666667,1.66666666666667,5,1.2,0.2834,0.43305,0.26064,0.09269
"1964",4.4,1.66666666666667,5,1.2,0.25687,0.39596,0.24623,0.08777
"1965",5.33333333333333,1.66666666666667,5,1.2,0.23567,0.36542,0.23066,0.08458
"1966",6.26666666666667,1.66666666666667,5,1.2,0.21912,0.34127,0.21614,0.08255
"1967",7.2,1.66666666666667,5,1.2,0.20455,0.32125,0.20275,0.08042
"1968",8.13333333333333,1.66666666666667,5,1.2,0.19292,0.30345,0.19158,0.08132
"1969",9.06666666666667,1.66666666666667,5,1.2,0.18267,0.28895,0.18141,0.07884
"1970",10,1.66666666666667,5,1.2,0.17455,0.27563,0.17377,0.07826
"1971",1.6,2.77777777777778,5,1.2,0.32369,0.35838,0.11656,0.05174
"1972",2.53333333333333,2.77777777777778,5,1.2,0.30008,0.40694,0.20358,0.03076
"1973",3.46666666666667,2.77777777777778,5,1.2,0.27306,0.39667,0.221,0.02402
"1974",4.4,2.77777777777778,5,1.2,0.24959,0.37457,0.22281,0.02052
"1975",5.33333333333333,2.77777777777778,5,1.2,0.23075,0.35204,0.21582,0.01925
"1976",6.26666666666667,2.77777777777778,5,1.2,0.21491,0.33101,0.20547,0.01743
"1977",7.2,2.77777777777778,5,1.2,0.20216,0.31319,0.19306,0.01734
"1978",8.13333333333333,2.77777777777778,5,1.2,0.19129,0.29819,0.18662,0.01631
"1979",9.06666666666667,2.77777777777778,5,1.2,0.18173,0.28467,0.17795,0.01599
"1980",10,2.77777777777778,5,1.2,0.17337,0.27205,0.17335,0.01586
"1981",1.6,3.88888888888889,5,1.2,0.27834,0.25007,0.063,0.02699
"1982",2.53333333333333,3.88888888888889,5,1.2,0.27288,0.33097,0.14151,0.01195
"1983",3.46666666666667,3.88888888888889,5,1.2,0.25696,0.34994,0.18,0.00774
"1984",4.4,3.88888888888889,5,1.2,0.2396,0.34463,0.19291,0.00607
"1985",5.33333333333333,3.88888888888889,5,1.2,0.22456,0.33114,0.19442,0.00478
"1986",6.26666666666667,3.88888888888889,5,1.2,0.21044,0.3172,0.19192,0.00433
"1987",7.2,3.88888888888889,5,1.2,0.19875,0.30286,0.18363,0.0041
"1988",8.13333333333333,3.88888888888889,5,1.2,0.18852,0.28894,0.17941,0.00411
"1989",9.06666666666667,3.88888888888889,5,1.2,0.17959,0.27787,0.17098,0.00356
"1990",10,3.88888888888889,5,1.2,0.1719,0.26768,0.16717,0.00349
"1991",1.6,5,5,1.2,0.23845,0.17943,0.03554,0.01606
"1992",2.53333333333333,5,5,1.2,0.24747,0.2656,0.09592,0.00482
"1993",3.46666666666667,5,5,1.2,0.24081,0.30175,0.14137,0.00277
"1994",4.4,5,5,1.2,0.22897,0.31176,0.16376,0.00201
"1995",5.33333333333333,5,5,1.2,0.21672,0.30843,0.17012,0.00141
"1996",6.26666666666667,5,5,1.2,0.20545,0.30044,0.17385,0.00106
"1997",7.2,5,5,1.2,0.19523,0.29045,0.17411,0.00103
"1998",8.13333333333333,5,5,1.2,0.18648,0.27957,0.168,0.00107
"1999",9.06666666666667,5,5,1.2,0.17797,0.26901,0.16455,0.00097
"2000",10,5,5,1.2,0.17018,0.25985,0.16055,0.00085
"2001",1.6,-5,-5,2.3,0.23844,0.17683,0.03532,0.01603
"2002",2.53333333333333,-5,-5,2.3,0.24701,0.26102,0.09713,0.00538
"2003",3.46666666666667,-5,-5,2.3,0.23981,0.29868,0.14066,0.00284
"2004",4.4,-5,-5,2.3,0.22901,0.30778,0.16183,0.0018
"2005",5.33333333333333,-5,-5,2.3,0.21708,0.30595,0.17049,0.00137
"2006",6.26666666666667,-5,-5,2.3,0.206,0.29858,0.17369,0.0012
"2007",7.2,-5,-5,2.3,0.19607,0.28831,0.17189,0.00108
"2008",8.13333333333333,-5,-5,2.3,0.18586,0.2782,0.16759,0.00096
"2009",9.06666666666667,-5,-5,2.3,0.17741,0.26897,0.16524,0.00083
"2010",10,-5,-5,2.3,0.17057,0.25957,0.16066,0.00077
"2011",1.6,-3.88888888888889,-5,2.3,0.27807,0.24648,0.06267,0.02799
"2012",2.53333333333333,-3.88888888888889,-5,2.3,0.27347,0.32712,0.14021,0.0111
"2013",3.46666666666667,-3.88888888888889,-5,2.3,0.25829,0.34522,0.1791,0.00734
"2014",4.4,-3.88888888888889,-5,2.3,0.24028,0.34122,0.19148,0.00559
"2015",5.33333333333333,-3.88888888888889,-5,2.3,0.2246,0.32953,0.19201,0.00503
"2016",6.26666666666667,-3.88888888888889,-5,2.3,0.21085,0.31624,0.19215,0.00451
"2017",7.2,-3.88888888888889,-5,2.3,0.19867,0.30273,0.18504,0.00394
"2018",8.13333333333333,-3.88888888888889,-5,2.3,0.18857,0.2889,0.17764,0.0039
"2019",9.06666666666667,-3.88888888888889,-5,2.3,0.17995,0.27707,0.17201,0.00353
"2020",10,-3.88888888888889,-5,2.3,0.172,0.26633,0.16509,0.00332
"2021",1.6,-2.77777777777778,-5,2.3,0.3252,0.35347,0.11611,0.05266
"2022",2.53333333333333,-2.77777777777778,-5,2.3,0.29965,0.40257,0.20068,0.03138
"2023",3.46666666666667,-2.77777777777778,-5,2.3,0.27221,0.39322,0.22379,0.02413
"2024",4.4,-2.77777777777778,-5,2.3,0.24905,0.373,0.22302,0.02112
"2025",5.33333333333333,-2.77777777777778,-5,2.3,0.22997,0.35187,0.21436,0.01889
"2026",6.26666666666667,-2.77777777777778,-5,2.3,0.21439,0.33088,0.2043,0.01813
"2027",7.2,-2.77777777777778,-5,2.3,0.20205,0.3129,0.19606,0.0172
"2028",8.13333333333333,-2.77777777777778,-5,2.3,0.19042,0.29777,0.18528,0.01605
"2029",9.06666666666667,-2.77777777777778,-5,2.3,0.18143,0.28373,0.17756,0.01642
"2030",10,-2.77777777777778,-5,2.3,0.17294,0.27148,0.17196,0.01621
"2031",1.6,-1.66666666666667,-5,2.3,0.37317,0.49764,0.22353,0.12818
"2032",2.53333333333333,-1.66666666666667,-5,2.3,0.32062,0.47521,0.27371,0.10105
"2033",3.46666666666667,-1.66666666666667,-5,2.3,0.28369,0.43331,0.26585,0.09094
"2034",4.4,-1.66666666666667,-5,2.3,0.25568,0.39803,0.24756,0.0882
"2035",5.33333333333333,-1.66666666666667,-5,2.3,0.23364,0.36677,0.22885,0.08416
"2036",6.26666666666667,-1.66666666666667,-5,2.3,0.21692,0.34156,0.21592,0.08356
"2037",7.2,-1.66666666666667,-5,2.3,0.20333,0.31991,0.20461,0.08083
"2038",8.13333333333333,-1.66666666666667,-5,2.3,0.1917,0.30228,0.19132,0.0815
"2039",9.06666666666667,-1.66666666666667,-5,2.3,0.18202,0.28721,0.18411,0.07917
"2040",10,-1.66666666666667,-5,2.3,0.17346,0.27453,0.17375,0.07903
"2041",1.6,-0.555555555555555,-5,2.3,0.40697,0.62622,0.37865,0.44794
"2042",2.53333333333333,-0.555555555555555,-5,2.3,0.33567,0.52346,0.32855,0.4333
"2043",3.46666666666667,-0.555555555555555,-5,2.3,0.29056,0.45548,0.2904,0.42987
"2044",4.4,-0.555555555555555,-5,2.3,0.25914,0.40816,0.25943,0.42628
"2045",5.33333333333333,-0.555555555555555,-5,2.3,0.23637,0.37235,0.23522,0.42584
"2046",6.26666666666667,-0.555555555555555,-5,2.3,0.21922,0.34561,0.21984,0.42371
"2047",7.2,-0.555555555555555,-5,2.3,0.20485,0.32401,0.20712,0.42257
"2048",8.13333333333333,-0.555555555555555,-5,2.3,0.19285,0.30606,0.19418,0.42235
"2049",9.06666666666667,-0.555555555555555,-5,2.3,0.18294,0.2898,0.18579,0.42127
"2050",10,-0.555555555555555,-5,2.3,0.17463,0.2764,0.17466,0.42163
"2051",1.6,0.555555555555555,-5,2.3,0.40817,0.62815,0.3784,0.44777
"2052",2.53333333333333,0.555555555555555,-5,2.3,0.33466,0.52348,0.32814,0.43341
"2053",3.46666666666667,0.555555555555555,-5,2.3,0.29112,0.45581,0.28915,0.42792
"2054",4.4,0.555555555555555,-5,2.3,0.26039,0.40888,0.25864,0.42665
"2055",5.33333333333333,0.555555555555555,-5,2.3,0.2378,0.37417,0.23546,0.42469
"2056",6.26666666666667,0.555555555555555,-5,2.3,0.2194,0.34674,0.22132,0.42293
"2057",7.2,0.555555555555555,-5,2.3,0.2056,0.32447,0.2081,0.42314
"2058",8.13333333333333,0.555555555555555,-5,2.3,0.19392,0.3057,0.19435,0.42264
"2059",9.06666666666667,0.555555555555555,-5,2.3,0.18383,0.29078,0.18443,0.42204
"2060",10,0.555555555555555,-5,2.3,0.17542,0.27731,0.17648,0.42127
"2061",1.6,1.66666666666667,-5,2.3,0.37316,0.50227,0.22358,0.12766
"2062",2.53333333333333,1.66666666666667,-5,2.3,0.32117,0.47768,0.27569,0.10236
"2063",3.46666666666667,1.66666666666667,-5,2.3,0.2834,0.43305,0.26519,0.09249
"2064",4.4,1.66666666666667,-5,2.3,0.25687,0.39596,0.24604,0.08794
"2065",5.33333333333333,1.66666666666667,-5,2.3,0.23567,0.36542,0.22908,0.08472
"2066",6.26666666666667,1.66666666666667,-5,2.3,0.21912,0.34127,0.21754,0.08283
"2067",7.2,1.66666666666667,-5,2.3,0.20455,0.32125,0.20091,0.08176
"2068",8.13333333333333,1.66666666666667,-5,2.3,0.19292,0.30345,0.1894,0.08031
"2069",9.06666666666667,1.66666666666667,-5,2.3,0.18267,0.28895,0.18133,0.07924
"2070",10,1.66666666666667,-5,2.3,0.17455,0.27563,0.17347,0.07902
"2071",1.6,2.77777777777778,-5,2.3,0.32369,0.35838,0.11571,0.05239
"2072",2.53333333333333,2.77777777777778,-5,2.3,0.30008,0.40694,0.20142,0.03015
"2073",3.46666666666667,2.77777777777778,-5,2.3,0.27306,0.39667,0.22497,0.02479
"2074",4.4,2.77777777777778,-5,2.3,0.24959,0.37457,0.21946,0.02095
"2075",5.33333333333333,2.77777777777778,-5,2.3,0.23075,0.35204,0.21257,0.01892
"2076",6.26666666666667,2.77777777777778,-5,2.3,0.21491,0.33101,0.20371,0.01811
"2077",7.2,2.77777777777778,-5,2.3,0.20216,0.31319,0.19533,0.01738
"2078",8.13333333333333,2.77777777777778,-5,2.3,0.19129,0.29819,0.187,0.01648
"2079",9.06666666666667,2.77777777777778,-5,2.3,0.18173,0.28467,0.17805,0.0164
"2080",10,2.77777777777778,-5,2.3,0.17337,0.27205,0.17032,0.01571
"2081",1.6,3.88888888888889,-5,2.3,0.27834,0.25007,0.06248,0.02717
"2082",2.53333333333333,3.88888888888889,-5,2.3,0.27288,0.33097,0.14019,0.01111
"2083",3.46666666666667,3.88888888888889,-5,2.3,0.25696,0.34994,0.17888,0.00734
"2084",4.4,3.88888888888889,-5,2.3,0.2396,0.34463,0.19341,0.00573
"2085",5.33333333333333,3.88888888888889,-5,2.3,0.22456,0.33114,0.19403,0.00522
"2086",6.26666666666667,3.88888888888889,-5,2.3,0.21044,0.3172,0.19115,0.00395
"2087",7.2,3.88888888888889,-5,2.3,0.19875,0.30286,0.18308,0.00391
"2088",8.13333333333333,3.88888888888889,-5,2.3,0.18852,0.28894,0.17833,0.00379
"2089",9.06666666666667,3.88888888888889,-5,2.3,0.17959,0.27787,0.17202,0.00352
"2090",10,3.88888888888889,-5,2.3,0.1719,0.26768,0.16466,0.00363
"2091",1.6,5,-5,2.3,0.23845,0.17943,0.03609,0.01618
"2092",2.53333333333333,5,-5,2.3,0.24747,0.2656,0.09589,0.00472
"2093",3.46666666666667,5,-5,2.3,0.24081,0.30175,0.13971,0.0029
"2094",4.4,5,-5,2.3,0.22897,0.31176,0.16327,0.00194
"2095",5.33333333333333,5,-5,2.3,0.21672,0.30843,0.17018,0.00158
"2096",6.26666666666667,5,-5,2.3,0.20545,0.30044,0.1741,0.00123
"2097",7.2,5,-5,2.3,0.19523,0.29045,0.17017,0.0011
"2098",8.13333333333333,5,-5,2.3,0.18648,0.27957,0.16771,0.00103
"2099",9.06666666666667,5,-5,2.3,0.17797,0.26901,0.16516,0.00085
"2100",10,5,-5,2.3,0.17018,0.25985,0.15913,0.00078
"2101",1.6,-5,-3.88888888888889,2.3,0.23844,0.17683,0.03526,0.01624
"2102",2.53333333333333,-5,-3.88888888888889,2.3,0.24701,0.26102,0.09675,0.00536
"2103",3.46666666666667,-5,-3.88888888888889,2.3,0.23981,0.29868,0.13987,0.00279
"2104",4.4,-5,-3.88888888888889,2.3,0.22901,0.30778,0.16292,0.00168
"2105",5.33333333333333,-5,-3.88888888888889,2.3,0.21708,0.30595,0.1738,0.00162
"2106",6.26666666666667,-5,-3.88888888888889,2.3,0.206,0.29858,0.17194,0.0011
"2107",7.2,-5,-3.88888888888889,2.3,0.19607,0.28831,0.1721,0.00118
"2108",8.13333333333333,-5,-3.88888888888889,2.3,0.18586,0.2782,0.16824,0.00101
"2109",9.06666666666667,-5,-3.88888888888889,2.3,0.17741,0.26897,0.1633,0.00095
"2110",10,-5,-3.88888888888889,2.3,0.17057,0.25957,0.15912,0.00092
"2111",1.6,-3.88888888888889,-3.88888888888889,2.3,0.27807,0.24648,0.06148,0.02707
"2112",2.53333333333333,-3.88888888888889,-3.88888888888889,2.3,0.27347,0.32712,0.14295,0.01115
"2113",3.46666666666667,-3.88888888888889,-3.88888888888889,2.3,0.25829,0.34522,0.1788,0.00732
"2114",4.4,-3.88888888888889,-3.88888888888889,2.3,0.24028,0.34122,0.19151,0.0061
"2115",5.33333333333333,-3.88888888888889,-3.88888888888889,2.3,0.2246,0.32953,0.19415,0.00478
"2116",6.26666666666667,-3.88888888888889,-3.88888888888889,2.3,0.21085,0.31624,0.18937,0.00469
"2117",7.2,-3.88888888888889,-3.88888888888889,2.3,0.19867,0.30273,0.18525,0.00425
"2118",8.13333333333333,-3.88888888888889,-3.88888888888889,2.3,0.18857,0.2889,0.17977,0.0038
"2119",9.06666666666667,-3.88888888888889,-3.88888888888889,2.3,0.17995,0.27707,0.17278,0.00348
"2120",10,-3.88888888888889,-3.88888888888889,2.3,0.172,0.26633,0.16442,0.00361
"2121",1.6,-2.77777777777778,-3.88888888888889,2.3,0.3252,0.35347,0.1165,0.05299
"2122",2.53333333333333,-2.77777777777778,-3.88888888888889,2.3,0.29965,0.40257,0.2016,0.0306
"2123",3.46666666666667,-2.77777777777778,-3.88888888888889,2.3,0.27221,0.39322,0.22323,0.0243
"2124",4.4,-2.77777777777778,-3.88888888888889,2.3,0.24905,0.373,0.22231,0.0213
"2125",5.33333333333333,-2.77777777777778,-3.88888888888889,2.3,0.22997,0.35187,0.213,0.01909
"2126",6.26666666666667,-2.77777777777778,-3.88888888888889,2.3,0.21439,0.33088,0.20594,0.01817
"2127",7.2,-2.77777777777778,-3.88888888888889,2.3,0.20205,0.3129,0.19413,0.01713
"2128",8.13333333333333,-2.77777777777778,-3.88888888888889,2.3,0.19042,0.29777,0.187,0.01645
"2129",9.06666666666667,-2.77777777777778,-3.88888888888889,2.3,0.18143,0.28373,0.17665,0.01577
"2130",10,-2.77777777777778,-3.88888888888889,2.3,0.17294,0.27148,0.17151,0.01581
"2131",1.6,-1.66666666666667,-3.88888888888889,2.3,0.37317,0.49764,0.22364,0.12737
"2132",2.53333333333333,-1.66666666666667,-3.88888888888889,2.3,0.32062,0.47521,0.27553,0.10211
"2133",3.46666666666667,-1.66666666666667,-3.88888888888889,2.3,0.28369,0.43331,0.26541,0.09227
"2134",4.4,-1.66666666666667,-3.88888888888889,2.3,0.25568,0.39803,0.24548,0.08716
"2135",5.33333333333333,-1.66666666666667,-3.88888888888889,2.3,0.23364,0.36677,0.22891,0.08522
"2136",6.26666666666667,-1.66666666666667,-3.88888888888889,2.3,0.21692,0.34156,0.21466,0.08247
"2137",7.2,-1.66666666666667,-3.88888888888889,2.3,0.20333,0.31991,0.20203,0.08096
"2138",8.13333333333333,-1.66666666666667,-3.88888888888889,2.3,0.1917,0.30228,0.19044,0.08069
"2139",9.06666666666667,-1.66666666666667,-3.88888888888889,2.3,0.18202,0.28721,0.18345,0.08044
"2140",10,-1.66666666666667,-3.88888888888889,2.3,0.17346,0.27453,0.17345,0.07896
"2141",1.6,-0.555555555555555,-3.88888888888889,2.3,0.40697,0.62622,0.37575,0.44846
"2142",2.53333333333333,-0.555555555555555,-3.88888888888889,2.3,0.33567,0.52346,0.32917,0.43368
"2143",3.46666666666667,-0.555555555555555,-3.88888888888889,2.3,0.29056,0.45548,0.28927,0.42979
"2144",4.4,-0.555555555555555,-3.88888888888889,2.3,0.25914,0.40816,0.25757,0.42562
"2145",5.33333333333333,-0.555555555555555,-3.88888888888889,2.3,0.23637,0.37235,0.23711,0.42415
"2146",6.26666666666667,-0.555555555555555,-3.88888888888889,2.3,0.21922,0.34561,0.22185,0.42421
"2147",7.2,-0.555555555555555,-3.88888888888889,2.3,0.20485,0.32401,0.20642,0.42299
"2148",8.13333333333333,-0.555555555555555,-3.88888888888889,2.3,0.19285,0.30606,0.1944,0.42261
"2149",9.06666666666667,-0.555555555555555,-3.88888888888889,2.3,0.18294,0.2898,0.18644,0.42201
"2150",10,-0.555555555555555,-3.88888888888889,2.3,0.17463,0.2764,0.17531,0.42133
"2151",1.6,0.555555555555555,-3.88888888888889,2.3,0.40817,0.62815,0.37794,0.44681
"2152",2.53333333333333,0.555555555555555,-3.88888888888889,2.3,0.33466,0.52348,0.32879,0.43496
"2153",3.46666666666667,0.555555555555555,-3.88888888888889,2.3,0.29112,0.45581,0.28991,0.42849
"2154",4.4,0.555555555555555,-3.88888888888889,2.3,0.26039,0.40888,0.25686,0.42652
"2155",5.33333333333333,0.555555555555555,-3.88888888888889,2.3,0.2378,0.37417,0.23861,0.42481
"2156",6.26666666666667,0.555555555555555,-3.88888888888889,2.3,0.2194,0.34674,0.22277,0.42308
"2157",7.2,0.555555555555555,-3.88888888888889,2.3,0.2056,0.32447,0.20654,0.42353
"2158",8.13333333333333,0.555555555555555,-3.88888888888889,2.3,0.19392,0.3057,0.19381,0.42148
"2159",9.06666666666667,0.555555555555555,-3.88888888888889,2.3,0.18383,0.29078,0.18196,0.42096
"2160",10,0.555555555555555,-3.88888888888889,2.3,0.17542,0.27731,0.17567,0.42055
"2161",1.6,1.66666666666667,-3.88888888888889,2.3,0.37316,0.50227,0.22251,0.12846
"2162",2.53333333333333,1.66666666666667,-3.88888888888889,2.3,0.32117,0.47768,0.27485,0.102
"2163",3.46666666666667,1.66666666666667,-3.88888888888889,2.3,0.2834,0.43305,0.26377,0.09217
"2164",4.4,1.66666666666667,-3.88888888888889,2.3,0.25687,0.39596,0.24594,0.08817
"2165",5.33333333333333,1.66666666666667,-3.88888888888889,2.3,0.23567,0.36542,0.23043,0.08523
"2166",6.26666666666667,1.66666666666667,-3.88888888888889,2.3,0.21912,0.34127,0.21321,0.08278
"2167",7.2,1.66666666666667,-3.88888888888889,2.3,0.20455,0.32125,0.20188,0.08189
"2168",8.13333333333333,1.66666666666667,-3.88888888888889,2.3,0.19292,0.30345,0.19047,0.08022
"2169",9.06666666666667,1.66666666666667,-3.88888888888889,2.3,0.18267,0.28895,0.18284,0.07956
"2170",10,1.66666666666667,-3.88888888888889,2.3,0.17455,0.27563,0.17445,0.07968
"2171",1.6,2.77777777777778,-3.88888888888889,2.3,0.32369,0.35838,0.11625,0.05324
"2172",2.53333333333333,2.77777777777778,-3.88888888888889,2.3,0.30008,0.40694,0.20111,0.03002
"2173",3.46666666666667,2.77777777777778,-3.88888888888889,2.3,0.27306,0.39667,0.22306,0.02399
"2174",4.4,2.77777777777778,-3.88888888888889,2.3,0.24959,0.37457,0.22325,0.02088
"2175",5.33333333333333,2.77777777777778,-3.88888888888889,2.3,0.23075,0.35204,0.21257,0.01901
"2176",6.26666666666667,2.77777777777778,-3.88888888888889,2.3,0.21491,0.33101,0.20613,0.01777
"2177",7.2,2.77777777777778,-3.88888888888889,2.3,0.20216,0.31319,0.19361,0.01735
"2178",8.13333333333333,2.77777777777778,-3.88888888888889,2.3,0.19129,0.29819,0.18654,0.01627
"2179",9.06666666666667,2.77777777777778,-3.88888888888889,2.3,0.18173,0.28467,0.17885,0.01599
"2180",10,2.77777777777778,-3.88888888888889,2.3,0.17337,0.27205,0.17082,0.01564
"2181",1.6,3.88888888888889,-3.88888888888889,2.3,0.27834,0.25007,0.06233,0.02658
"2182",2.53333333333333,3.88888888888889,-3.88888888888889,2.3,0.27288,0.33097,0.14029,0.01159
"2183",3.46666666666667,3.88888888888889,-3.88888888888889,2.3,0.25696,0.34994,0.18005,0.007
"2184",4.4,3.88888888888889,-3.88888888888889,2.3,0.2396,0.34463,0.19106,0.00594
"2185",5.33333333333333,3.88888888888889,-3.88888888888889,2.3,0.22456,0.33114,0.19621,0.00499
"2186",6.26666666666667,3.88888888888889,-3.88888888888889,2.3,0.21044,0.3172,0.19048,0.00437
"2187",7.2,3.88888888888889,-3.88888888888889,2.3,0.19875,0.30286,0.18351,0.00401
"2188",8.13333333333333,3.88888888888889,-3.88888888888889,2.3,0.18852,0.28894,0.17694,0.00416
"2189",9.06666666666667,3.88888888888889,-3.88888888888889,2.3,0.17959,0.27787,0.17363,0.00366
"2190",10,3.88888888888889,-3.88888888888889,2.3,0.1719,0.26768,0.16672,0.00364
"2191",1.6,5,-3.88888888888889,2.3,0.23845,0.17943,0.03467,0.01631
"2192",2.53333333333333,5,-3.88888888888889,2.3,0.24747,0.2656,0.0979,0.00502
"2193",3.46666666666667,5,-3.88888888888889,2.3,0.24081,0.30175,0.13872,0.00251
"2194",4.4,5,-3.88888888888889,2.3,0.22897,0.31176,0.16286,0.00196
"2195",5.33333333333333,5,-3.88888888888889,2.3,0.21672,0.30843,0.17009,0.00146
"2196",6.26666666666667,5,-3.88888888888889,2.3,0.20545,0.30044,0.1729,0.00122
"2197",7.2,5,-3.88888888888889,2.3,0.19523,0.29045,0.17096,0.00108
"2198",8.13333333333333,5,-3.88888888888889,2.3,0.18648,0.27957,0.16834,0.00101
"2199",9.06666666666667,5,-3.88888888888889,2.3,0.17797,0.26901,0.16519,0.00085
"2200",10,5,-3.88888888888889,2.3,0.17018,0.25985,0.15795,0.00077
"2201",1.6,-5,-2.77777777777778,2.3,0.23844,0.17683,0.03467,0.01679
"2202",2.53333333333333,-5,-2.77777777777778,2.3,0.24701,0.26102,0.09563,0.00478
"2203",3.46666666666667,-5,-2.77777777777778,2.3,0.23981,0.29868,0.14055,0.0025
"2204",4.4,-5,-2.77777777777778,2.3,0.22901,0.30778,0.1627,0.00171
"2205",5.33333333333333,-5,-2.77777777777778,2.3,0.21708,0.30595,0.17114,0.00131
"2206",6.26666666666667,-5,-2.77777777777778,2.3,0.206,0.29858,0.17137,0.00113
"2207",7.2,-5,-2.77777777777778,2.3,0.19607,0.28831,0.17256,0.00108
"2208",8.13333333333333,-5,-2.77777777777778,2.3,0.18586,0.2782,0.16846,0.00116
"2209",9.06666666666667,-5,-2.77777777777778,2.3,0.17741,0.26897,0.16515,0.00078
"2210",10,-5,-2.77777777777778,2.3,0.17057,0.25957,0.16109,0.00082
"2211",1.6,-3.88888888888889,-2.77777777777778,2.3,0.27807,0.24648,0.06205,0.02686
"2212",2.53333333333333,-3.88888888888889,-2.77777777777778,2.3,0.27347,0.32712,0.13997,0.01154
"2213",3.46666666666667,-3.88888888888889,-2.77777777777778,2.3,0.25829,0.34522,0.17965,0.00752
"2214",4.4,-3.88888888888889,-2.77777777777778,2.3,0.24028,0.34122,0.19317,0.00563
"2215",5.33333333333333,-3.88888888888889,-2.77777777777778,2.3,0.2246,0.32953,0.19339,0.00483
"2216",6.26666666666667,-3.88888888888889,-2.77777777777778,2.3,0.21085,0.31624,0.18926,0.00444
"2217",7.2,-3.88888888888889,-2.77777777777778,2.3,0.19867,0.30273,0.18259,0.00429
"2218",8.13333333333333,-3.88888888888889,-2.77777777777778,2.3,0.18857,0.2889,0.18031,0.00354
"2219",9.06666666666667,-3.88888888888889,-2.77777777777778,2.3,0.17995,0.27707,0.17174,0.0037
"2220",10,-3.88888888888889,-2.77777777777778,2.3,0.172,0.26633,0.16789,0.00335
"2221",1.6,-2.77777777777778,-2.77777777777778,2.3,0.3252,0.35347,0.11746,0.05173
"2222",2.53333333333333,-2.77777777777778,-2.77777777777778,2.3,0.29965,0.40257,0.19982,0.0316
"2223",3.46666666666667,-2.77777777777778,-2.77777777777778,2.3,0.27221,0.39322,0.22076,0.02412
"2224",4.4,-2.77777777777778,-2.77777777777778,2.3,0.24905,0.373,0.22002,0.02075
"2225",5.33333333333333,-2.77777777777778,-2.77777777777778,2.3,0.22997,0.35187,0.21645,0.01922
"2226",6.26666666666667,-2.77777777777778,-2.77777777777778,2.3,0.21439,0.33088,0.20389,0.0177
"2227",7.2,-2.77777777777778,-2.77777777777778,2.3,0.20205,0.3129,0.19601,0.0175
"2228",8.13333333333333,-2.77777777777778,-2.77777777777778,2.3,0.19042,0.29777,0.18508,0.01607
"2229",9.06666666666667,-2.77777777777778,-2.77777777777778,2.3,0.18143,0.28373,0.17808,0.01565
"2230",10,-2.77777777777778,-2.77777777777778,2.3,0.17294,0.27148,0.16987,0.01618
"2231",1.6,-1.66666666666667,-2.77777777777778,2.3,0.37317,0.49764,0.2225,0.12825
"2232",2.53333333333333,-1.66666666666667,-2.77777777777778,2.3,0.32062,0.47521,0.27461,0.10178
"2233",3.46666666666667,-1.66666666666667,-2.77777777777778,2.3,0.28369,0.43331,0.26554,0.09275
"2234",4.4,-1.66666666666667,-2.77777777777778,2.3,0.25568,0.39803,0.24488,0.08713
"2235",5.33333333333333,-1.66666666666667,-2.77777777777778,2.3,0.23364,0.36677,0.23045,0.08386
"2236",6.26666666666667,-1.66666666666667,-2.77777777777778,2.3,0.21692,0.34156,0.21482,0.08231
"2237",7.2,-1.66666666666667,-2.77777777777778,2.3,0.20333,0.31991,0.20368,0.08273
"2238",8.13333333333333,-1.66666666666667,-2.77777777777778,2.3,0.1917,0.30228,0.1946,0.08014
"2239",9.06666666666667,-1.66666666666667,-2.77777777777778,2.3,0.18202,0.28721,0.18226,0.07955
"2240",10,-1.66666666666667,-2.77777777777778,2.3,0.17346,0.27453,0.17478,0.0787
"2241",1.6,-0.555555555555555,-2.77777777777778,2.3,0.40697,0.62622,0.38027,0.44809
"2242",2.53333333333333,-0.555555555555555,-2.77777777777778,2.3,0.33567,0.52346,0.32905,0.43406
"2243",3.46666666666667,-0.555555555555555,-2.77777777777778,2.3,0.29056,0.45548,0.28702,0.42907
"2244",4.4,-0.555555555555555,-2.77777777777778,2.3,0.25914,0.40816,0.259,0.42589
"2245",5.33333333333333,-0.555555555555555,-2.77777777777778,2.3,0.23637,0.37235,0.2368,0.42554
"2246",6.26666666666667,-0.555555555555555,-2.77777777777778,2.3,0.21922,0.34561,0.22361,0.42265
"2247",7.2,-0.555555555555555,-2.77777777777778,2.3,0.20485,0.32401,0.2057,0.4227
"2248",8.13333333333333,-0.555555555555555,-2.77777777777778,2.3,0.19285,0.30606,0.19456,0.4235
"2249",9.06666666666667,-0.555555555555555,-2.77777777777778,2.3,0.18294,0.2898,0.18499,0.42318
"2250",10,-0.555555555555555,-2.77777777777778,2.3,0.17463,0.2764,0.17676,0.42143
"2251",1.6,0.555555555555555,-2.77777777777778,2.3,0.40817,0.62815,0.3784,0.44783
"2252",2.53333333333333,0.555555555555555,-2.77777777777778,2.3,0.33466,0.52348,0.3298,0.43478
"2253",3.46666666666667,0.555555555555555,-2.77777777777778,2.3,0.29112,0.45581,0.28789,0.42999
"2254",4.4,0.555555555555555,-2.77777777777778,2.3,0.26039,0.40888,0.26074,0.42619
"2255",5.33333333333333,0.555555555555555,-2.77777777777778,2.3,0.2378,0.37417,0.23639,0.42445
"2256",6.26666666666667,0.555555555555555,-2.77777777777778,2.3,0.2194,0.34674,0.21732,0.42444
"2257",7.2,0.555555555555555,-2.77777777777778,2.3,0.2056,0.32447,0.20601,0.42253
"2258",8.13333333333333,0.555555555555555,-2.77777777777778,2.3,0.19392,0.3057,0.19472,0.42176
"2259",9.06666666666667,0.555555555555555,-2.77777777777778,2.3,0.18383,0.29078,0.18403,0.42129
"2260",10,0.555555555555555,-2.77777777777778,2.3,0.17542,0.27731,0.17628,0.42073
"2261",1.6,1.66666666666667,-2.77777777777778,2.3,0.37316,0.50227,0.22417,0.12802
"2262",2.53333333333333,1.66666666666667,-2.77777777777778,2.3,0.32117,0.47768,0.27596,0.10197
"2263",3.46666666666667,1.66666666666667,-2.77777777777778,2.3,0.2834,0.43305,0.26453,0.09238
"2264",4.4,1.66666666666667,-2.77777777777778,2.3,0.25687,0.39596,0.2471,0.08722
"2265",5.33333333333333,1.66666666666667,-2.77777777777778,2.3,0.23567,0.36542,0.22783,0.08418
"2266",6.26666666666667,1.66666666666667,-2.77777777777778,2.3,0.21912,0.34127,0.21508,0.08347
"2267",7.2,1.66666666666667,-2.77777777777778,2.3,0.20455,0.32125,0.20054,0.08125
"2268",8.13333333333333,1.66666666666667,-2.77777777777778,2.3,0.19292,0.30345,0.19322,0.0809
"2269",9.06666666666667,1.66666666666667,-2.77777777777778,2.3,0.18267,0.28895,0.18255,0.07995
"2270",10,1.66666666666667,-2.77777777777778,2.3,0.17455,0.27563,0.17351,0.07954
"2271",1.6,2.77777777777778,-2.77777777777778,2.3,0.32369,0.35838,0.11633,0.05162
"2272",2.53333333333333,2.77777777777778,-2.77777777777778,2.3,0.30008,0.40694,0.20228,0.03074
"2273",3.46666666666667,2.77777777777778,-2.77777777777778,2.3,0.27306,0.39667,0.22258,0.02368
"2274",4.4,2.77777777777778,-2.77777777777778,2.3,0.24959,0.37457,0.22441,0.02049
"2275",5.33333333333333,2.77777777777778,-2.77777777777778,2.3,0.23075,0.35204,0.21329,0.01928
"2276",6.26666666666667,2.77777777777778,-2.77777777777778,2.3,0.21491,0.33101,0.20256,0.01769
"2277",7.2,2.77777777777778,-2.77777777777778,2.3,0.20216,0.31319,0.19477,0.01702
"2278",8.13333333333333,2.77777777777778,-2.77777777777778,2.3,0.19129,0.29819,0.18514,0.01617
"2279",9.06666666666667,2.77777777777778,-2.77777777777778,2.3,0.18173,0.28467,0.17852,0.01622
"2280",10,2.77777777777778,-2.77777777777778,2.3,0.17337,0.27205,0.16968,0.01537
"2281",1.6,3.88888888888889,-2.77777777777778,2.3,0.27834,0.25007,0.06175,0.02654
"2282",2.53333333333333,3.88888888888889,-2.77777777777778,2.3,0.27288,0.33097,0.14195,0.01125
"2283",3.46666666666667,3.88888888888889,-2.77777777777778,2.3,0.25696,0.34994,0.17809,0.00751
"2284",4.4,3.88888888888889,-2.77777777777778,2.3,0.2396,0.34463,0.18961,0.00627
"2285",5.33333333333333,3.88888888888889,-2.77777777777778,2.3,0.22456,0.33114,0.19302,0.00488
"2286",6.26666666666667,3.88888888888889,-2.77777777777778,2.3,0.21044,0.3172,0.192,0.00455
"2287",7.2,3.88888888888889,-2.77777777777778,2.3,0.19875,0.30286,0.18393,0.00397
"2288",8.13333333333333,3.88888888888889,-2.77777777777778,2.3,0.18852,0.28894,0.17692,0.00358
"2289",9.06666666666667,3.88888888888889,-2.77777777777778,2.3,0.17959,0.27787,0.17204,0.00363
"2290",10,3.88888888888889,-2.77777777777778,2.3,0.1719,0.26768,0.16804,0.00366
"2291",1.6,5,-2.77777777777778,2.3,0.23845,0.17943,0.03623,0.01594
"2292",2.53333333333333,5,-2.77777777777778,2.3,0.24747,0.2656,0.09641,0.00469
"2293",3.46666666666667,5,-2.77777777777778,2.3,0.24081,0.30175,0.13952,0.00295
"2294",4.4,5,-2.77777777777778,2.3,0.22897,0.31176,0.16135,0.00173
"2295",5.33333333333333,5,-2.77777777777778,2.3,0.21672,0.30843,0.17044,0.00142
"2296",6.26666666666667,5,-2.77777777777778,2.3,0.20545,0.30044,0.17297,0.00117
"2297",7.2,5,-2.77777777777778,2.3,0.19523,0.29045,0.17147,0.00107
"2298",8.13333333333333,5,-2.77777777777778,2.3,0.18648,0.27957,0.16794,0.00104
"2299",9.06666666666667,5,-2.77777777777778,2.3,0.17797,0.26901,0.16486,0.00082
"2300",10,5,-2.77777777777778,2.3,0.17018,0.25985,0.16049,0.00081
"2301",1.6,-5,-1.66666666666667,2.3,0.23844,0.17683,0.036,0.0164
"2302",2.53333333333333,-5,-1.66666666666667,2.3,0.24701,0.26102,0.09731,0.00491
"2303",3.46666666666667,-5,-1.66666666666667,2.3,0.23981,0.29868,0.14092,0.00258
"2304",4.4,-5,-1.66666666666667,2.3,0.22901,0.30778,0.16194,0.00183
"2305",5.33333333333333,-5,-1.66666666666667,2.3,0.21708,0.30595,0.17001,0.00146
"2306",6.26666666666667,-5,-1.66666666666667,2.3,0.206,0.29858,0.17386,0.00116
"2307",7.2,-5,-1.66666666666667,2.3,0.19607,0.28831,0.17157,0.00115
"2308",8.13333333333333,-5,-1.66666666666667,2.3,0.18586,0.2782,0.17048,0.00093
"2309",9.06666666666667,-5,-1.66666666666667,2.3,0.17741,0.26897,0.16553,0.00097
"2310",10,-5,-1.66666666666667,2.3,0.17057,0.25957,0.16075,0.00078
"2311",1.6,-3.88888888888889,-1.66666666666667,2.3,0.27807,0.24648,0.06168,0.02624
"2312",2.53333333333333,-3.88888888888889,-1.66666666666667,2.3,0.27347,0.32712,0.14157,0.01129
"2313",3.46666666666667,-3.88888888888889,-1.66666666666667,2.3,0.25829,0.34522,0.17757,0.00733
"2314",4.4,-3.88888888888889,-1.66666666666667,2.3,0.24028,0.34122,0.19178,0.00587
"2315",5.33333333333333,-3.88888888888889,-1.66666666666667,2.3,0.2246,0.32953,0.19371,0.00477
"2316",6.26666666666667,-3.88888888888889,-1.66666666666667,2.3,0.21085,0.31624,0.19028,0.00393
"2317",7.2,-3.88888888888889,-1.66666666666667,2.3,0.19867,0.30273,0.18459,0.00397
"2318",8.13333333333333,-3.88888888888889,-1.66666666666667,2.3,0.18857,0.2889,0.17666,0.00358
"2319",9.06666666666667,-3.88888888888889,-1.66666666666667,2.3,0.17995,0.27707,0.17319,0.0037
"2320",10,-3.88888888888889,-1.66666666666667,2.3,0.172,0.26633,0.16758,0.00336
"2321",1.6,-2.77777777777778,-1.66666666666667,2.3,0.3252,0.35347,0.11546,0.05296
"2322",2.53333333333333,-2.77777777777778,-1.66666666666667,2.3,0.29965,0.40257,0.20242,0.03173
"2323",3.46666666666667,-2.77777777777778,-1.66666666666667,2.3,0.27221,0.39322,0.22125,0.02447
"2324",4.4,-2.77777777777778,-1.66666666666667,2.3,0.24905,0.373,0.22379,0.02075
"2325",5.33333333333333,-2.77777777777778,-1.66666666666667,2.3,0.22997,0.35187,0.21452,0.01974
"2326",6.26666666666667,-2.77777777777778,-1.66666666666667,2.3,0.21439,0.33088,0.20586,0.01774
"2327",7.2,-2.77777777777778,-1.66666666666667,2.3,0.20205,0.3129,0.19301,0.01742
"2328",8.13333333333333,-2.77777777777778,-1.66666666666667,2.3,0.19042,0.29777,0.18545,0.0164
"2329",9.06666666666667,-2.77777777777778,-1.66666666666667,2.3,0.18143,0.28373,0.17664,0.01586
"2330",10,-2.77777777777778,-1.66666666666667,2.3,0.17294,0.27148,0.16932,0.01609
"2331",1.6,-1.66666666666667,-1.66666666666667,2.3,0.37317,0.49764,0.2225,0.12685
"2332",2.53333333333333,-1.66666666666667,-1.66666666666667,2.3,0.32062,0.47521,0.27343,0.10068
"2333",3.46666666666667,-1.66666666666667,-1.66666666666667,2.3,0.28369,0.43331,0.26356,0.09199
"2334",4.4,-1.66666666666667,-1.66666666666667,2.3,0.25568,0.39803,0.24608,0.08683
"2335",5.33333333333333,-1.66666666666667,-1.66666666666667,2.3,0.23364,0.36677,0.23008,0.08385
"2336",6.26666666666667,-1.66666666666667,-1.66666666666667,2.3,0.21692,0.34156,0.21298,0.08252
"2337",7.2,-1.66666666666667,-1.66666666666667,2.3,0.20333,0.31991,0.20155,0.08083
"2338",8.13333333333333,-1.66666666666667,-1.66666666666667,2.3,0.1917,0.30228,0.19205,0.08029
"2339",9.06666666666667,-1.66666666666667,-1.66666666666667,2.3,0.18202,0.28721,0.18217,0.08016
"2340",10,-1.66666666666667,-1.66666666666667,2.3,0.17346,0.27453,0.17423,0.07852
"2341",1.6,-0.555555555555555,-1.66666666666667,2.3,0.40697,0.62622,0.38118,0.44595
"2342",2.53333333333333,-0.555555555555555,-1.66666666666667,2.3,0.33567,0.52346,0.32712,0.43419
"2343",3.46666666666667,-0.555555555555555,-1.66666666666667,2.3,0.29056,0.45548,0.2881,0.42996
"2344",4.4,-0.555555555555555,-1.66666666666667,2.3,0.25914,0.40816,0.26158,0.42501
"2345",5.33333333333333,-0.555555555555555,-1.66666666666667,2.3,0.23637,0.37235,0.23943,0.42308
"2346",6.26666666666667,-0.555555555555555,-1.66666666666667,2.3,0.21922,0.34561,0.22097,0.42405
"2347",7.2,-0.555555555555555,-1.66666666666667,2.3,0.20485,0.32401,0.20455,0.42216
"2348",8.13333333333333,-0.555555555555555,-1.66666666666667,2.3,0.19285,0.30606,0.1963,0.42131
"2349",9.06666666666667,-0.555555555555555,-1.66666666666667,2.3,0.18294,0.2898,0.1829,0.42135
"2350",10,-0.555555555555555,-1.66666666666667,2.3,0.17463,0.2764,0.17554,0.42075
"2351",1.6,0.555555555555555,-1.66666666666667,2.3,0.40817,0.62815,0.37888,0.44549
"2352",2.53333333333333,0.555555555555555,-1.66666666666667,2.3,0.33466,0.52348,0.32873,0.43404
"2353",3.46666666666667,0.555555555555555,-1.66666666666667,2.3,0.29112,0.45581,0.28897,0.42824
"2354",4.4,0.555555555555555,-1.66666666666667,2.3,0.26039,0.40888,0.26073,0.42535
"2355",5.33333333333333,0.555555555555555,-1.66666666666667,2.3,0.2378,0.37417,0.23747,0.42541
"2356",6.26666666666667,0.555555555555555,-1.66666666666667,2.3,0.2194,0.34674,0.22185,0.42408
"2357",7.2,0.555555555555555,-1.66666666666667,2.3,0.2056,0.32447,0.20907,0.42151
"2358",8.13333333333333,0.555555555555555,-1.66666666666667,2.3,0.19392,0.3057,0.19538,0.42224
"2359",9.06666666666667,0.555555555555555,-1.66666666666667,2.3,0.18383,0.29078,0.18344,0.42181
"2360",10,0.555555555555555,-1.66666666666667,2.3,0.17542,0.27731,0.17572,0.42167
"2361",1.6,1.66666666666667,-1.66666666666667,2.3,0.37316,0.50227,0.22316,0.12802
"2362",2.53333333333333,1.66666666666667,-1.66666666666667,2.3,0.32117,0.47768,0.27397,0.10123
"2363",3.46666666666667,1.66666666666667,-1.66666666666667,2.3,0.2834,0.43305,0.26337,0.09178
"2364",4.4,1.66666666666667,-1.66666666666667,2.3,0.25687,0.39596,0.24804,0.08689
"2365",5.33333333333333,1.66666666666667,-1.66666666666667,2.3,0.23567,0.36542,0.22693,0.08554
"2366",6.26666666666667,1.66666666666667,-1.66666666666667,2.3,0.21912,0.34127,0.21426,0.08192
"2367",7.2,1.66666666666667,-1.66666666666667,2.3,0.20455,0.32125,0.20337,0.08122
"2368",8.13333333333333,1.66666666666667,-1.66666666666667,2.3,0.19292,0.30345,0.18977,0.08047
"2369",9.06666666666667,1.66666666666667,-1.66666666666667,2.3,0.18267,0.28895,0.18241,0.07995
"2370",10,1.66666666666667,-1.66666666666667,2.3,0.17455,0.27563,0.17508,0.07915
"2371",1.6,2.77777777777778,-1.66666666666667,2.3,0.32369,0.35838,0.11704,0.05297
"2372",2.53333333333333,2.77777777777778,-1.66666666666667,2.3,0.30008,0.40694,0.20153,0.0308
"2373",3.46666666666667,2.77777777777778,-1.66666666666667,2.3,0.27306,0.39667,0.22222,0.0239
"2374",4.4,2.77777777777778,-1.66666666666667,2.3,0.24959,0.37457,0.22359,0.02116
"2375",5.33333333333333,2.77777777777778,-1.66666666666667,2.3,0.23075,0.35204,0.21201,0.01847
"2376",6.26666666666667,2.77777777777778,-1.66666666666667,2.3,0.21491,0.33101,0.20401,0.01789
"2377",7.2,2.77777777777778,-1.66666666666667,2.3,0.20216,0.31319,0.19477,0.01767
"2378",8.13333333333333,2.77777777777778,-1.66666666666667,2.3,0.19129,0.29819,0.18668,0.0167
"2379",9.06666666666667,2.77777777777778,-1.66666666666667,2.3,0.18173,0.28467,0.17908,0.01596
"2380",10,2.77777777777778,-1.66666666666667,2.3,0.17337,0.27205,0.17052,0.01525
"2381",1.6,3.88888888888889,-1.66666666666667,2.3,0.27834,0.25007,0.06197,0.0271
"2382",2.53333333333333,3.88888888888889,-1.66666666666667,2.3,0.27288,0.33097,0.14177,0.01145
"2383",3.46666666666667,3.88888888888889,-1.66666666666667,2.3,0.25696,0.34994,0.17918,0.00695
"2384",4.4,3.88888888888889,-1.66666666666667,2.3,0.2396,0.34463,0.19444,0.00582
"2385",5.33333333333333,3.88888888888889,-1.66666666666667,2.3,0.22456,0.33114,0.1939,0.00502
"2386",6.26666666666667,3.88888888888889,-1.66666666666667,2.3,0.21044,0.3172,0.1899,0.00469
"2387",7.2,3.88888888888889,-1.66666666666667,2.3,0.19875,0.30286,0.18426,0.00437
"2388",8.13333333333333,3.88888888888889,-1.66666666666667,2.3,0.18852,0.28894,0.17807,0.00384
"2389",9.06666666666667,3.88888888888889,-1.66666666666667,2.3,0.17959,0.27787,0.17094,0.00356
"2390",10,3.88888888888889,-1.66666666666667,2.3,0.1719,0.26768,0.16697,0.00343
"2391",1.6,5,-1.66666666666667,2.3,0.23845,0.17943,0.03629,0.01649
"2392",2.53333333333333,5,-1.66666666666667,2.3,0.24747,0.2656,0.09816,0.00488
"2393",3.46666666666667,5,-1.66666666666667,2.3,0.24081,0.30175,0.13948,0.00301
"2394",4.4,5,-1.66666666666667,2.3,0.22897,0.31176,0.16302,0.00183
"2395",5.33333333333333,5,-1.66666666666667,2.3,0.21672,0.30843,0.17005,0.0013
"2396",6.26666666666667,5,-1.66666666666667,2.3,0.20545,0.30044,0.17134,0.00132
"2397",7.2,5,-1.66666666666667,2.3,0.19523,0.29045,0.17333,0.00106
"2398",8.13333333333333,5,-1.66666666666667,2.3,0.18648,0.27957,0.17005,0.00092
"2399",9.06666666666667,5,-1.66666666666667,2.3,0.17797,0.26901,0.1643,0.00069
"2400",10,5,-1.66666666666667,2.3,0.17018,0.25985,0.16098,0.00086
"2401",1.6,-5,-0.555555555555555,2.3,0.23844,0.17683,0.03585,0.01571
"2402",2.53333333333333,-5,-0.555555555555555,2.3,0.24701,0.26102,0.09673,0.00489
"2403",3.46666666666667,-5,-0.555555555555555,2.3,0.23981,0.29868,0.13986,0.00261
"2404",4.4,-5,-0.555555555555555,2.3,0.22901,0.30778,0.16107,0.00188
"2405",5.33333333333333,-5,-0.555555555555555,2.3,0.21708,0.30595,0.17141,0.0014
"2406",6.26666666666667,-5,-0.555555555555555,2.3,0.206,0.29858,0.17484,0.00113
"2407",7.2,-5,-0.555555555555555,2.3,0.19607,0.28831,0.17122,0.00104
"2408",8.13333333333333,-5,-0.555555555555555,2.3,0.18586,0.2782,0.16815,0.001
"2409",9.06666666666667,-5,-0.555555555555555,2.3,0.17741,0.26897,0.1648,0.00081
"2410",10,-5,-0.555555555555555,2.3,0.17057,0.25957,0.16047,0.00082
"2411",1.6,-3.88888888888889,-0.555555555555555,2.3,0.27807,0.24648,0.06238,0.02729
"2412",2.53333333333333,-3.88888888888889,-0.555555555555555,2.3,0.27347,0.32712,0.1417,0.01153
"2413",3.46666666666667,-3.88888888888889,-0.555555555555555,2.3,0.25829,0.34522,0.17981,0.00704
"2414",4.4,-3.88888888888889,-0.555555555555555,2.3,0.24028,0.34122,0.19217,0.00578
"2415",5.33333333333333,-3.88888888888889,-0.555555555555555,2.3,0.2246,0.32953,0.19281,0.00477
"2416",6.26666666666667,-3.88888888888889,-0.555555555555555,2.3,0.21085,0.31624,0.19022,0.00442
"2417",7.2,-3.88888888888889,-0.555555555555555,2.3,0.19867,0.30273,0.18516,0.00399
"2418",8.13333333333333,-3.88888888888889,-0.555555555555555,2.3,0.18857,0.2889,0.17856,0.00405
"2419",9.06666666666667,-3.88888888888889,-0.555555555555555,2.3,0.17995,0.27707,0.17248,0.00351
"2420",10,-3.88888888888889,-0.555555555555555,2.3,0.172,0.26633,0.16633,0.00347
"2421",1.6,-2.77777777777778,-0.555555555555555,2.3,0.3252,0.35347,0.11639,0.05243
"2422",2.53333333333333,-2.77777777777778,-0.555555555555555,2.3,0.29965,0.40257,0.20251,0.03067
"2423",3.46666666666667,-2.77777777777778,-0.555555555555555,2.3,0.27221,0.39322,0.22258,0.02433
"2424",4.4,-2.77777777777778,-0.555555555555555,2.3,0.24905,0.373,0.22137,0.02092
"2425",5.33333333333333,-2.77777777777778,-0.555555555555555,2.3,0.22997,0.35187,0.21341,0.01903
"2426",6.26666666666667,-2.77777777777778,-0.555555555555555,2.3,0.21439,0.33088,0.20399,0.0182
"2427",7.2,-2.77777777777778,-0.555555555555555,2.3,0.20205,0.3129,0.19426,0.01718
"2428",8.13333333333333,-2.77777777777778,-0.555555555555555,2.3,0.19042,0.29777,0.18568,0.01643
"2429",9.06666666666667,-2.77777777777778,-0.555555555555555,2.3,0.18143,0.28373,0.17857,0.01614
"2430",10,-2.77777777777778,-0.555555555555555,2.3,0.17294,0.27148,0.17031,0.01541
"2431",1.6,-1.66666666666667,-0.555555555555555,2.3,0.37317,0.49764,0.22379,0.1286
"2432",2.53333333333333,-1.66666666666667,-0.555555555555555,2.3,0.32062,0.47521,0.27402,0.10188
"2433",3.46666666666667,-1.66666666666667,-0.555555555555555,2.3,0.28369,0.43331,0.26338,0.0913
"2434",4.4,-1.66666666666667,-0.555555555555555,2.3,0.25568,0.39803,0.24359,0.0871
"2435",5.33333333333333,-1.66666666666667,-0.555555555555555,2.3,0.23364,0.36677,0.22953,0.08508
"2436",6.26666666666667,-1.66666666666667,-0.555555555555555,2.3,0.21692,0.34156,0.2135,0.08311
"2437",7.2,-1.66666666666667,-0.555555555555555,2.3,0.20333,0.31991,0.20394,0.08149
"2438",8.13333333333333,-1.66666666666667,-0.555555555555555,2.3,0.1917,0.30228,0.19255,0.08029
"2439",9.06666666666667,-1.66666666666667,-0.555555555555555,2.3,0.18202,0.28721,0.18215,0.08027
"2440",10,-1.66666666666667,-0.555555555555555,2.3,0.17346,0.27453,0.17519,0.07906
"2441",1.6,-0.555555555555555,-0.555555555555555,2.3,0.40697,0.62622,0.37739,0.44653
"2442",2.53333333333333,-0.555555555555555,-0.555555555555555,2.3,0.33567,0.52346,0.32651,0.43301
"2443",3.46666666666667,-0.555555555555555,-0.555555555555555,2.3,0.29056,0.45548,0.29066,0.42909
"2444",4.4,-0.555555555555555,-0.555555555555555,2.3,0.25914,0.40816,0.25801,0.4261
"2445",5.33333333333333,-0.555555555555555,-0.555555555555555,2.3,0.23637,0.37235,0.23768,0.42468
"2446",6.26666666666667,-0.555555555555555,-0.555555555555555,2.3,0.21922,0.34561,0.22042,0.42382
"2447",7.2,-0.555555555555555,-0.555555555555555,2.3,0.20485,0.32401,0.20608,0.42259
"2448",8.13333333333333,-0.555555555555555,-0.555555555555555,2.3,0.19285,0.30606,0.19416,0.42304
"2449",9.06666666666667,-0.555555555555555,-0.555555555555555,2.3,0.18294,0.2898,0.18488,0.42219
"2450",10,-0.555555555555555,-0.555555555555555,2.3,0.17463,0.2764,0.1772,0.42108
"2451",1.6,0.555555555555555,-0.555555555555555,2.3,0.40817,0.62815,0.37588,0.44669
"2452",2.53333333333333,0.555555555555555,-0.555555555555555,2.3,0.33466,0.52348,0.33104,0.43269
"2453",3.46666666666667,0.555555555555555,-0.555555555555555,2.3,0.29112,0.45581,0.2898,0.43015
"2454",4.4,0.555555555555555,-0.555555555555555,2.3,0.26039,0.40888,0.25853,0.42477
"2455",5.33333333333333,0.555555555555555,-0.555555555555555,2.3,0.2378,0.37417,0.23722,0.4254
"2456",6.26666666666667,0.555555555555555,-0.555555555555555,2.3,0.2194,0.34674,0.22044,0.42399
"2457",7.2,0.555555555555555,-0.555555555555555,2.3,0.2056,0.32447,0.20718,0.42281
"2458",8.13333333333333,0.555555555555555,-0.555555555555555,2.3,0.19392,0.3057,0.19437,0.42256
"2459",9.06666666666667,0.555555555555555,-0.555555555555555,2.3,0.18383,0.29078,0.18357,0.42258
"2460",10,0.555555555555555,-0.555555555555555,2.3,0.17542,0.27731,0.1754,0.42052
"2461",1.6,1.66666666666667,-0.555555555555555,2.3,0.37316,0.50227,0.22269,0.12704
"2462",2.53333333333333,1.66666666666667,-0.555555555555555,2.3,0.32117,0.47768,0.27533,0.10175
"2463",3.46666666666667,1.66666666666667,-0.555555555555555,2.3,0.2834,0.43305,0.26272,0.0926
"2464",4.4,1.66666666666667,-0.555555555555555,2.3,0.25687,0.39596,0.24468,0.08748
"2465",5.33333333333333,1.66666666666667,-0.555555555555555,2.3,0.23567,0.36542,0.23032,0.08415
"2466",6.26666666666667,1.66666666666667,-0.555555555555555,2.3,0.21912,0.34127,0.21332,0.08253
"2467",7.2,1.66666666666667,-0.555555555555555,2.3,0.20455,0.32125,0.20195,0.08144
"2468",8.13333333333333,1.66666666666667,-0.555555555555555,2.3,0.19292,0.30345,0.19432,0.08037
"2469",9.06666666666667,1.66666666666667,-0.555555555555555,2.3,0.18267,0.28895,0.18219,0.08002
"2470",10,1.66666666666667,-0.555555555555555,2.3,0.17455,0.27563,0.17362,0.07948
"2471",1.6,2.77777777777778,-0.555555555555555,2.3,0.32369,0.35838,0.11419,0.05264
"2472",2.53333333333333,2.77777777777778,-0.555555555555555,2.3,0.30008,0.40694,0.20236,0.03039
"2473",3.46666666666667,2.77777777777778,-0.555555555555555,2.3,0.27306,0.39667,0.22125,0.02379
"2474",4.4,2.77777777777778,-0.555555555555555,2.3,0.24959,0.37457,0.2228,0.02013
"2475",5.33333333333333,2.77777777777778,-0.555555555555555,2.3,0.23075,0.35204,0.21454,0.01912
"2476",6.26666666666667,2.77777777777778,-0.555555555555555,2.3,0.21491,0.33101,0.20302,0.01757
"2477",7.2,2.77777777777778,-0.555555555555555,2.3,0.20216,0.31319,0.19652,0.01727
"2478",8.13333333333333,2.77777777777778,-0.555555555555555,2.3,0.19129,0.29819,0.18537,0.01622
"2479",9.06666666666667,2.77777777777778,-0.555555555555555,2.3,0.18173,0.28467,0.17774,0.01607
"2480",10,2.77777777777778,-0.555555555555555,2.3,0.17337,0.27205,0.17236,0.01565
"2481",1.6,3.88888888888889,-0.555555555555555,2.3,0.27834,0.25007,0.06182,0.02713
"2482",2.53333333333333,3.88888888888889,-0.555555555555555,2.3,0.27288,0.33097,0.14099,0.01191
"2483",3.46666666666667,3.88888888888889,-0.555555555555555,2.3,0.25696,0.34994,0.17869,0.00753
"2484",4.4,3.88888888888889,-0.555555555555555,2.3,0.2396,0.34463,0.18992,0.00556
"2485",5.33333333333333,3.88888888888889,-0.555555555555555,2.3,0.22456,0.33114,0.19367,0.00465
"2486",6.26666666666667,3.88888888888889,-0.555555555555555,2.3,0.21044,0.3172,0.19069,0.0043
"2487",7.2,3.88888888888889,-0.555555555555555,2.3,0.19875,0.30286,0.18451,0.00422
"2488",8.13333333333333,3.88888888888889,-0.555555555555555,2.3,0.18852,0.28894,0.18141,0.00397
"2489",9.06666666666667,3.88888888888889,-0.555555555555555,2.3,0.17959,0.27787,0.17305,0.00366
"2490",10,3.88888888888889,-0.555555555555555,2.3,0.1719,0.26768,0.16517,0.00333
"2491",1.6,5,-0.555555555555555,2.3,0.23845,0.17943,0.03562,0.01556
"2492",2.53333333333333,5,-0.555555555555555,2.3,0.24747,0.2656,0.09733,0.00533
"2493",3.46666666666667,5,-0.555555555555555,2.3,0.24081,0.30175,0.14173,0.00283
"2494",4.4,5,-0.555555555555555,2.3,0.22897,0.31176,0.16179,0.00186
"2495",5.33333333333333,5,-0.555555555555555,2.3,0.21672,0.30843,0.17267,0.00146
"2496",6.26666666666667,5,-0.555555555555555,2.3,0.20545,0.30044,0.1718,0.00128
"2497",7.2,5,-0.555555555555555,2.3,0.19523,0.29045,0.17401,0.00109
"2498",8.13333333333333,5,-0.555555555555555,2.3,0.18648,0.27957,0.16901,0.00089
"2499",9.06666666666667,5,-0.555555555555555,2.3,0.17797,0.26901,0.16549,9e-04
"2500",10,5,-0.555555555555555,2.3,0.17018,0.25985,0.15831,0.00091
"2501",1.6,-5,0.555555555555555,2.3,0.23844,0.17683,0.03587,0.01655
"2502",2.53333333333333,-5,0.555555555555555,2.3,0.24701,0.26102,0.09657,0.00469
"2503",3.46666666666667,-5,0.555555555555555,2.3,0.23981,0.29868,0.13955,0.00282
"2504",4.4,-5,0.555555555555555,2.3,0.22901,0.30778,0.16254,0.00167
"2505",5.33333333333333,-5,0.555555555555555,2.3,0.21708,0.30595,0.16978,0.00146
"2506",6.26666666666667,-5,0.555555555555555,2.3,0.206,0.29858,0.17328,0.00124
"2507",7.2,-5,0.555555555555555,2.3,0.19607,0.28831,0.17082,0.00099
"2508",8.13333333333333,-5,0.555555555555555,2.3,0.18586,0.2782,0.16827,0.0011
"2509",9.06666666666667,-5,0.555555555555555,2.3,0.17741,0.26897,0.16528,0.00084
"2510",10,-5,0.555555555555555,2.3,0.17057,0.25957,0.15858,0.00083
"2511",1.6,-3.88888888888889,0.555555555555555,2.3,0.27807,0.24648,0.06264,0.02692
"2512",2.53333333333333,-3.88888888888889,0.555555555555555,2.3,0.27347,0.32712,0.13981,0.01165
"2513",3.46666666666667,-3.88888888888889,0.555555555555555,2.3,0.25829,0.34522,0.17849,0.00722
"2514",4.4,-3.88888888888889,0.555555555555555,2.3,0.24028,0.34122,0.19237,0.00576
"2515",5.33333333333333,-3.88888888888889,0.555555555555555,2.3,0.2246,0.32953,0.19131,0.00486
"2516",6.26666666666667,-3.88888888888889,0.555555555555555,2.3,0.21085,0.31624,0.18933,0.00446
"2517",7.2,-3.88888888888889,0.555555555555555,2.3,0.19867,0.30273,0.18514,0.00413
"2518",8.13333333333333,-3.88888888888889,0.555555555555555,2.3,0.18857,0.2889,0.18026,0.004
"2519",9.06666666666667,-3.88888888888889,0.555555555555555,2.3,0.17995,0.27707,0.17209,0.00338
"2520",10,-3.88888888888889,0.555555555555555,2.3,0.172,0.26633,0.16366,0.00343
"2521",1.6,-2.77777777777778,0.555555555555555,2.3,0.3252,0.35347,0.11629,0.05311
"2522",2.53333333333333,-2.77777777777778,0.555555555555555,2.3,0.29965,0.40257,0.19991,0.03044
"2523",3.46666666666667,-2.77777777777778,0.555555555555555,2.3,0.27221,0.39322,0.22338,0.02465
"2524",4.4,-2.77777777777778,0.555555555555555,2.3,0.24905,0.373,0.22244,0.02125
"2525",5.33333333333333,-2.77777777777778,0.555555555555555,2.3,0.22997,0.35187,0.21348,0.01882
"2526",6.26666666666667,-2.77777777777778,0.555555555555555,2.3,0.21439,0.33088,0.20527,0.01798
"2527",7.2,-2.77777777777778,0.555555555555555,2.3,0.20205,0.3129,0.1981,0.01698
"2528",8.13333333333333,-2.77777777777778,0.555555555555555,2.3,0.19042,0.29777,0.18565,0.0167
"2529",9.06666666666667,-2.77777777777778,0.555555555555555,2.3,0.18143,0.28373,0.17894,0.01652
"2530",10,-2.77777777777778,0.555555555555555,2.3,0.17294,0.27148,0.16972,0.01607
"2531",1.6,-1.66666666666667,0.555555555555555,2.3,0.37317,0.49764,0.22413,0.12741
"2532",2.53333333333333,-1.66666666666667,0.555555555555555,2.3,0.32062,0.47521,0.2772,0.10287
"2533",3.46666666666667,-1.66666666666667,0.555555555555555,2.3,0.28369,0.43331,0.26507,0.09295
"2534",4.4,-1.66666666666667,0.555555555555555,2.3,0.25568,0.39803,0.24501,0.08738
"2535",5.33333333333333,-1.66666666666667,0.555555555555555,2.3,0.23364,0.36677,0.22861,0.0851
"2536",6.26666666666667,-1.66666666666667,0.555555555555555,2.3,0.21692,0.34156,0.21548,0.08347
"2537",7.2,-1.66666666666667,0.555555555555555,2.3,0.20333,0.31991,0.202,0.08141
"2538",8.13333333333333,-1.66666666666667,0.555555555555555,2.3,0.1917,0.30228,0.19335,0.08067
"2539",9.06666666666667,-1.66666666666667,0.555555555555555,2.3,0.18202,0.28721,0.18051,0.07974
"2540",10,-1.66666666666667,0.555555555555555,2.3,0.17346,0.27453,0.17493,0.07885
"2541",1.6,-0.555555555555555,0.555555555555555,2.3,0.40697,0.62622,0.37975,0.44647
"2542",2.53333333333333,-0.555555555555555,0.555555555555555,2.3,0.33567,0.52346,0.32952,0.4334
"2543",3.46666666666667,-0.555555555555555,0.555555555555555,2.3,0.29056,0.45548,0.2901,0.42901
"2544",4.4,-0.555555555555555,0.555555555555555,2.3,0.25914,0.40816,0.26229,0.427
"2545",5.33333333333333,-0.555555555555555,0.555555555555555,2.3,0.23637,0.37235,0.23765,0.42554
"2546",6.26666666666667,-0.555555555555555,0.555555555555555,2.3,0.21922,0.34561,0.22263,0.42351
"2547",7.2,-0.555555555555555,0.555555555555555,2.3,0.20485,0.32401,0.20467,0.42193
"2548",8.13333333333333,-0.555555555555555,0.555555555555555,2.3,0.19285,0.30606,0.19546,0.42219
"2549",9.06666666666667,-0.555555555555555,0.555555555555555,2.3,0.18294,0.2898,0.18545,0.42195
"2550",10,-0.555555555555555,0.555555555555555,2.3,0.17463,0.2764,0.1771,0.42175
"2551",1.6,0.555555555555555,0.555555555555555,2.3,0.40817,0.62815,0.37932,0.44629
"2552",2.53333333333333,0.555555555555555,0.555555555555555,2.3,0.33466,0.52348,0.32838,0.43338
"2553",3.46666666666667,0.555555555555555,0.555555555555555,2.3,0.29112,0.45581,0.28957,0.42844
"2554",4.4,0.555555555555555,0.555555555555555,2.3,0.26039,0.40888,0.26114,0.42651
"2555",5.33333333333333,0.555555555555555,0.555555555555555,2.3,0.2378,0.37417,0.23749,0.42525
"2556",6.26666666666667,0.555555555555555,0.555555555555555,2.3,0.2194,0.34674,0.21896,0.42351
"2557",7.2,0.555555555555555,0.555555555555555,2.3,0.2056,0.32447,0.20737,0.42292
"2558",8.13333333333333,0.555555555555555,0.555555555555555,2.3,0.19392,0.3057,0.19648,0.42132
"2559",9.06666666666667,0.555555555555555,0.555555555555555,2.3,0.18383,0.29078,0.18543,0.42146
"2560",10,0.555555555555555,0.555555555555555,2.3,0.17542,0.27731,0.17796,0.42088
"2561",1.6,1.66666666666667,0.555555555555555,2.3,0.37316,0.50227,0.22176,0.12749
"2562",2.53333333333333,1.66666666666667,0.555555555555555,2.3,0.32117,0.47768,0.27393,0.10187
"2563",3.46666666666667,1.66666666666667,0.555555555555555,2.3,0.2834,0.43305,0.26239,0.09057
"2564",4.4,1.66666666666667,0.555555555555555,2.3,0.25687,0.39596,0.24677,0.08751
"2565",5.33333333333333,1.66666666666667,0.555555555555555,2.3,0.23567,0.36542,0.2312,0.08557
"2566",6.26666666666667,1.66666666666667,0.555555555555555,2.3,0.21912,0.34127,0.21508,0.08265
"2567",7.2,1.66666666666667,0.555555555555555,2.3,0.20455,0.32125,0.20276,0.08078
"2568",8.13333333333333,1.66666666666667,0.555555555555555,2.3,0.19292,0.30345,0.19206,0.07999
"2569",9.06666666666667,1.66666666666667,0.555555555555555,2.3,0.18267,0.28895,0.18232,0.08058
"2570",10,1.66666666666667,0.555555555555555,2.3,0.17455,0.27563,0.17465,0.07875
"2571",1.6,2.77777777777778,0.555555555555555,2.3,0.32369,0.35838,0.11614,0.05174
"2572",2.53333333333333,2.77777777777778,0.555555555555555,2.3,0.30008,0.40694,0.20154,0.0307
"2573",3.46666666666667,2.77777777777778,0.555555555555555,2.3,0.27306,0.39667,0.22328,0.02384
"2574",4.4,2.77777777777778,0.555555555555555,2.3,0.24959,0.37457,0.21928,0.02091
"2575",5.33333333333333,2.77777777777778,0.555555555555555,2.3,0.23075,0.35204,0.21394,0.01884
"2576",6.26666666666667,2.77777777777778,0.555555555555555,2.3,0.21491,0.33101,0.20226,0.01773
"2577",7.2,2.77777777777778,0.555555555555555,2.3,0.20216,0.31319,0.19671,0.01714
"2578",8.13333333333333,2.77777777777778,0.555555555555555,2.3,0.19129,0.29819,0.18736,0.0162
"2579",9.06666666666667,2.77777777777778,0.555555555555555,2.3,0.18173,0.28467,0.17831,0.01592
"2580",10,2.77777777777778,0.555555555555555,2.3,0.17337,0.27205,0.16954,0.01603
"2581",1.6,3.88888888888889,0.555555555555555,2.3,0.27834,0.25007,0.06141,0.02715
"2582",2.53333333333333,3.88888888888889,0.555555555555555,2.3,0.27288,0.33097,0.14103,0.01182
"2583",3.46666666666667,3.88888888888889,0.555555555555555,2.3,0.25696,0.34994,0.17927,0.00714
"2584",4.4,3.88888888888889,0.555555555555555,2.3,0.2396,0.34463,0.19334,0.00594
"2585",5.33333333333333,3.88888888888889,0.555555555555555,2.3,0.22456,0.33114,0.19256,0.0049
"2586",6.26666666666667,3.88888888888889,0.555555555555555,2.3,0.21044,0.3172,0.19151,0.00421
"2587",7.2,3.88888888888889,0.555555555555555,2.3,0.19875,0.30286,0.18427,0.004
"2588",8.13333333333333,3.88888888888889,0.555555555555555,2.3,0.18852,0.28894,0.17835,0.00406
"2589",9.06666666666667,3.88888888888889,0.555555555555555,2.3,0.17959,0.27787,0.17357,0.0035
"2590",10,3.88888888888889,0.555555555555555,2.3,0.1719,0.26768,0.16621,0.0034
"2591",1.6,5,0.555555555555555,2.3,0.23845,0.17943,0.03644,0.016
"2592",2.53333333333333,5,0.555555555555555,2.3,0.24747,0.2656,0.09597,0.00519
"2593",3.46666666666667,5,0.555555555555555,2.3,0.24081,0.30175,0.13932,0.00261
"2594",4.4,5,0.555555555555555,2.3,0.22897,0.31176,0.16056,0.00173
"2595",5.33333333333333,5,0.555555555555555,2.3,0.21672,0.30843,0.16906,0.00143
"2596",6.26666666666667,5,0.555555555555555,2.3,0.20545,0.30044,0.17357,0.00108
"2597",7.2,5,0.555555555555555,2.3,0.19523,0.29045,0.17099,0.00104
"2598",8.13333333333333,5,0.555555555555555,2.3,0.18648,0.27957,0.16796,0.00085
"2599",9.06666666666667,5,0.555555555555555,2.3,0.17797,0.26901,0.16464,0.00081
"2600",10,5,0.555555555555555,2.3,0.17018,0.25985,0.15996,0.00091
"2601",1.6,-5,1.66666666666667,2.3,0.23844,0.17683,0.03568,0.01598
"2602",2.53333333333333,-5,1.66666666666667,2.3,0.24701,0.26102,0.09655,0.00535
"2603",3.46666666666667,-5,1.66666666666667,2.3,0.23981,0.29868,0.13988,0.0029
"2604",4.4,-5,1.66666666666667,2.3,0.22901,0.30778,0.16439,0.00194
"2605",5.33333333333333,-5,1.66666666666667,2.3,0.21708,0.30595,0.17115,0.00156
"2606",6.26666666666667,-5,1.66666666666667,2.3,0.206,0.29858,0.172,0.0011
"2607",7.2,-5,1.66666666666667,2.3,0.19607,0.28831,0.17171,0.00109
"2608",8.13333333333333,-5,1.66666666666667,2.3,0.18586,0.2782,0.16784,0.00103
"2609",9.06666666666667,-5,1.66666666666667,2.3,0.17741,0.26897,0.16586,0.00092
"2610",10,-5,1.66666666666667,2.3,0.17057,0.25957,0.15997,0.00092
"2611",1.6,-3.88888888888889,1.66666666666667,2.3,0.27807,0.24648,0.0619,0.02749
"2612",2.53333333333333,-3.88888888888889,1.66666666666667,2.3,0.27347,0.32712,0.14088,0.01146
"2613",3.46666666666667,-3.88888888888889,1.66666666666667,2.3,0.25829,0.34522,0.18144,0.0075
"2614",4.4,-3.88888888888889,1.66666666666667,2.3,0.24028,0.34122,0.19204,0.00564
"2615",5.33333333333333,-3.88888888888889,1.66666666666667,2.3,0.2246,0.32953,0.19337,0.00497
"2616",6.26666666666667,-3.88888888888889,1.66666666666667,2.3,0.21085,0.31624,0.19013,0.00463
"2617",7.2,-3.88888888888889,1.66666666666667,2.3,0.19867,0.30273,0.18383,0.00379
"2618",8.13333333333333,-3.88888888888889,1.66666666666667,2.3,0.18857,0.2889,0.17623,0.00366
"2619",9.06666666666667,-3.88888888888889,1.66666666666667,2.3,0.17995,0.27707,0.17076,0.00372
"2620",10,-3.88888888888889,1.66666666666667,2.3,0.172,0.26633,0.16682,0.00368
"2621",1.6,-2.77777777777778,1.66666666666667,2.3,0.3252,0.35347,0.1167,0.05232
"2622",2.53333333333333,-2.77777777777778,1.66666666666667,2.3,0.29965,0.40257,0.20197,0.03057
"2623",3.46666666666667,-2.77777777777778,1.66666666666667,2.3,0.27221,0.39322,0.22256,0.0235
"2624",4.4,-2.77777777777778,1.66666666666667,2.3,0.24905,0.373,0.22284,0.0209
"2625",5.33333333333333,-2.77777777777778,1.66666666666667,2.3,0.22997,0.35187,0.21513,0.0189
"2626",6.26666666666667,-2.77777777777778,1.66666666666667,2.3,0.21439,0.33088,0.20484,0.01823
"2627",7.2,-2.77777777777778,1.66666666666667,2.3,0.20205,0.3129,0.19418,0.01769
"2628",8.13333333333333,-2.77777777777778,1.66666666666667,2.3,0.19042,0.29777,0.18538,0.01668
"2629",9.06666666666667,-2.77777777777778,1.66666666666667,2.3,0.18143,0.28373,0.17795,0.01597
"2630",10,-2.77777777777778,1.66666666666667,2.3,0.17294,0.27148,0.16905,0.01582
"2631",1.6,-1.66666666666667,1.66666666666667,2.3,0.37317,0.49764,0.22498,0.127
"2632",2.53333333333333,-1.66666666666667,1.66666666666667,2.3,0.32062,0.47521,0.27296,0.10181
"2633",3.46666666666667,-1.66666666666667,1.66666666666667,2.3,0.28369,0.43331,0.26515,0.09302
"2634",4.4,-1.66666666666667,1.66666666666667,2.3,0.25568,0.39803,0.24761,0.08653
"2635",5.33333333333333,-1.66666666666667,1.66666666666667,2.3,0.23364,0.36677,0.22697,0.08515
"2636",6.26666666666667,-1.66666666666667,1.66666666666667,2.3,0.21692,0.34156,0.21597,0.08268
"2637",7.2,-1.66666666666667,1.66666666666667,2.3,0.20333,0.31991,0.20307,0.08175
"2638",8.13333333333333,-1.66666666666667,1.66666666666667,2.3,0.1917,0.30228,0.1906,0.08085
"2639",9.06666666666667,-1.66666666666667,1.66666666666667,2.3,0.18202,0.28721,0.18292,0.0798
"2640",10,-1.66666666666667,1.66666666666667,2.3,0.17346,0.27453,0.17313,0.07904
"2641",1.6,-0.555555555555555,1.66666666666667,2.3,0.40697,0.62622,0.3792,0.44623
"2642",2.53333333333333,-0.555555555555555,1.66666666666667,2.3,0.33567,0.52346,0.32821,0.43396
"2643",3.46666666666667,-0.555555555555555,1.66666666666667,2.3,0.29056,0.45548,0.28824,0.42777
"2644",4.4,-0.555555555555555,1.66666666666667,2.3,0.25914,0.40816,0.2587,0.42666
"2645",5.33333333333333,-0.555555555555555,1.66666666666667,2.3,0.23637,0.37235,0.23731,0.42398
"2646",6.26666666666667,-0.555555555555555,1.66666666666667,2.3,0.21922,0.34561,0.22147,0.42288
"2647",7.2,-0.555555555555555,1.66666666666667,2.3,0.20485,0.32401,0.20524,0.42261
"2648",8.13333333333333,-0.555555555555555,1.66666666666667,2.3,0.19285,0.30606,0.19537,0.42181
"2649",9.06666666666667,-0.555555555555555,1.66666666666667,2.3,0.18294,0.2898,0.18563,0.42194
"2650",10,-0.555555555555555,1.66666666666667,2.3,0.17463,0.2764,0.17754,0.42226
"2651",1.6,0.555555555555555,1.66666666666667,2.3,0.40817,0.62815,0.37623,0.44579
"2652",2.53333333333333,0.555555555555555,1.66666666666667,2.3,0.33466,0.52348,0.32849,0.43389
"2653",3.46666666666667,0.555555555555555,1.66666666666667,2.3,0.29112,0.45581,0.28826,0.42974
"2654",4.4,0.555555555555555,1.66666666666667,2.3,0.26039,0.40888,0.25968,0.42605
"2655",5.33333333333333,0.555555555555555,1.66666666666667,2.3,0.2378,0.37417,0.2371,0.42507
"2656",6.26666666666667,0.555555555555555,1.66666666666667,2.3,0.2194,0.34674,0.22078,0.42385
"2657",7.2,0.555555555555555,1.66666666666667,2.3,0.2056,0.32447,0.20824,0.42403
"2658",8.13333333333333,0.555555555555555,1.66666666666667,2.3,0.19392,0.3057,0.19455,0.42165
"2659",9.06666666666667,0.555555555555555,1.66666666666667,2.3,0.18383,0.29078,0.18388,0.42276
"2660",10,0.555555555555555,1.66666666666667,2.3,0.17542,0.27731,0.17471,0.42102
"2661",1.6,1.66666666666667,1.66666666666667,2.3,0.37316,0.50227,0.22442,0.12668
"2662",2.53333333333333,1.66666666666667,1.66666666666667,2.3,0.32117,0.47768,0.27441,0.10164
"2663",3.46666666666667,1.66666666666667,1.66666666666667,2.3,0.2834,0.43305,0.26426,0.09227
"2664",4.4,1.66666666666667,1.66666666666667,2.3,0.25687,0.39596,0.24455,0.08679
"2665",5.33333333333333,1.66666666666667,1.66666666666667,2.3,0.23567,0.36542,0.23237,0.08424
"2666",6.26666666666667,1.66666666666667,1.66666666666667,2.3,0.21912,0.34127,0.21403,0.08248
"2667",7.2,1.66666666666667,1.66666666666667,2.3,0.20455,0.32125,0.20192,0.08102
"2668",8.13333333333333,1.66666666666667,1.66666666666667,2.3,0.19292,0.30345,0.18999,0.08094
"2669",9.06666666666667,1.66666666666667,1.66666666666667,2.3,0.18267,0.28895,0.18209,0.07951
"2670",10,1.66666666666667,1.66666666666667,2.3,0.17455,0.27563,0.17543,0.07824
"2671",1.6,2.77777777777778,1.66666666666667,2.3,0.32369,0.35838,0.1166,0.05111
"2672",2.53333333333333,2.77777777777778,1.66666666666667,2.3,0.30008,0.40694,0.20222,0.03135
"2673",3.46666666666667,2.77777777777778,1.66666666666667,2.3,0.27306,0.39667,0.22348,0.02436
"2674",4.4,2.77777777777778,1.66666666666667,2.3,0.24959,0.37457,0.22088,0.02026
"2675",5.33333333333333,2.77777777777778,1.66666666666667,2.3,0.23075,0.35204,0.21454,0.01885
"2676",6.26666666666667,2.77777777777778,1.66666666666667,2.3,0.21491,0.33101,0.20342,0.01825
"2677",7.2,2.77777777777778,1.66666666666667,2.3,0.20216,0.31319,0.19443,0.01753
"2678",8.13333333333333,2.77777777777778,1.66666666666667,2.3,0.19129,0.29819,0.18725,0.01639
"2679",9.06666666666667,2.77777777777778,1.66666666666667,2.3,0.18173,0.28467,0.17648,0.01603
"2680",10,2.77777777777778,1.66666666666667,2.3,0.17337,0.27205,0.16986,0.01599
"2681",1.6,3.88888888888889,1.66666666666667,2.3,0.27834,0.25007,0.06262,0.02787
"2682",2.53333333333333,3.88888888888889,1.66666666666667,2.3,0.27288,0.33097,0.13949,0.01134
"2683",3.46666666666667,3.88888888888889,1.66666666666667,2.3,0.25696,0.34994,0.17762,0.00752
"2684",4.4,3.88888888888889,1.66666666666667,2.3,0.2396,0.34463,0.19474,0.00582
"2685",5.33333333333333,3.88888888888889,1.66666666666667,2.3,0.22456,0.33114,0.19242,0.00507
"2686",6.26666666666667,3.88888888888889,1.66666666666667,2.3,0.21044,0.3172,0.18989,0.0045
"2687",7.2,3.88888888888889,1.66666666666667,2.3,0.19875,0.30286,0.18566,0.00386
"2688",8.13333333333333,3.88888888888889,1.66666666666667,2.3,0.18852,0.28894,0.17821,0.00379
"2689",9.06666666666667,3.88888888888889,1.66666666666667,2.3,0.17959,0.27787,0.1719,0.00384
"2690",10,3.88888888888889,1.66666666666667,2.3,0.1719,0.26768,0.16513,0.00332
"2691",1.6,5,1.66666666666667,2.3,0.23845,0.17943,0.03592,0.01683
"2692",2.53333333333333,5,1.66666666666667,2.3,0.24747,0.2656,0.09688,0.00534
"2693",3.46666666666667,5,1.66666666666667,2.3,0.24081,0.30175,0.13981,0.00263
"2694",4.4,5,1.66666666666667,2.3,0.22897,0.31176,0.16324,0.00182
"2695",5.33333333333333,5,1.66666666666667,2.3,0.21672,0.30843,0.17157,0.00131
"2696",6.26666666666667,5,1.66666666666667,2.3,0.20545,0.30044,0.17214,0.001
"2697",7.2,5,1.66666666666667,2.3,0.19523,0.29045,0.17324,0.00107
"2698",8.13333333333333,5,1.66666666666667,2.3,0.18648,0.27957,0.17132,0.00086
"2699",9.06666666666667,5,1.66666666666667,2.3,0.17797,0.26901,0.16518,8e-04
"2700",10,5,1.66666666666667,2.3,0.17018,0.25985,0.15924,0.00095
"2701",1.6,-5,2.77777777777778,2.3,0.23844,0.17683,0.0356,0.01578
"2702",2.53333333333333,-5,2.77777777777778,2.3,0.24701,0.26102,0.09652,0.00501
"2703",3.46666666666667,-5,2.77777777777778,2.3,0.23981,0.29868,0.13947,0.0028
"2704",4.4,-5,2.77777777777778,2.3,0.22901,0.30778,0.16112,0.00176
"2705",5.33333333333333,-5,2.77777777777778,2.3,0.21708,0.30595,0.17262,0.00138
"2706",6.26666666666667,-5,2.77777777777778,2.3,0.206,0.29858,0.17264,0.00132
"2707",7.2,-5,2.77777777777778,2.3,0.19607,0.28831,0.17238,0.00116
"2708",8.13333333333333,-5,2.77777777777778,2.3,0.18586,0.2782,0.1691,0.00094
"2709",9.06666666666667,-5,2.77777777777778,2.3,0.17741,0.26897,0.16306,0.001
"2710",10,-5,2.77777777777778,2.3,0.17057,0.25957,0.16032,0.00081
"2711",1.6,-3.88888888888889,2.77777777777778,2.3,0.27807,0.24648,0.06225,0.02692
"2712",2.53333333333333,-3.88888888888889,2.77777777777778,2.3,0.27347,0.32712,0.14012,0.01178
"2713",3.46666666666667,-3.88888888888889,2.77777777777778,2.3,0.25829,0.34522,0.1786,0.00739
"2714",4.4,-3.88888888888889,2.77777777777778,2.3,0.24028,0.34122,0.19365,0.00588
"2715",5.33333333333333,-3.88888888888889,2.77777777777778,2.3,0.2246,0.32953,0.19217,0.00482
"2716",6.26666666666667,-3.88888888888889,2.77777777777778,2.3,0.21085,0.31624,0.19008,0.00451
"2717",7.2,-3.88888888888889,2.77777777777778,2.3,0.19867,0.30273,0.18517,0.00386
"2718",8.13333333333333,-3.88888888888889,2.77777777777778,2.3,0.18857,0.2889,0.17869,0.00378
"2719",9.06666666666667,-3.88888888888889,2.77777777777778,2.3,0.17995,0.27707,0.1713,0.00347
"2720",10,-3.88888888888889,2.77777777777778,2.3,0.172,0.26633,0.16692,0.00356
"2721",1.6,-2.77777777777778,2.77777777777778,2.3,0.3252,0.35347,0.11741,0.05226
"2722",2.53333333333333,-2.77777777777778,2.77777777777778,2.3,0.29965,0.40257,0.20067,0.03216
"2723",3.46666666666667,-2.77777777777778,2.77777777777778,2.3,0.27221,0.39322,0.2235,0.02361
"2724",4.4,-2.77777777777778,2.77777777777778,2.3,0.24905,0.373,0.22169,0.02109
"2725",5.33333333333333,-2.77777777777778,2.77777777777778,2.3,0.22997,0.35187,0.21602,0.01964
"2726",6.26666666666667,-2.77777777777778,2.77777777777778,2.3,0.21439,0.33088,0.20405,0.01794
"2727",7.2,-2.77777777777778,2.77777777777778,2.3,0.20205,0.3129,0.19576,0.01732
"2728",8.13333333333333,-2.77777777777778,2.77777777777778,2.3,0.19042,0.29777,0.18467,0.01683
"2729",9.06666666666667,-2.77777777777778,2.77777777777778,2.3,0.18143,0.28373,0.17648,0.0163
"2730",10,-2.77777777777778,2.77777777777778,2.3,0.17294,0.27148,0.17191,0.01609
"2731",1.6,-1.66666666666667,2.77777777777778,2.3,0.37317,0.49764,0.22085,0.12797
"2732",2.53333333333333,-1.66666666666667,2.77777777777778,2.3,0.32062,0.47521,0.27197,0.10115
"2733",3.46666666666667,-1.66666666666667,2.77777777777778,2.3,0.28369,0.43331,0.26472,0.09201
"2734",4.4,-1.66666666666667,2.77777777777778,2.3,0.25568,0.39803,0.24664,0.08752
"2735",5.33333333333333,-1.66666666666667,2.77777777777778,2.3,0.23364,0.36677,0.23125,0.08511
"2736",6.26666666666667,-1.66666666666667,2.77777777777778,2.3,0.21692,0.34156,0.21426,0.08316
"2737",7.2,-1.66666666666667,2.77777777777778,2.3,0.20333,0.31991,0.20266,0.08084
"2738",8.13333333333333,-1.66666666666667,2.77777777777778,2.3,0.1917,0.30228,0.19255,0.08043
"2739",9.06666666666667,-1.66666666666667,2.77777777777778,2.3,0.18202,0.28721,0.18353,0.07972
"2740",10,-1.66666666666667,2.77777777777778,2.3,0.17346,0.27453,0.17419,0.07829
"2741",1.6,-0.555555555555555,2.77777777777778,2.3,0.40697,0.62622,0.37764,0.44497
"2742",2.53333333333333,-0.555555555555555,2.77777777777778,2.3,0.33567,0.52346,0.33125,0.43447
"2743",3.46666666666667,-0.555555555555555,2.77777777777778,2.3,0.29056,0.45548,0.28719,0.4298
"2744",4.4,-0.555555555555555,2.77777777777778,2.3,0.25914,0.40816,0.25952,0.42663
"2745",5.33333333333333,-0.555555555555555,2.77777777777778,2.3,0.23637,0.37235,0.23846,0.42563
"2746",6.26666666666667,-0.555555555555555,2.77777777777778,2.3,0.21922,0.34561,0.222,0.4231
"2747",7.2,-0.555555555555555,2.77777777777778,2.3,0.20485,0.32401,0.20655,0.42231
"2748",8.13333333333333,-0.555555555555555,2.77777777777778,2.3,0.19285,0.30606,0.19485,0.42163
"2749",9.06666666666667,-0.555555555555555,2.77777777777778,2.3,0.18294,0.2898,0.18666,0.42145
"2750",10,-0.555555555555555,2.77777777777778,2.3,0.17463,0.2764,0.1759,0.42137
"2751",1.6,0.555555555555555,2.77777777777778,2.3,0.40817,0.62815,0.37897,0.44559
"2752",2.53333333333333,0.555555555555555,2.77777777777778,2.3,0.33466,0.52348,0.3295,0.43362
"2753",3.46666666666667,0.555555555555555,2.77777777777778,2.3,0.29112,0.45581,0.28804,0.42875
"2754",4.4,0.555555555555555,2.77777777777778,2.3,0.26039,0.40888,0.25802,0.42544
"2755",5.33333333333333,0.555555555555555,2.77777777777778,2.3,0.2378,0.37417,0.23801,0.42355
"2756",6.26666666666667,0.555555555555555,2.77777777777778,2.3,0.2194,0.34674,0.22073,0.42355
"2757",7.2,0.555555555555555,2.77777777777778,2.3,0.2056,0.32447,0.20657,0.42346
"2758",8.13333333333333,0.555555555555555,2.77777777777778,2.3,0.19392,0.3057,0.19649,0.4222
"2759",9.06666666666667,0.555555555555555,2.77777777777778,2.3,0.18383,0.29078,0.18493,0.42164
"2760",10,0.555555555555555,2.77777777777778,2.3,0.17542,0.27731,0.17545,0.42187
"2761",1.6,1.66666666666667,2.77777777777778,2.3,0.37316,0.50227,0.22256,0.12696
"2762",2.53333333333333,1.66666666666667,2.77777777777778,2.3,0.32117,0.47768,0.2732,0.10141
"2763",3.46666666666667,1.66666666666667,2.77777777777778,2.3,0.2834,0.43305,0.26316,0.09151
"2764",4.4,1.66666666666667,2.77777777777778,2.3,0.25687,0.39596,0.2473,0.08783
"2765",5.33333333333333,1.66666666666667,2.77777777777778,2.3,0.23567,0.36542,0.2288,0.08467
"2766",6.26666666666667,1.66666666666667,2.77777777777778,2.3,0.21912,0.34127,0.21615,0.08216
"2767",7.2,1.66666666666667,2.77777777777778,2.3,0.20455,0.32125,0.20287,0.08092
"2768",8.13333333333333,1.66666666666667,2.77777777777778,2.3,0.19292,0.30345,0.19032,0.08047
"2769",9.06666666666667,1.66666666666667,2.77777777777778,2.3,0.18267,0.28895,0.18001,0.08007
"2770",10,1.66666666666667,2.77777777777778,2.3,0.17455,0.27563,0.17374,0.07938
"2771",1.6,2.77777777777778,2.77777777777778,2.3,0.32369,0.35838,0.11431,0.05269
"2772",2.53333333333333,2.77777777777778,2.77777777777778,2.3,0.30008,0.40694,0.20363,0.03038
"2773",3.46666666666667,2.77777777777778,2.77777777777778,2.3,0.27306,0.39667,0.22373,0.02363
"2774",4.4,2.77777777777778,2.77777777777778,2.3,0.24959,0.37457,0.22473,0.02085
"2775",5.33333333333333,2.77777777777778,2.77777777777778,2.3,0.23075,0.35204,0.21298,0.01913
"2776",6.26666666666667,2.77777777777778,2.77777777777778,2.3,0.21491,0.33101,0.20604,0.01826
"2777",7.2,2.77777777777778,2.77777777777778,2.3,0.20216,0.31319,0.19595,0.01701
"2778",8.13333333333333,2.77777777777778,2.77777777777778,2.3,0.19129,0.29819,0.18702,0.01661
"2779",9.06666666666667,2.77777777777778,2.77777777777778,2.3,0.18173,0.28467,0.17909,0.01612
"2780",10,2.77777777777778,2.77777777777778,2.3,0.17337,0.27205,0.17241,0.01575
"2781",1.6,3.88888888888889,2.77777777777778,2.3,0.27834,0.25007,0.06186,0.02743
"2782",2.53333333333333,3.88888888888889,2.77777777777778,2.3,0.27288,0.33097,0.1411,0.01156
"2783",3.46666666666667,3.88888888888889,2.77777777777778,2.3,0.25696,0.34994,0.18057,0.00741
"2784",4.4,3.88888888888889,2.77777777777778,2.3,0.2396,0.34463,0.19184,0.0057
"2785",5.33333333333333,3.88888888888889,2.77777777777778,2.3,0.22456,0.33114,0.19434,0.00501
"2786",6.26666666666667,3.88888888888889,2.77777777777778,2.3,0.21044,0.3172,0.18868,0.0043
"2787",7.2,3.88888888888889,2.77777777777778,2.3,0.19875,0.30286,0.1836,0.00409
"2788",8.13333333333333,3.88888888888889,2.77777777777778,2.3,0.18852,0.28894,0.17743,0.00377
"2789",9.06666666666667,3.88888888888889,2.77777777777778,2.3,0.17959,0.27787,0.17263,0.0037
"2790",10,3.88888888888889,2.77777777777778,2.3,0.1719,0.26768,0.16433,0.00366
"2791",1.6,5,2.77777777777778,2.3,0.23845,0.17943,0.03511,0.01643
"2792",2.53333333333333,5,2.77777777777778,2.3,0.24747,0.2656,0.09558,0.0046
"2793",3.46666666666667,5,2.77777777777778,2.3,0.24081,0.30175,0.14073,0.00231
"2794",4.4,5,2.77777777777778,2.3,0.22897,0.31176,0.1616,0.00192
"2795",5.33333333333333,5,2.77777777777778,2.3,0.21672,0.30843,0.16842,0.00128
"2796",6.26666666666667,5,2.77777777777778,2.3,0.20545,0.30044,0.17372,0.00115
"2797",7.2,5,2.77777777777778,2.3,0.19523,0.29045,0.17304,0.00099
"2798",8.13333333333333,5,2.77777777777778,2.3,0.18648,0.27957,0.16667,0.00088
"2799",9.06666666666667,5,2.77777777777778,2.3,0.17797,0.26901,0.1661,0.00088
"2800",10,5,2.77777777777778,2.3,0.17018,0.25985,0.15955,0.00079
"2801",1.6,-5,3.88888888888889,2.3,0.23844,0.17683,0.03607,0.01635
"2802",2.53333333333333,-5,3.88888888888889,2.3,0.24701,0.26102,0.0958,0.00514
"2803",3.46666666666667,-5,3.88888888888889,2.3,0.23981,0.29868,0.13916,0.00259
"2804",4.4,-5,3.88888888888889,2.3,0.22901,0.30778,0.16195,0.00201
"2805",5.33333333333333,-5,3.88888888888889,2.3,0.21708,0.30595,0.17106,0.00134
"2806",6.26666666666667,-5,3.88888888888889,2.3,0.206,0.29858,0.17319,0.00129
"2807",7.2,-5,3.88888888888889,2.3,0.19607,0.28831,0.17212,0.00091
"2808",8.13333333333333,-5,3.88888888888889,2.3,0.18586,0.2782,0.16664,0.00098
"2809",9.06666666666667,-5,3.88888888888889,2.3,0.17741,0.26897,0.16486,0.00087
"2810",10,-5,3.88888888888889,2.3,0.17057,0.25957,0.16092,0.00088
"2811",1.6,-3.88888888888889,3.88888888888889,2.3,0.27807,0.24648,0.06175,0.02699
"2812",2.53333333333333,-3.88888888888889,3.88888888888889,2.3,0.27347,0.32712,0.13932,0.01145
"2813",3.46666666666667,-3.88888888888889,3.88888888888889,2.3,0.25829,0.34522,0.18006,0.00738
"2814",4.4,-3.88888888888889,3.88888888888889,2.3,0.24028,0.34122,0.19268,0.00579
"2815",5.33333333333333,-3.88888888888889,3.88888888888889,2.3,0.2246,0.32953,0.19164,0.00497
"2816",6.26666666666667,-3.88888888888889,3.88888888888889,2.3,0.21085,0.31624,0.19035,0.00439
"2817",7.2,-3.88888888888889,3.88888888888889,2.3,0.19867,0.30273,0.1843,0.00412
"2818",8.13333333333333,-3.88888888888889,3.88888888888889,2.3,0.18857,0.2889,0.17847,0.00393
"2819",9.06666666666667,-3.88888888888889,3.88888888888889,2.3,0.17995,0.27707,0.17072,0.00376
"2820",10,-3.88888888888889,3.88888888888889,2.3,0.172,0.26633,0.16539,0.00339
"2821",1.6,-2.77777777777778,3.88888888888889,2.3,0.3252,0.35347,0.11532,0.05417
"2822",2.53333333333333,-2.77777777777778,3.88888888888889,2.3,0.29965,0.40257,0.20273,0.03116
"2823",3.46666666666667,-2.77777777777778,3.88888888888889,2.3,0.27221,0.39322,0.22324,0.02384
"2824",4.4,-2.77777777777778,3.88888888888889,2.3,0.24905,0.373,0.22363,0.02112
"2825",5.33333333333333,-2.77777777777778,3.88888888888889,2.3,0.22997,0.35187,0.21246,0.01848
"2826",6.26666666666667,-2.77777777777778,3.88888888888889,2.3,0.21439,0.33088,0.20405,0.01761
"2827",7.2,-2.77777777777778,3.88888888888889,2.3,0.20205,0.3129,0.19517,0.01724
"2828",8.13333333333333,-2.77777777777778,3.88888888888889,2.3,0.19042,0.29777,0.18961,0.01654
"2829",9.06666666666667,-2.77777777777778,3.88888888888889,2.3,0.18143,0.28373,0.17867,0.01605
"2830",10,-2.77777777777778,3.88888888888889,2.3,0.17294,0.27148,0.17097,0.01574
"2831",1.6,-1.66666666666667,3.88888888888889,2.3,0.37317,0.49764,0.22382,0.12737
"2832",2.53333333333333,-1.66666666666667,3.88888888888889,2.3,0.32062,0.47521,0.27362,0.10214
"2833",3.46666666666667,-1.66666666666667,3.88888888888889,2.3,0.28369,0.43331,0.26443,0.09216
"2834",4.4,-1.66666666666667,3.88888888888889,2.3,0.25568,0.39803,0.24438,0.08726
"2835",5.33333333333333,-1.66666666666667,3.88888888888889,2.3,0.23364,0.36677,0.22841,0.08552
"2836",6.26666666666667,-1.66666666666667,3.88888888888889,2.3,0.21692,0.34156,0.21295,0.08271
"2837",7.2,-1.66666666666667,3.88888888888889,2.3,0.20333,0.31991,0.20178,0.0816
"2838",8.13333333333333,-1.66666666666667,3.88888888888889,2.3,0.1917,0.30228,0.19016,0.08053
"2839",9.06666666666667,-1.66666666666667,3.88888888888889,2.3,0.18202,0.28721,0.18122,0.08016
"2840",10,-1.66666666666667,3.88888888888889,2.3,0.17346,0.27453,0.17646,0.07888
"2841",1.6,-0.555555555555555,3.88888888888889,2.3,0.40697,0.62622,0.37778,0.44856
"2842",2.53333333333333,-0.555555555555555,3.88888888888889,2.3,0.33567,0.52346,0.32736,0.43407
"2843",3.46666666666667,-0.555555555555555,3.88888888888889,2.3,0.29056,0.45548,0.28819,0.42918
"2844",4.4,-0.555555555555555,3.88888888888889,2.3,0.25914,0.40816,0.25673,0.42589
"2845",5.33333333333333,-0.555555555555555,3.88888888888889,2.3,0.23637,0.37235,0.23783,0.42528
"2846",6.26666666666667,-0.555555555555555,3.88888888888889,2.3,0.21922,0.34561,0.2212,0.42214
"2847",7.2,-0.555555555555555,3.88888888888889,2.3,0.20485,0.32401,0.20386,0.4226
"2848",8.13333333333333,-0.555555555555555,3.88888888888889,2.3,0.19285,0.30606,0.19452,0.42311
"2849",9.06666666666667,-0.555555555555555,3.88888888888889,2.3,0.18294,0.2898,0.18359,0.42152
"2850",10,-0.555555555555555,3.88888888888889,2.3,0.17463,0.2764,0.17667,0.42172
"2851",1.6,0.555555555555555,3.88888888888889,2.3,0.40817,0.62815,0.37867,0.44649
"2852",2.53333333333333,0.555555555555555,3.88888888888889,2.3,0.33466,0.52348,0.32834,0.43293
"2853",3.46666666666667,0.555555555555555,3.88888888888889,2.3,0.29112,0.45581,0.28963,0.42965
"2854",4.4,0.555555555555555,3.88888888888889,2.3,0.26039,0.40888,0.25914,0.4259
"2855",5.33333333333333,0.555555555555555,3.88888888888889,2.3,0.2378,0.37417,0.23655,0.42585
"2856",6.26666666666667,0.555555555555555,3.88888888888889,2.3,0.2194,0.34674,0.22213,0.42296
"2857",7.2,0.555555555555555,3.88888888888889,2.3,0.2056,0.32447,0.20458,0.42348
"2858",8.13333333333333,0.555555555555555,3.88888888888889,2.3,0.19392,0.3057,0.19421,0.42221
"2859",9.06666666666667,0.555555555555555,3.88888888888889,2.3,0.18383,0.29078,0.185,0.42177
"2860",10,0.555555555555555,3.88888888888889,2.3,0.17542,0.27731,0.17533,0.42052
"2861",1.6,1.66666666666667,3.88888888888889,2.3,0.37316,0.50227,0.22419,0.12781
"2862",2.53333333333333,1.66666666666667,3.88888888888889,2.3,0.32117,0.47768,0.27143,0.10124
"2863",3.46666666666667,1.66666666666667,3.88888888888889,2.3,0.2834,0.43305,0.26247,0.09241
"2864",4.4,1.66666666666667,3.88888888888889,2.3,0.25687,0.39596,0.24381,0.08822
"2865",5.33333333333333,1.66666666666667,3.88888888888889,2.3,0.23567,0.36542,0.22911,0.08458
"2866",6.26666666666667,1.66666666666667,3.88888888888889,2.3,0.21912,0.34127,0.21695,0.08298
"2867",7.2,1.66666666666667,3.88888888888889,2.3,0.20455,0.32125,0.20107,0.08172
"2868",8.13333333333333,1.66666666666667,3.88888888888889,2.3,0.19292,0.30345,0.19172,0.08028
"2869",9.06666666666667,1.66666666666667,3.88888888888889,2.3,0.18267,0.28895,0.18231,0.0795
"2870",10,1.66666666666667,3.88888888888889,2.3,0.17455,0.27563,0.17535,0.07891
"2871",1.6,2.77777777777778,3.88888888888889,2.3,0.32369,0.35838,0.11419,0.05373
"2872",2.53333333333333,2.77777777777778,3.88888888888889,2.3,0.30008,0.40694,0.20111,0.03041
"2873",3.46666666666667,2.77777777777778,3.88888888888889,2.3,0.27306,0.39667,0.2247,0.02377
"2874",4.4,2.77777777777778,3.88888888888889,2.3,0.24959,0.37457,0.22369,0.0215
"2875",5.33333333333333,2.77777777777778,3.88888888888889,2.3,0.23075,0.35204,0.21122,0.01897
"2876",6.26666666666667,2.77777777777778,3.88888888888889,2.3,0.21491,0.33101,0.20303,0.01777
"2877",7.2,2.77777777777778,3.88888888888889,2.3,0.20216,0.31319,0.19356,0.01774
"2878",8.13333333333333,2.77777777777778,3.88888888888889,2.3,0.19129,0.29819,0.18641,0.01646
"2879",9.06666666666667,2.77777777777778,3.88888888888889,2.3,0.18173,0.28467,0.17851,0.01601
"2880",10,2.77777777777778,3.88888888888889,2.3,0.17337,0.27205,0.17014,0.01586
"2881",1.6,3.88888888888889,3.88888888888889,2.3,0.27834,0.25007,0.06063,0.02735
"2882",2.53333333333333,3.88888888888889,3.88888888888889,2.3,0.27288,0.33097,0.14285,0.01167
"2883",3.46666666666667,3.88888888888889,3.88888888888889,2.3,0.25696,0.34994,0.1786,0.00771
"2884",4.4,3.88888888888889,3.88888888888889,2.3,0.2396,0.34463,0.19111,0.0057
"2885",5.33333333333333,3.88888888888889,3.88888888888889,2.3,0.22456,0.33114,0.19685,0.00465
"2886",6.26666666666667,3.88888888888889,3.88888888888889,2.3,0.21044,0.3172,0.19027,0.00441
"2887",7.2,3.88888888888889,3.88888888888889,2.3,0.19875,0.30286,0.18436,0.00381
"2888",8.13333333333333,3.88888888888889,3.88888888888889,2.3,0.18852,0.28894,0.17855,0.00361
"2889",9.06666666666667,3.88888888888889,3.88888888888889,2.3,0.17959,0.27787,0.17268,0.00378
"2890",10,3.88888888888889,3.88888888888889,2.3,0.1719,0.26768,0.16586,0.00367
"2891",1.6,5,3.88888888888889,2.3,0.23845,0.17943,0.03621,0.01567
"2892",2.53333333333333,5,3.88888888888889,2.3,0.24747,0.2656,0.09875,0.00487
"2893",3.46666666666667,5,3.88888888888889,2.3,0.24081,0.30175,0.13981,0.0026
"2894",4.4,5,3.88888888888889,2.3,0.22897,0.31176,0.16207,0.00182
"2895",5.33333333333333,5,3.88888888888889,2.3,0.21672,0.30843,0.16975,0.00139
"2896",6.26666666666667,5,3.88888888888889,2.3,0.20545,0.30044,0.17335,0.00127
"2897",7.2,5,3.88888888888889,2.3,0.19523,0.29045,0.17201,0.00101
"2898",8.13333333333333,5,3.88888888888889,2.3,0.18648,0.27957,0.16753,0.00093
"2899",9.06666666666667,5,3.88888888888889,2.3,0.17797,0.26901,0.16577,0.001
"2900",10,5,3.88888888888889,2.3,0.17018,0.25985,0.16206,0.00073
"2901",1.6,-5,5,2.3,0.23844,0.17683,0.03628,0.01597
"2902",2.53333333333333,-5,5,2.3,0.24701,0.26102,0.09687,0.0051
"2903",3.46666666666667,-5,5,2.3,0.23981,0.29868,0.13985,0.00264
"2904",4.4,-5,5,2.3,0.22901,0.30778,0.16055,0.00196
"2905",5.33333333333333,-5,5,2.3,0.21708,0.30595,0.17026,0.00132
"2906",6.26666666666667,-5,5,2.3,0.206,0.29858,0.17252,0.00125
"2907",7.2,-5,5,2.3,0.19607,0.28831,0.17202,0.00112
"2908",8.13333333333333,-5,5,2.3,0.18586,0.2782,0.17037,0.00094
"2909",9.06666666666667,-5,5,2.3,0.17741,0.26897,0.16292,0.00084
"2910",10,-5,5,2.3,0.17057,0.25957,0.15963,8e-04
"2911",1.6,-3.88888888888889,5,2.3,0.27807,0.24648,0.06244,0.02613
"2912",2.53333333333333,-3.88888888888889,5,2.3,0.27347,0.32712,0.1408,0.0122
"2913",3.46666666666667,-3.88888888888889,5,2.3,0.25829,0.34522,0.18044,0.00731
"2914",4.4,-3.88888888888889,5,2.3,0.24028,0.34122,0.19172,0.00548
"2915",5.33333333333333,-3.88888888888889,5,2.3,0.2246,0.32953,0.19634,0.00506
"2916",6.26666666666667,-3.88888888888889,5,2.3,0.21085,0.31624,0.19109,0.00441
"2917",7.2,-3.88888888888889,5,2.3,0.19867,0.30273,0.18417,0.00419
"2918",8.13333333333333,-3.88888888888889,5,2.3,0.18857,0.2889,0.17716,0.00381
"2919",9.06666666666667,-3.88888888888889,5,2.3,0.17995,0.27707,0.17284,0.00373
"2920",10,-3.88888888888889,5,2.3,0.172,0.26633,0.16567,0.00349
"2921",1.6,-2.77777777777778,5,2.3,0.3252,0.35347,0.11848,0.05291
"2922",2.53333333333333,-2.77777777777778,5,2.3,0.29965,0.40257,0.20266,0.03022
"2923",3.46666666666667,-2.77777777777778,5,2.3,0.27221,0.39322,0.22283,0.02448
"2924",4.4,-2.77777777777778,5,2.3,0.24905,0.373,0.2207,0.02103
"2925",5.33333333333333,-2.77777777777778,5,2.3,0.22997,0.35187,0.21576,0.01902
"2926",6.26666666666667,-2.77777777777778,5,2.3,0.21439,0.33088,0.20198,0.01789
"2927",7.2,-2.77777777777778,5,2.3,0.20205,0.3129,0.19325,0.01752
"2928",8.13333333333333,-2.77777777777778,5,2.3,0.19042,0.29777,0.18509,0.01617
"2929",9.06666666666667,-2.77777777777778,5,2.3,0.18143,0.28373,0.179,0.01608
"2930",10,-2.77777777777778,5,2.3,0.17294,0.27148,0.17273,0.01571
"2931",1.6,-1.66666666666667,5,2.3,0.37317,0.49764,0.22513,0.12784
"2932",2.53333333333333,-1.66666666666667,5,2.3,0.32062,0.47521,0.27233,0.10213
"2933",3.46666666666667,-1.66666666666667,5,2.3,0.28369,0.43331,0.26693,0.09135
"2934",4.4,-1.66666666666667,5,2.3,0.25568,0.39803,0.24366,0.08749
"2935",5.33333333333333,-1.66666666666667,5,2.3,0.23364,0.36677,0.22964,0.08494
"2936",6.26666666666667,-1.66666666666667,5,2.3,0.21692,0.34156,0.21262,0.08226
"2937",7.2,-1.66666666666667,5,2.3,0.20333,0.31991,0.20293,0.08171
"2938",8.13333333333333,-1.66666666666667,5,2.3,0.1917,0.30228,0.19152,0.0802
"2939",9.06666666666667,-1.66666666666667,5,2.3,0.18202,0.28721,0.18136,0.07956
"2940",10,-1.66666666666667,5,2.3,0.17346,0.27453,0.17583,0.07865
"2941",1.6,-0.555555555555555,5,2.3,0.40697,0.62622,0.37715,0.44762
"2942",2.53333333333333,-0.555555555555555,5,2.3,0.33567,0.52346,0.32948,0.43361
"2943",3.46666666666667,-0.555555555555555,5,2.3,0.29056,0.45548,0.28854,0.42874
"2944",4.4,-0.555555555555555,5,2.3,0.25914,0.40816,0.25912,0.42657
"2945",5.33333333333333,-0.555555555555555,5,2.3,0.23637,0.37235,0.23719,0.42537
"2946",6.26666666666667,-0.555555555555555,5,2.3,0.21922,0.34561,0.22173,0.42361
"2947",7.2,-0.555555555555555,5,2.3,0.20485,0.32401,0.20651,0.42174
"2948",8.13333333333333,-0.555555555555555,5,2.3,0.19285,0.30606,0.1937,0.42205
"2949",9.06666666666667,-0.555555555555555,5,2.3,0.18294,0.2898,0.18726,0.4215
"2950",10,-0.555555555555555,5,2.3,0.17463,0.2764,0.17667,0.4212
"2951",1.6,0.555555555555555,5,2.3,0.40817,0.62815,0.37786,0.44694
"2952",2.53333333333333,0.555555555555555,5,2.3,0.33466,0.52348,0.32654,0.43259
"2953",3.46666666666667,0.555555555555555,5,2.3,0.29112,0.45581,0.28882,0.42904
"2954",4.4,0.555555555555555,5,2.3,0.26039,0.40888,0.2587,0.42767
"2955",5.33333333333333,0.555555555555555,5,2.3,0.2378,0.37417,0.2373,0.42554
"2956",6.26666666666667,0.555555555555555,5,2.3,0.2194,0.34674,0.21998,0.42394
"2957",7.2,0.555555555555555,5,2.3,0.2056,0.32447,0.20733,0.42241
"2958",8.13333333333333,0.555555555555555,5,2.3,0.19392,0.3057,0.1938,0.42297
"2959",9.06666666666667,0.555555555555555,5,2.3,0.18383,0.29078,0.18359,0.42153
"2960",10,0.555555555555555,5,2.3,0.17542,0.27731,0.17558,0.42109
"2961",1.6,1.66666666666667,5,2.3,0.37316,0.50227,0.22312,0.12808
"2962",2.53333333333333,1.66666666666667,5,2.3,0.32117,0.47768,0.27414,0.10124
"2963",3.46666666666667,1.66666666666667,5,2.3,0.2834,0.43305,0.26552,0.09301
"2964",4.4,1.66666666666667,5,2.3,0.25687,0.39596,0.24604,0.0884
"2965",5.33333333333333,1.66666666666667,5,2.3,0.23567,0.36542,0.23003,0.08532
"2966",6.26666666666667,1.66666666666667,5,2.3,0.21912,0.34127,0.21429,0.08235
"2967",7.2,1.66666666666667,5,2.3,0.20455,0.32125,0.20179,0.08195
"2968",8.13333333333333,1.66666666666667,5,2.3,0.19292,0.30345,0.18946,0.08025
"2969",9.06666666666667,1.66666666666667,5,2.3,0.18267,0.28895,0.18251,0.07952
"2970",10,1.66666666666667,5,2.3,0.17455,0.27563,0.17478,0.07958
"2971",1.6,2.77777777777778,5,2.3,0.32369,0.35838,0.11535,0.05207
"2972",2.53333333333333,2.77777777777778,5,2.3,0.30008,0.40694,0.20368,0.03063
"2973",3.46666666666667,2.77777777777778,5,2.3,0.27306,0.39667,0.22376,0.02367
"2974",4.4,2.77777777777778,5,2.3,0.24959,0.37457,0.22233,0.02097
"2975",5.33333333333333,2.77777777777778,5,2.3,0.23075,0.35204,0.21533,0.01941
"2976",6.26666666666667,2.77777777777778,5,2.3,0.21491,0.33101,0.20271,0.01768
"2977",7.2,2.77777777777778,5,2.3,0.20216,0.31319,0.19618,0.01733
"2978",8.13333333333333,2.77777777777778,5,2.3,0.19129,0.29819,0.18564,0.01641
"2979",9.06666666666667,2.77777777777778,5,2.3,0.18173,0.28467,0.17912,0.01629
"2980",10,2.77777777777778,5,2.3,0.17337,0.27205,0.1703,0.01612
"2981",1.6,3.88888888888889,5,2.3,0.27834,0.25007,0.06139,0.02698
"2982",2.53333333333333,3.88888888888889,5,2.3,0.27288,0.33097,0.14157,0.0115
"2983",3.46666666666667,3.88888888888889,5,2.3,0.25696,0.34994,0.17978,0.00779
"2984",4.4,3.88888888888889,5,2.3,0.2396,0.34463,0.19059,0.006
"2985",5.33333333333333,3.88888888888889,5,2.3,0.22456,0.33114,0.19277,0.0051
"2986",6.26666666666667,3.88888888888889,5,2.3,0.21044,0.3172,0.18843,0.00452
"2987",7.2,3.88888888888889,5,2.3,0.19875,0.30286,0.18478,0.00419
"2988",8.13333333333333,3.88888888888889,5,2.3,0.18852,0.28894,0.1792,0.00354
"2989",9.06666666666667,3.88888888888889,5,2.3,0.17959,0.27787,0.1736,0.00367
"2990",10,3.88888888888889,5,2.3,0.1719,0.26768,0.16556,0.00359
"2991",1.6,5,5,2.3,0.23845,0.17943,0.0356,0.01653
"2992",2.53333333333333,5,5,2.3,0.24747,0.2656,0.09634,0.00524
"2993",3.46666666666667,5,5,2.3,0.24081,0.30175,0.14069,0.00268
"2994",4.4,5,5,2.3,0.22897,0.31176,0.16135,0.00183
"2995",5.33333333333333,5,5,2.3,0.21672,0.30843,0.17187,0.00155
"2996",6.26666666666667,5,5,2.3,0.20545,0.30044,0.17475,0.00117
"2997",7.2,5,5,2.3,0.19523,0.29045,0.17189,0.00121
"2998",8.13333333333333,5,5,2.3,0.18648,0.27957,0.16838,0.00098
"2999",9.06666666666667,5,5,2.3,0.17797,0.26901,0.16312,0.00085
"3000",10,5,5,2.3,0.17018,0.25985,0.15915,0.00079
"3001",1.6,-5,-5,3.4,0.23844,0.17683,0.0359,0.01592
"3002",2.53333333333333,-5,-5,3.4,0.24701,0.26102,0.09717,0.00477
"3003",3.46666666666667,-5,-5,3.4,0.23981,0.29868,0.13894,0.0029
"3004",4.4,-5,-5,3.4,0.22901,0.30778,0.16276,0.00171
"3005",5.33333333333333,-5,-5,3.4,0.21708,0.30595,0.17088,0.0015
"3006",6.26666666666667,-5,-5,3.4,0.206,0.29858,0.17449,0.00106
"3007",7.2,-5,-5,3.4,0.19607,0.28831,0.17276,0.00093
"3008",8.13333333333333,-5,-5,3.4,0.18586,0.2782,0.16953,0.00084
"3009",9.06666666666667,-5,-5,3.4,0.17741,0.26897,0.16739,0.00093
"3010",10,-5,-5,3.4,0.17057,0.25957,0.16002,0.00083
"3011",1.6,-3.88888888888889,-5,3.4,0.27807,0.24648,0.06244,0.02741
"3012",2.53333333333333,-3.88888888888889,-5,3.4,0.27347,0.32712,0.14086,0.01164
"3013",3.46666666666667,-3.88888888888889,-5,3.4,0.25829,0.34522,0.17987,0.00736
"3014",4.4,-3.88888888888889,-5,3.4,0.24028,0.34122,0.19033,0.00587
"3015",5.33333333333333,-3.88888888888889,-5,3.4,0.2246,0.32953,0.19574,0.00505
"3016",6.26666666666667,-3.88888888888889,-5,3.4,0.21085,0.31624,0.18939,0.00466
"3017",7.2,-3.88888888888889,-5,3.4,0.19867,0.30273,0.18445,0.00402
"3018",8.13333333333333,-3.88888888888889,-5,3.4,0.18857,0.2889,0.17913,0.00368
"3019",9.06666666666667,-3.88888888888889,-5,3.4,0.17995,0.27707,0.17147,0.00385
"3020",10,-3.88888888888889,-5,3.4,0.172,0.26633,0.16515,0.00348
"3021",1.6,-2.77777777777778,-5,3.4,0.3252,0.35347,0.11619,0.05191
"3022",2.53333333333333,-2.77777777777778,-5,3.4,0.29965,0.40257,0.20201,0.03067
"3023",3.46666666666667,-2.77777777777778,-5,3.4,0.27221,0.39322,0.22465,0.02417
"3024",4.4,-2.77777777777778,-5,3.4,0.24905,0.373,0.22074,0.02078
"3025",5.33333333333333,-2.77777777777778,-5,3.4,0.22997,0.35187,0.21391,0.01894
"3026",6.26666666666667,-2.77777777777778,-5,3.4,0.21439,0.33088,0.20555,0.018
"3027",7.2,-2.77777777777778,-5,3.4,0.20205,0.3129,0.19424,0.01712
"3028",8.13333333333333,-2.77777777777778,-5,3.4,0.19042,0.29777,0.18753,0.01641
"3029",9.06666666666667,-2.77777777777778,-5,3.4,0.18143,0.28373,0.17766,0.01663
"3030",10,-2.77777777777778,-5,3.4,0.17294,0.27148,0.17117,0.01589
"3031",1.6,-1.66666666666667,-5,3.4,0.37317,0.49764,0.22374,0.12765
"3032",2.53333333333333,-1.66666666666667,-5,3.4,0.32062,0.47521,0.27475,0.10093
"3033",3.46666666666667,-1.66666666666667,-5,3.4,0.28369,0.43331,0.26285,0.09191
"3034",4.4,-1.66666666666667,-5,3.4,0.25568,0.39803,0.24547,0.08719
"3035",5.33333333333333,-1.66666666666667,-5,3.4,0.23364,0.36677,0.22988,0.08384
"3036",6.26666666666667,-1.66666666666667,-5,3.4,0.21692,0.34156,0.21477,0.08286
"3037",7.2,-1.66666666666667,-5,3.4,0.20333,0.31991,0.20131,0.08134
"3038",8.13333333333333,-1.66666666666667,-5,3.4,0.1917,0.30228,0.19338,0.0801
"3039",9.06666666666667,-1.66666666666667,-5,3.4,0.18202,0.28721,0.18404,0.07932
"3040",10,-1.66666666666667,-5,3.4,0.17346,0.27453,0.17451,0.07868
"3041",1.6,-0.555555555555555,-5,3.4,0.40697,0.62622,0.37802,0.446
"3042",2.53333333333333,-0.555555555555555,-5,3.4,0.33567,0.52346,0.32787,0.43488
"3043",3.46666666666667,-0.555555555555555,-5,3.4,0.29056,0.45548,0.28858,0.43006
"3044",4.4,-0.555555555555555,-5,3.4,0.25914,0.40816,0.25869,0.427
"3045",5.33333333333333,-0.555555555555555,-5,3.4,0.23637,0.37235,0.23904,0.42448
"3046",6.26666666666667,-0.555555555555555,-5,3.4,0.21922,0.34561,0.22054,0.42384
"3047",7.2,-0.555555555555555,-5,3.4,0.20485,0.32401,0.20715,0.42326
"3048",8.13333333333333,-0.555555555555555,-5,3.4,0.19285,0.30606,0.19276,0.4216
"3049",9.06666666666667,-0.555555555555555,-5,3.4,0.18294,0.2898,0.18414,0.42185
"3050",10,-0.555555555555555,-5,3.4,0.17463,0.2764,0.1758,0.4201
"3051",1.6,0.555555555555555,-5,3.4,0.40817,0.62815,0.37875,0.44561
"3052",2.53333333333333,0.555555555555555,-5,3.4,0.33466,0.52348,0.3305,0.434
"3053",3.46666666666667,0.555555555555555,-5,3.4,0.29112,0.45581,0.28923,0.42837
"3054",4.4,0.555555555555555,-5,3.4,0.26039,0.40888,0.25965,0.42565
"3055",5.33333333333333,0.555555555555555,-5,3.4,0.2378,0.37417,0.23628,0.42472
"3056",6.26666666666667,0.555555555555555,-5,3.4,0.2194,0.34674,0.22101,0.42381
"3057",7.2,0.555555555555555,-5,3.4,0.2056,0.32447,0.20659,0.42222
"3058",8.13333333333333,0.555555555555555,-5,3.4,0.19392,0.3057,0.19344,0.42219
"3059",9.06666666666667,0.555555555555555,-5,3.4,0.18383,0.29078,0.1857,0.42233
"3060",10,0.555555555555555,-5,3.4,0.17542,0.27731,0.17681,0.42102
"3061",1.6,1.66666666666667,-5,3.4,0.37316,0.50227,0.22458,0.12853
"3062",2.53333333333333,1.66666666666667,-5,3.4,0.32117,0.47768,0.27496,0.10101
"3063",3.46666666666667,1.66666666666667,-5,3.4,0.2834,0.43305,0.26553,0.09195
"3064",4.4,1.66666666666667,-5,3.4,0.25687,0.39596,0.24512,0.08776
"3065",5.33333333333333,1.66666666666667,-5,3.4,0.23567,0.36542,0.22822,0.08499
"3066",6.26666666666667,1.66666666666667,-5,3.4,0.21912,0.34127,0.21501,0.08358
"3067",7.2,1.66666666666667,-5,3.4,0.20455,0.32125,0.20429,0.08155
"3068",8.13333333333333,1.66666666666667,-5,3.4,0.19292,0.30345,0.19258,0.08051
"3069",9.06666666666667,1.66666666666667,-5,3.4,0.18267,0.28895,0.1838,0.08004
"3070",10,1.66666666666667,-5,3.4,0.17455,0.27563,0.17449,0.07976
"3071",1.6,2.77777777777778,-5,3.4,0.32369,0.35838,0.1177,0.05385
"3072",2.53333333333333,2.77777777777778,-5,3.4,0.30008,0.40694,0.20147,0.03098
"3073",3.46666666666667,2.77777777777778,-5,3.4,0.27306,0.39667,0.22081,0.02414
"3074",4.4,2.77777777777778,-5,3.4,0.24959,0.37457,0.22137,0.02119
"3075",5.33333333333333,2.77777777777778,-5,3.4,0.23075,0.35204,0.21192,0.01874
"3076",6.26666666666667,2.77777777777778,-5,3.4,0.21491,0.33101,0.20738,0.0182
"3077",7.2,2.77777777777778,-5,3.4,0.20216,0.31319,0.19437,0.01714
"3078",8.13333333333333,2.77777777777778,-5,3.4,0.19129,0.29819,0.18644,0.01684
"3079",9.06666666666667,2.77777777777778,-5,3.4,0.18173,0.28467,0.1778,0.0158
"3080",10,2.77777777777778,-5,3.4,0.17337,0.27205,0.16996,0.01564
"3081",1.6,3.88888888888889,-5,3.4,0.27834,0.25007,0.06222,0.02707
"3082",2.53333333333333,3.88888888888889,-5,3.4,0.27288,0.33097,0.14166,0.01126
"3083",3.46666666666667,3.88888888888889,-5,3.4,0.25696,0.34994,0.17956,0.00744
"3084",4.4,3.88888888888889,-5,3.4,0.2396,0.34463,0.19134,0.00572
"3085",5.33333333333333,3.88888888888889,-5,3.4,0.22456,0.33114,0.19509,0.00507
"3086",6.26666666666667,3.88888888888889,-5,3.4,0.21044,0.3172,0.18993,0.00456
"3087",7.2,3.88888888888889,-5,3.4,0.19875,0.30286,0.18127,0.00398
"3088",8.13333333333333,3.88888888888889,-5,3.4,0.18852,0.28894,0.17732,0.00375
"3089",9.06666666666667,3.88888888888889,-5,3.4,0.17959,0.27787,0.17035,0.00348
"3090",10,3.88888888888889,-5,3.4,0.1719,0.26768,0.16575,0.00339
"3091",1.6,5,-5,3.4,0.23845,0.17943,0.03539,0.01637
"3092",2.53333333333333,5,-5,3.4,0.24747,0.2656,0.09575,0.00498
"3093",3.46666666666667,5,-5,3.4,0.24081,0.30175,0.14098,0.00249
"3094",4.4,5,-5,3.4,0.22897,0.31176,0.16063,0.00185
"3095",5.33333333333333,5,-5,3.4,0.21672,0.30843,0.17048,0.00129
"3096",6.26666666666667,5,-5,3.4,0.20545,0.30044,0.17381,0.0012
"3097",7.2,5,-5,3.4,0.19523,0.29045,0.17192,0.00101
"3098",8.13333333333333,5,-5,3.4,0.18648,0.27957,0.16811,0.00094
"3099",9.06666666666667,5,-5,3.4,0.17797,0.26901,0.16503,0.00094
"3100",10,5,-5,3.4,0.17018,0.25985,0.16083,0.00074
"3101",1.6,-5,-3.88888888888889,3.4,0.23844,0.17683,0.03626,0.01577
"3102",2.53333333333333,-5,-3.88888888888889,3.4,0.24701,0.26102,0.09751,0.00479
"3103",3.46666666666667,-5,-3.88888888888889,3.4,0.23981,0.29868,0.13958,0.00275
"3104",4.4,-5,-3.88888888888889,3.4,0.22901,0.30778,0.1625,0.00214
"3105",5.33333333333333,-5,-3.88888888888889,3.4,0.21708,0.30595,0.17026,0.00132
"3106",6.26666666666667,-5,-3.88888888888889,3.4,0.206,0.29858,0.17435,0.00121
"3107",7.2,-5,-3.88888888888889,3.4,0.19607,0.28831,0.17087,0.00106
"3108",8.13333333333333,-5,-3.88888888888889,3.4,0.18586,0.2782,0.1703,0.00094
"3109",9.06666666666667,-5,-3.88888888888889,3.4,0.17741,0.26897,0.16448,0.00086
"3110",10,-5,-3.88888888888889,3.4,0.17057,0.25957,0.15778,0.00066
"3111",1.6,-3.88888888888889,-3.88888888888889,3.4,0.27807,0.24648,0.06211,0.02669
"3112",2.53333333333333,-3.88888888888889,-3.88888888888889,3.4,0.27347,0.32712,0.13959,0.01151
"3113",3.46666666666667,-3.88888888888889,-3.88888888888889,3.4,0.25829,0.34522,0.18051,0.00779
"3114",4.4,-3.88888888888889,-3.88888888888889,3.4,0.24028,0.34122,0.19275,0.00572
"3115",5.33333333333333,-3.88888888888889,-3.88888888888889,3.4,0.2246,0.32953,0.19335,0.00509
"3116",6.26666666666667,-3.88888888888889,-3.88888888888889,3.4,0.21085,0.31624,0.19067,0.00424
"3117",7.2,-3.88888888888889,-3.88888888888889,3.4,0.19867,0.30273,0.18461,0.00406
"3118",8.13333333333333,-3.88888888888889,-3.88888888888889,3.4,0.18857,0.2889,0.17917,0.00362
"3119",9.06666666666667,-3.88888888888889,-3.88888888888889,3.4,0.17995,0.27707,0.17318,0.00371
"3120",10,-3.88888888888889,-3.88888888888889,3.4,0.172,0.26633,0.16874,0.00349
"3121",1.6,-2.77777777777778,-3.88888888888889,3.4,0.3252,0.35347,0.1155,0.05266
"3122",2.53333333333333,-2.77777777777778,-3.88888888888889,3.4,0.29965,0.40257,0.2032,0.03077
"3123",3.46666666666667,-2.77777777777778,-3.88888888888889,3.4,0.27221,0.39322,0.22452,0.02376
"3124",4.4,-2.77777777777778,-3.88888888888889,3.4,0.24905,0.373,0.22155,0.02078
"3125",5.33333333333333,-2.77777777777778,-3.88888888888889,3.4,0.22997,0.35187,0.21196,0.01917
"3126",6.26666666666667,-2.77777777777778,-3.88888888888889,3.4,0.21439,0.33088,0.20565,0.0179
"3127",7.2,-2.77777777777778,-3.88888888888889,3.4,0.20205,0.3129,0.19662,0.01663
"3128",8.13333333333333,-2.77777777777778,-3.88888888888889,3.4,0.19042,0.29777,0.18837,0.01642
"3129",9.06666666666667,-2.77777777777778,-3.88888888888889,3.4,0.18143,0.28373,0.17745,0.01604
"3130",10,-2.77777777777778,-3.88888888888889,3.4,0.17294,0.27148,0.17103,0.01556
"3131",1.6,-1.66666666666667,-3.88888888888889,3.4,0.37317,0.49764,0.22378,0.12767
"3132",2.53333333333333,-1.66666666666667,-3.88888888888889,3.4,0.32062,0.47521,0.27436,0.10215
"3133",3.46666666666667,-1.66666666666667,-3.88888888888889,3.4,0.28369,0.43331,0.26293,0.09192
"3134",4.4,-1.66666666666667,-3.88888888888889,3.4,0.25568,0.39803,0.24602,0.0875
"3135",5.33333333333333,-1.66666666666667,-3.88888888888889,3.4,0.23364,0.36677,0.22896,0.08498
"3136",6.26666666666667,-1.66666666666667,-3.88888888888889,3.4,0.21692,0.34156,0.21271,0.08325
"3137",7.2,-1.66666666666667,-3.88888888888889,3.4,0.20333,0.31991,0.20207,0.08143
"3138",8.13333333333333,-1.66666666666667,-3.88888888888889,3.4,0.1917,0.30228,0.19098,0.08104
"3139",9.06666666666667,-1.66666666666667,-3.88888888888889,3.4,0.18202,0.28721,0.18303,0.0796
"3140",10,-1.66666666666667,-3.88888888888889,3.4,0.17346,0.27453,0.17266,0.07923
"3141",1.6,-0.555555555555555,-3.88888888888889,3.4,0.40697,0.62622,0.37784,0.44622
"3142",2.53333333333333,-0.555555555555555,-3.88888888888889,3.4,0.33567,0.52346,0.32942,0.43305
"3143",3.46666666666667,-0.555555555555555,-3.88888888888889,3.4,0.29056,0.45548,0.28743,0.42848
"3144",4.4,-0.555555555555555,-3.88888888888889,3.4,0.25914,0.40816,0.25801,0.42507
"3145",5.33333333333333,-0.555555555555555,-3.88888888888889,3.4,0.23637,0.37235,0.2372,0.42361
"3146",6.26666666666667,-0.555555555555555,-3.88888888888889,3.4,0.21922,0.34561,0.21955,0.42324
"3147",7.2,-0.555555555555555,-3.88888888888889,3.4,0.20485,0.32401,0.20514,0.42291
"3148",8.13333333333333,-0.555555555555555,-3.88888888888889,3.4,0.19285,0.30606,0.19612,0.42213
"3149",9.06666666666667,-0.555555555555555,-3.88888888888889,3.4,0.18294,0.2898,0.18641,0.42238
"3150",10,-0.555555555555555,-3.88888888888889,3.4,0.17463,0.2764,0.17561,0.42202
"3151",1.6,0.555555555555555,-3.88888888888889,3.4,0.40817,0.62815,0.37927,0.4468
"3152",2.53333333333333,0.555555555555555,-3.88888888888889,3.4,0.33466,0.52348,0.32946,0.43377
"3153",3.46666666666667,0.555555555555555,-3.88888888888889,3.4,0.29112,0.45581,0.28566,0.4292
"3154",4.4,0.555555555555555,-3.88888888888889,3.4,0.26039,0.40888,0.25845,0.42439
"3155",5.33333333333333,0.555555555555555,-3.88888888888889,3.4,0.2378,0.37417,0.23878,0.42564
"3156",6.26666666666667,0.555555555555555,-3.88888888888889,3.4,0.2194,0.34674,0.22085,0.42433
"3157",7.2,0.555555555555555,-3.88888888888889,3.4,0.2056,0.32447,0.20657,0.42359
"3158",8.13333333333333,0.555555555555555,-3.88888888888889,3.4,0.19392,0.3057,0.19585,0.42172
"3159",9.06666666666667,0.555555555555555,-3.88888888888889,3.4,0.18383,0.29078,0.18569,0.42028
"3160",10,0.555555555555555,-3.88888888888889,3.4,0.17542,0.27731,0.17486,0.42031
"3161",1.6,1.66666666666667,-3.88888888888889,3.4,0.37316,0.50227,0.22319,0.12713
"3162",2.53333333333333,1.66666666666667,-3.88888888888889,3.4,0.32117,0.47768,0.27269,0.10128
"3163",3.46666666666667,1.66666666666667,-3.88888888888889,3.4,0.2834,0.43305,0.26215,0.09208
"3164",4.4,1.66666666666667,-3.88888888888889,3.4,0.25687,0.39596,0.24702,0.08705
"3165",5.33333333333333,1.66666666666667,-3.88888888888889,3.4,0.23567,0.36542,0.2277,0.08538
"3166",6.26666666666667,1.66666666666667,-3.88888888888889,3.4,0.21912,0.34127,0.21347,0.08348
"3167",7.2,1.66666666666667,-3.88888888888889,3.4,0.20455,0.32125,0.2005,0.08155
"3168",8.13333333333333,1.66666666666667,-3.88888888888889,3.4,0.19292,0.30345,0.19141,0.08036
"3169",9.06666666666667,1.66666666666667,-3.88888888888889,3.4,0.18267,0.28895,0.17902,0.07956
"3170",10,1.66666666666667,-3.88888888888889,3.4,0.17455,0.27563,0.17395,0.07921
"3171",1.6,2.77777777777778,-3.88888888888889,3.4,0.32369,0.35838,0.11669,0.05332
"3172",2.53333333333333,2.77777777777778,-3.88888888888889,3.4,0.30008,0.40694,0.20148,0.03078
"3173",3.46666666666667,2.77777777777778,-3.88888888888889,3.4,0.27306,0.39667,0.22212,0.02329
"3174",4.4,2.77777777777778,-3.88888888888889,3.4,0.24959,0.37457,0.21997,0.02102
"3175",5.33333333333333,2.77777777777778,-3.88888888888889,3.4,0.23075,0.35204,0.21317,0.01925
"3176",6.26666666666667,2.77777777777778,-3.88888888888889,3.4,0.21491,0.33101,0.20472,0.01811
"3177",7.2,2.77777777777778,-3.88888888888889,3.4,0.20216,0.31319,0.19524,0.0169
"3178",8.13333333333333,2.77777777777778,-3.88888888888889,3.4,0.19129,0.29819,0.18607,0.0167
"3179",9.06666666666667,2.77777777777778,-3.88888888888889,3.4,0.18173,0.28467,0.17845,0.01609
"3180",10,2.77777777777778,-3.88888888888889,3.4,0.17337,0.27205,0.1708,0.01544
"3181",1.6,3.88888888888889,-3.88888888888889,3.4,0.27834,0.25007,0.06215,0.02644
"3182",2.53333333333333,3.88888888888889,-3.88888888888889,3.4,0.27288,0.33097,0.14053,0.01171
"3183",3.46666666666667,3.88888888888889,-3.88888888888889,3.4,0.25696,0.34994,0.17979,0.00708
"3184",4.4,3.88888888888889,-3.88888888888889,3.4,0.2396,0.34463,0.19101,0.00588
"3185",5.33333333333333,3.88888888888889,-3.88888888888889,3.4,0.22456,0.33114,0.19295,0.00503
"3186",6.26666666666667,3.88888888888889,-3.88888888888889,3.4,0.21044,0.3172,0.18928,0.00442
"3187",7.2,3.88888888888889,-3.88888888888889,3.4,0.19875,0.30286,0.18382,0.00397
"3188",8.13333333333333,3.88888888888889,-3.88888888888889,3.4,0.18852,0.28894,0.177,0.00395
"3189",9.06666666666667,3.88888888888889,-3.88888888888889,3.4,0.17959,0.27787,0.17103,0.00353
"3190",10,3.88888888888889,-3.88888888888889,3.4,0.1719,0.26768,0.16675,0.00333
"3191",1.6,5,-3.88888888888889,3.4,0.23845,0.17943,0.03492,0.01599
"3192",2.53333333333333,5,-3.88888888888889,3.4,0.24747,0.2656,0.09633,0.00533
"3193",3.46666666666667,5,-3.88888888888889,3.4,0.24081,0.30175,0.14068,0.00279
"3194",4.4,5,-3.88888888888889,3.4,0.22897,0.31176,0.16095,0.00172
"3195",5.33333333333333,5,-3.88888888888889,3.4,0.21672,0.30843,0.17181,0.00142
"3196",6.26666666666667,5,-3.88888888888889,3.4,0.20545,0.30044,0.17258,0.00102
"3197",7.2,5,-3.88888888888889,3.4,0.19523,0.29045,0.17256,0.00097
"3198",8.13333333333333,5,-3.88888888888889,3.4,0.18648,0.27957,0.16855,0.00095
"3199",9.06666666666667,5,-3.88888888888889,3.4,0.17797,0.26901,0.16524,0.00087
"3200",10,5,-3.88888888888889,3.4,0.17018,0.25985,0.15935,0.00083
"3201",1.6,-5,-2.77777777777778,3.4,0.23844,0.17683,0.03635,0.01637
"3202",2.53333333333333,-5,-2.77777777777778,3.4,0.24701,0.26102,0.09602,0.00519
"3203",3.46666666666667,-5,-2.77777777777778,3.4,0.23981,0.29868,0.1384,0.00265
"3204",4.4,-5,-2.77777777777778,3.4,0.22901,0.30778,0.16207,0.00201
"3205",5.33333333333333,-5,-2.77777777777778,3.4,0.21708,0.30595,0.17277,0.00134
"3206",6.26666666666667,-5,-2.77777777777778,3.4,0.206,0.29858,0.17434,0.00115
"3207",7.2,-5,-2.77777777777778,3.4,0.19607,0.28831,0.17116,0.0012
"3208",8.13333333333333,-5,-2.77777777777778,3.4,0.18586,0.2782,0.16845,0.00103
"3209",9.06666666666667,-5,-2.77777777777778,3.4,0.17741,0.26897,0.16504,0.00083
"3210",10,-5,-2.77777777777778,3.4,0.17057,0.25957,0.16032,0.00086
"3211",1.6,-3.88888888888889,-2.77777777777778,3.4,0.27807,0.24648,0.06153,0.02686
"3212",2.53333333333333,-3.88888888888889,-2.77777777777778,3.4,0.27347,0.32712,0.14085,0.01169
"3213",3.46666666666667,-3.88888888888889,-2.77777777777778,3.4,0.25829,0.34522,0.17939,0.00761
"3214",4.4,-3.88888888888889,-2.77777777777778,3.4,0.24028,0.34122,0.19173,0.00616
"3215",5.33333333333333,-3.88888888888889,-2.77777777777778,3.4,0.2246,0.32953,0.19415,0.00485
"3216",6.26666666666667,-3.88888888888889,-2.77777777777778,3.4,0.21085,0.31624,0.18968,0.00475
"3217",7.2,-3.88888888888889,-2.77777777777778,3.4,0.19867,0.30273,0.18372,0.00419
"3218",8.13333333333333,-3.88888888888889,-2.77777777777778,3.4,0.18857,0.2889,0.17794,0.00375
"3219",9.06666666666667,-3.88888888888889,-2.77777777777778,3.4,0.17995,0.27707,0.17093,0.00361
"3220",10,-3.88888888888889,-2.77777777777778,3.4,0.172,0.26633,0.16593,0.00356
"3221",1.6,-2.77777777777778,-2.77777777777778,3.4,0.3252,0.35347,0.11502,0.05337
"3222",2.53333333333333,-2.77777777777778,-2.77777777777778,3.4,0.29965,0.40257,0.20125,0.03079
"3223",3.46666666666667,-2.77777777777778,-2.77777777777778,3.4,0.27221,0.39322,0.22278,0.02424
"3224",4.4,-2.77777777777778,-2.77777777777778,3.4,0.24905,0.373,0.22426,0.02053
"3225",5.33333333333333,-2.77777777777778,-2.77777777777778,3.4,0.22997,0.35187,0.21451,0.01911
"3226",6.26666666666667,-2.77777777777778,-2.77777777777778,3.4,0.21439,0.33088,0.20423,0.01779
"3227",7.2,-2.77777777777778,-2.77777777777778,3.4,0.20205,0.3129,0.19255,0.01706
"3228",8.13333333333333,-2.77777777777778,-2.77777777777778,3.4,0.19042,0.29777,0.183,0.0164
"3229",9.06666666666667,-2.77777777777778,-2.77777777777778,3.4,0.18143,0.28373,0.17752,0.016
"3230",10,-2.77777777777778,-2.77777777777778,3.4,0.17294,0.27148,0.17073,0.0158
"3231",1.6,-1.66666666666667,-2.77777777777778,3.4,0.37317,0.49764,0.22311,0.1274
"3232",2.53333333333333,-1.66666666666667,-2.77777777777778,3.4,0.32062,0.47521,0.27369,0.10149
"3233",3.46666666666667,-1.66666666666667,-2.77777777777778,3.4,0.28369,0.43331,0.26227,0.09219
"3234",4.4,-1.66666666666667,-2.77777777777778,3.4,0.25568,0.39803,0.24422,0.08681
"3235",5.33333333333333,-1.66666666666667,-2.77777777777778,3.4,0.23364,0.36677,0.23031,0.08472
"3236",6.26666666666667,-1.66666666666667,-2.77777777777778,3.4,0.21692,0.34156,0.21554,0.08256
"3237",7.2,-1.66666666666667,-2.77777777777778,3.4,0.20333,0.31991,0.20099,0.08107
"3238",8.13333333333333,-1.66666666666667,-2.77777777777778,3.4,0.1917,0.30228,0.19196,0.08015
"3239",9.06666666666667,-1.66666666666667,-2.77777777777778,3.4,0.18202,0.28721,0.18224,0.07935
"3240",10,-1.66666666666667,-2.77777777777778,3.4,0.17346,0.27453,0.17365,0.07914
"3241",1.6,-0.555555555555555,-2.77777777777778,3.4,0.40697,0.62622,0.37945,0.44711
"3242",2.53333333333333,-0.555555555555555,-2.77777777777778,3.4,0.33567,0.52346,0.33075,0.43251
"3243",3.46666666666667,-0.555555555555555,-2.77777777777778,3.4,0.29056,0.45548,0.29018,0.42824
"3244",4.4,-0.555555555555555,-2.77777777777778,3.4,0.25914,0.40816,0.2583,0.42486
"3245",5.33333333333333,-0.555555555555555,-2.77777777777778,3.4,0.23637,0.37235,0.23885,0.42363
"3246",6.26666666666667,-0.555555555555555,-2.77777777777778,3.4,0.21922,0.34561,0.21972,0.42399
"3247",7.2,-0.555555555555555,-2.77777777777778,3.4,0.20485,0.32401,0.20744,0.4233
"3248",8.13333333333333,-0.555555555555555,-2.77777777777778,3.4,0.19285,0.30606,0.19447,0.42326
"3249",9.06666666666667,-0.555555555555555,-2.77777777777778,3.4,0.18294,0.2898,0.18409,0.42112
"3250",10,-0.555555555555555,-2.77777777777778,3.4,0.17463,0.2764,0.17478,0.42134
"3251",1.6,0.555555555555555,-2.77777777777778,3.4,0.40817,0.62815,0.37816,0.44648
"3252",2.53333333333333,0.555555555555555,-2.77777777777778,3.4,0.33466,0.52348,0.33023,0.43291
"3253",3.46666666666667,0.555555555555555,-2.77777777777778,3.4,0.29112,0.45581,0.28877,0.42863
"3254",4.4,0.555555555555555,-2.77777777777778,3.4,0.26039,0.40888,0.26014,0.42585
"3255",5.33333333333333,0.555555555555555,-2.77777777777778,3.4,0.2378,0.37417,0.23758,0.42504
"3256",6.26666666666667,0.555555555555555,-2.77777777777778,3.4,0.2194,0.34674,0.22071,0.42325
"3257",7.2,0.555555555555555,-2.77777777777778,3.4,0.2056,0.32447,0.20777,0.42206
"3258",8.13333333333333,0.555555555555555,-2.77777777777778,3.4,0.19392,0.3057,0.1934,0.42237
"3259",9.06666666666667,0.555555555555555,-2.77777777777778,3.4,0.18383,0.29078,0.18443,0.42163
"3260",10,0.555555555555555,-2.77777777777778,3.4,0.17542,0.27731,0.17662,0.42122
"3261",1.6,1.66666666666667,-2.77777777777778,3.4,0.37316,0.50227,0.22189,0.12762
"3262",2.53333333333333,1.66666666666667,-2.77777777777778,3.4,0.32117,0.47768,0.27564,0.10362
"3263",3.46666666666667,1.66666666666667,-2.77777777777778,3.4,0.2834,0.43305,0.26369,0.09252
"3264",4.4,1.66666666666667,-2.77777777777778,3.4,0.25687,0.39596,0.24656,0.08819
"3265",5.33333333333333,1.66666666666667,-2.77777777777778,3.4,0.23567,0.36542,0.22847,0.08425
"3266",6.26666666666667,1.66666666666667,-2.77777777777778,3.4,0.21912,0.34127,0.216,0.08278
"3267",7.2,1.66666666666667,-2.77777777777778,3.4,0.20455,0.32125,0.20412,0.0809
"3268",8.13333333333333,1.66666666666667,-2.77777777777778,3.4,0.19292,0.30345,0.19185,0.08079
"3269",9.06666666666667,1.66666666666667,-2.77777777777778,3.4,0.18267,0.28895,0.18473,0.07986
"3270",10,1.66666666666667,-2.77777777777778,3.4,0.17455,0.27563,0.17473,0.07892
"3271",1.6,2.77777777777778,-2.77777777777778,3.4,0.32369,0.35838,0.1175,0.05223
"3272",2.53333333333333,2.77777777777778,-2.77777777777778,3.4,0.30008,0.40694,0.2018,0.03041
"3273",3.46666666666667,2.77777777777778,-2.77777777777778,3.4,0.27306,0.39667,0.22313,0.02395
"3274",4.4,2.77777777777778,-2.77777777777778,3.4,0.24959,0.37457,0.2219,0.02135
"3275",5.33333333333333,2.77777777777778,-2.77777777777778,3.4,0.23075,0.35204,0.21384,0.01914
"3276",6.26666666666667,2.77777777777778,-2.77777777777778,3.4,0.21491,0.33101,0.20462,0.01826
"3277",7.2,2.77777777777778,-2.77777777777778,3.4,0.20216,0.31319,0.19642,0.01694
"3278",8.13333333333333,2.77777777777778,-2.77777777777778,3.4,0.19129,0.29819,0.18491,0.01643
"3279",9.06666666666667,2.77777777777778,-2.77777777777778,3.4,0.18173,0.28467,0.17764,0.016
"3280",10,2.77777777777778,-2.77777777777778,3.4,0.17337,0.27205,0.17004,0.01572
"3281",1.6,3.88888888888889,-2.77777777777778,3.4,0.27834,0.25007,0.06201,0.02643
"3282",2.53333333333333,3.88888888888889,-2.77777777777778,3.4,0.27288,0.33097,0.1412,0.01148
"3283",3.46666666666667,3.88888888888889,-2.77777777777778,3.4,0.25696,0.34994,0.1808,0.00729
"3284",4.4,3.88888888888889,-2.77777777777778,3.4,0.2396,0.34463,0.1913,0.00573
"3285",5.33333333333333,3.88888888888889,-2.77777777777778,3.4,0.22456,0.33114,0.19347,0.0047
"3286",6.26666666666667,3.88888888888889,-2.77777777777778,3.4,0.21044,0.3172,0.18917,0.00451
"3287",7.2,3.88888888888889,-2.77777777777778,3.4,0.19875,0.30286,0.1851,0.00393
"3288",8.13333333333333,3.88888888888889,-2.77777777777778,3.4,0.18852,0.28894,0.1771,0.00386
"3289",9.06666666666667,3.88888888888889,-2.77777777777778,3.4,0.17959,0.27787,0.17347,0.00365
"3290",10,3.88888888888889,-2.77777777777778,3.4,0.1719,0.26768,0.16584,0.00363
"3291",1.6,5,-2.77777777777778,3.4,0.23845,0.17943,0.03602,0.01709
"3292",2.53333333333333,5,-2.77777777777778,3.4,0.24747,0.2656,0.09596,0.00495
"3293",3.46666666666667,5,-2.77777777777778,3.4,0.24081,0.30175,0.139,0.00252
"3294",4.4,5,-2.77777777777778,3.4,0.22897,0.31176,0.16284,0.00181
"3295",5.33333333333333,5,-2.77777777777778,3.4,0.21672,0.30843,0.17173,0.00136
"3296",6.26666666666667,5,-2.77777777777778,3.4,0.20545,0.30044,0.17195,0.00119
"3297",7.2,5,-2.77777777777778,3.4,0.19523,0.29045,0.17243,0.00109
"3298",8.13333333333333,5,-2.77777777777778,3.4,0.18648,0.27957,0.17052,0.00084
"3299",9.06666666666667,5,-2.77777777777778,3.4,0.17797,0.26901,0.16451,0.00088
"3300",10,5,-2.77777777777778,3.4,0.17018,0.25985,0.15851,0.00071
"3301",1.6,-5,-1.66666666666667,3.4,0.23844,0.17683,0.03601,0.01603
"3302",2.53333333333333,-5,-1.66666666666667,3.4,0.24701,0.26102,0.09752,0.00493
"3303",3.46666666666667,-5,-1.66666666666667,3.4,0.23981,0.29868,0.14104,0.00271
"3304",4.4,-5,-1.66666666666667,3.4,0.22901,0.30778,0.16214,0.00176
"3305",5.33333333333333,-5,-1.66666666666667,3.4,0.21708,0.30595,0.17283,0.00137
"3306",6.26666666666667,-5,-1.66666666666667,3.4,0.206,0.29858,0.17279,0.00141
"3307",7.2,-5,-1.66666666666667,3.4,0.19607,0.28831,0.17404,0.00095
"3308",8.13333333333333,-5,-1.66666666666667,3.4,0.18586,0.2782,0.16991,0.00108
"3309",9.06666666666667,-5,-1.66666666666667,3.4,0.17741,0.26897,0.16435,0.00096
"3310",10,-5,-1.66666666666667,3.4,0.17057,0.25957,0.15917,0.00076
"3311",1.6,-3.88888888888889,-1.66666666666667,3.4,0.27807,0.24648,0.06257,0.02736
"3312",2.53333333333333,-3.88888888888889,-1.66666666666667,3.4,0.27347,0.32712,0.1397,0.01189
"3313",3.46666666666667,-3.88888888888889,-1.66666666666667,3.4,0.25829,0.34522,0.17855,0.00723
"3314",4.4,-3.88888888888889,-1.66666666666667,3.4,0.24028,0.34122,0.19029,0.00601
"3315",5.33333333333333,-3.88888888888889,-1.66666666666667,3.4,0.2246,0.32953,0.19461,0.00519
"3316",6.26666666666667,-3.88888888888889,-1.66666666666667,3.4,0.21085,0.31624,0.18932,0.00412
"3317",7.2,-3.88888888888889,-1.66666666666667,3.4,0.19867,0.30273,0.18282,0.00411
"3318",8.13333333333333,-3.88888888888889,-1.66666666666667,3.4,0.18857,0.2889,0.17883,0.00387
"3319",9.06666666666667,-3.88888888888889,-1.66666666666667,3.4,0.17995,0.27707,0.17386,0.00336
"3320",10,-3.88888888888889,-1.66666666666667,3.4,0.172,0.26633,0.16642,0.00348
"3321",1.6,-2.77777777777778,-1.66666666666667,3.4,0.3252,0.35347,0.11632,0.05205
"3322",2.53333333333333,-2.77777777777778,-1.66666666666667,3.4,0.29965,0.40257,0.20054,0.03042
"3323",3.46666666666667,-2.77777777777778,-1.66666666666667,3.4,0.27221,0.39322,0.22291,0.02405
"3324",4.4,-2.77777777777778,-1.66666666666667,3.4,0.24905,0.373,0.22203,0.02098
"3325",5.33333333333333,-2.77777777777778,-1.66666666666667,3.4,0.22997,0.35187,0.21468,0.01908
"3326",6.26666666666667,-2.77777777777778,-1.66666666666667,3.4,0.21439,0.33088,0.2048,0.01787
"3327",7.2,-2.77777777777778,-1.66666666666667,3.4,0.20205,0.3129,0.19454,0.01709
"3328",8.13333333333333,-2.77777777777778,-1.66666666666667,3.4,0.19042,0.29777,0.18714,0.01629
"3329",9.06666666666667,-2.77777777777778,-1.66666666666667,3.4,0.18143,0.28373,0.17865,0.01617
"3330",10,-2.77777777777778,-1.66666666666667,3.4,0.17294,0.27148,0.17009,0.016
"3331",1.6,-1.66666666666667,-1.66666666666667,3.4,0.37317,0.49764,0.22254,0.12723
"3332",2.53333333333333,-1.66666666666667,-1.66666666666667,3.4,0.32062,0.47521,0.27376,0.10178
"3333",3.46666666666667,-1.66666666666667,-1.66666666666667,3.4,0.28369,0.43331,0.2648,0.09132
"3334",4.4,-1.66666666666667,-1.66666666666667,3.4,0.25568,0.39803,0.24546,0.08893
"3335",5.33333333333333,-1.66666666666667,-1.66666666666667,3.4,0.23364,0.36677,0.2292,0.08416
"3336",6.26666666666667,-1.66666666666667,-1.66666666666667,3.4,0.21692,0.34156,0.21597,0.08189
"3337",7.2,-1.66666666666667,-1.66666666666667,3.4,0.20333,0.31991,0.20114,0.08171
"3338",8.13333333333333,-1.66666666666667,-1.66666666666667,3.4,0.1917,0.30228,0.19154,0.08066
"3339",9.06666666666667,-1.66666666666667,-1.66666666666667,3.4,0.18202,0.28721,0.18216,0.07972
"3340",10,-1.66666666666667,-1.66666666666667,3.4,0.17346,0.27453,0.17371,0.07927
"3341",1.6,-0.555555555555555,-1.66666666666667,3.4,0.40697,0.62622,0.3788,0.44614
"3342",2.53333333333333,-0.555555555555555,-1.66666666666667,3.4,0.33567,0.52346,0.32857,0.43391
"3343",3.46666666666667,-0.555555555555555,-1.66666666666667,3.4,0.29056,0.45548,0.28949,0.42948
"3344",4.4,-0.555555555555555,-1.66666666666667,3.4,0.25914,0.40816,0.2586,0.42538
"3345",5.33333333333333,-0.555555555555555,-1.66666666666667,3.4,0.23637,0.37235,0.23842,0.4242
"3346",6.26666666666667,-0.555555555555555,-1.66666666666667,3.4,0.21922,0.34561,0.21966,0.42487
"3347",7.2,-0.555555555555555,-1.66666666666667,3.4,0.20485,0.32401,0.20867,0.42324
"3348",8.13333333333333,-0.555555555555555,-1.66666666666667,3.4,0.19285,0.30606,0.19249,0.42207
"3349",9.06666666666667,-0.555555555555555,-1.66666666666667,3.4,0.18294,0.2898,0.1849,0.42151
"3350",10,-0.555555555555555,-1.66666666666667,3.4,0.17463,0.2764,0.17642,0.42153
"3351",1.6,0.555555555555555,-1.66666666666667,3.4,0.40817,0.62815,0.37791,0.44665
"3352",2.53333333333333,0.555555555555555,-1.66666666666667,3.4,0.33466,0.52348,0.33048,0.43275
"3353",3.46666666666667,0.555555555555555,-1.66666666666667,3.4,0.29112,0.45581,0.2896,0.42857
"3354",4.4,0.555555555555555,-1.66666666666667,3.4,0.26039,0.40888,0.26076,0.42681
"3355",5.33333333333333,0.555555555555555,-1.66666666666667,3.4,0.2378,0.37417,0.23682,0.42555
"3356",6.26666666666667,0.555555555555555,-1.66666666666667,3.4,0.2194,0.34674,0.22276,0.42322
"3357",7.2,0.555555555555555,-1.66666666666667,3.4,0.2056,0.32447,0.20681,0.42251
"3358",8.13333333333333,0.555555555555555,-1.66666666666667,3.4,0.19392,0.3057,0.19427,0.42191
"3359",9.06666666666667,0.555555555555555,-1.66666666666667,3.4,0.18383,0.29078,0.18316,0.42129
"3360",10,0.555555555555555,-1.66666666666667,3.4,0.17542,0.27731,0.17681,0.42168
"3361",1.6,1.66666666666667,-1.66666666666667,3.4,0.37316,0.50227,0.22453,0.12687
"3362",2.53333333333333,1.66666666666667,-1.66666666666667,3.4,0.32117,0.47768,0.27557,0.10076
"3363",3.46666666666667,1.66666666666667,-1.66666666666667,3.4,0.2834,0.43305,0.26344,0.0923
"3364",4.4,1.66666666666667,-1.66666666666667,3.4,0.25687,0.39596,0.24686,0.08756
"3365",5.33333333333333,1.66666666666667,-1.66666666666667,3.4,0.23567,0.36542,0.22959,0.08455
"3366",6.26666666666667,1.66666666666667,-1.66666666666667,3.4,0.21912,0.34127,0.2126,0.08292
"3367",7.2,1.66666666666667,-1.66666666666667,3.4,0.20455,0.32125,0.20311,0.08025
"3368",8.13333333333333,1.66666666666667,-1.66666666666667,3.4,0.19292,0.30345,0.18862,0.07963
"3369",9.06666666666667,1.66666666666667,-1.66666666666667,3.4,0.18267,0.28895,0.18259,0.07954
"3370",10,1.66666666666667,-1.66666666666667,3.4,0.17455,0.27563,0.17212,0.07896
"3371",1.6,2.77777777777778,-1.66666666666667,3.4,0.32369,0.35838,0.11627,0.05266
"3372",2.53333333333333,2.77777777777778,-1.66666666666667,3.4,0.30008,0.40694,0.20308,0.03077
"3373",3.46666666666667,2.77777777777778,-1.66666666666667,3.4,0.27306,0.39667,0.22362,0.02393
"3374",4.4,2.77777777777778,-1.66666666666667,3.4,0.24959,0.37457,0.2229,0.02064
"3375",5.33333333333333,2.77777777777778,-1.66666666666667,3.4,0.23075,0.35204,0.21344,0.01883
"3376",6.26666666666667,2.77777777777778,-1.66666666666667,3.4,0.21491,0.33101,0.20228,0.01819
"3377",7.2,2.77777777777778,-1.66666666666667,3.4,0.20216,0.31319,0.19425,0.0169
"3378",8.13333333333333,2.77777777777778,-1.66666666666667,3.4,0.19129,0.29819,0.18498,0.01657
"3379",9.06666666666667,2.77777777777778,-1.66666666666667,3.4,0.18173,0.28467,0.17661,0.01602
"3380",10,2.77777777777778,-1.66666666666667,3.4,0.17337,0.27205,0.17133,0.01582
"3381",1.6,3.88888888888889,-1.66666666666667,3.4,0.27834,0.25007,0.06332,0.02663
"3382",2.53333333333333,3.88888888888889,-1.66666666666667,3.4,0.27288,0.33097,0.14132,0.01168
"3383",3.46666666666667,3.88888888888889,-1.66666666666667,3.4,0.25696,0.34994,0.17755,0.00769
"3384",4.4,3.88888888888889,-1.66666666666667,3.4,0.2396,0.34463,0.19204,0.00577
"3385",5.33333333333333,3.88888888888889,-1.66666666666667,3.4,0.22456,0.33114,0.19503,0.00491
"3386",6.26666666666667,3.88888888888889,-1.66666666666667,3.4,0.21044,0.3172,0.18929,0.00442
"3387",7.2,3.88888888888889,-1.66666666666667,3.4,0.19875,0.30286,0.18462,0.00399
"3388",8.13333333333333,3.88888888888889,-1.66666666666667,3.4,0.18852,0.28894,0.17891,0.00371
"3389",9.06666666666667,3.88888888888889,-1.66666666666667,3.4,0.17959,0.27787,0.17201,0.00369
"3390",10,3.88888888888889,-1.66666666666667,3.4,0.1719,0.26768,0.16637,0.00344
"3391",1.6,5,-1.66666666666667,3.4,0.23845,0.17943,0.03586,0.01593
"3392",2.53333333333333,5,-1.66666666666667,3.4,0.24747,0.2656,0.09774,0.00488
"3393",3.46666666666667,5,-1.66666666666667,3.4,0.24081,0.30175,0.14048,0.00265
"3394",4.4,5,-1.66666666666667,3.4,0.22897,0.31176,0.16289,0.00186
"3395",5.33333333333333,5,-1.66666666666667,3.4,0.21672,0.30843,0.17096,0.00144
"3396",6.26666666666667,5,-1.66666666666667,3.4,0.20545,0.30044,0.17183,0.00127
"3397",7.2,5,-1.66666666666667,3.4,0.19523,0.29045,0.17086,0.00101
"3398",8.13333333333333,5,-1.66666666666667,3.4,0.18648,0.27957,0.16721,0.00098
"3399",9.06666666666667,5,-1.66666666666667,3.4,0.17797,0.26901,0.16414,0.00084
"3400",10,5,-1.66666666666667,3.4,0.17018,0.25985,0.15854,0.00081
"3401",1.6,-5,-0.555555555555555,3.4,0.23844,0.17683,0.03592,0.01646
"3402",2.53333333333333,-5,-0.555555555555555,3.4,0.24701,0.26102,0.0955,0.00491
"3403",3.46666666666667,-5,-0.555555555555555,3.4,0.23981,0.29868,0.14245,0.00275
"3404",4.4,-5,-0.555555555555555,3.4,0.22901,0.30778,0.1633,0.0017
"3405",5.33333333333333,-5,-0.555555555555555,3.4,0.21708,0.30595,0.16962,0.00162
"3406",6.26666666666667,-5,-0.555555555555555,3.4,0.206,0.29858,0.17484,0.00125
"3407",7.2,-5,-0.555555555555555,3.4,0.19607,0.28831,0.17104,0.00098
"3408",8.13333333333333,-5,-0.555555555555555,3.4,0.18586,0.2782,0.17106,0.00089
"3409",9.06666666666667,-5,-0.555555555555555,3.4,0.17741,0.26897,0.16408,0.001
"3410",10,-5,-0.555555555555555,3.4,0.17057,0.25957,0.15868,0.00081
"3411",1.6,-3.88888888888889,-0.555555555555555,3.4,0.27807,0.24648,0.06265,0.02766
"3412",2.53333333333333,-3.88888888888889,-0.555555555555555,3.4,0.27347,0.32712,0.14184,0.01142
"3413",3.46666666666667,-3.88888888888889,-0.555555555555555,3.4,0.25829,0.34522,0.18024,0.00734
"3414",4.4,-3.88888888888889,-0.555555555555555,3.4,0.24028,0.34122,0.19229,0.00575
"3415",5.33333333333333,-3.88888888888889,-0.555555555555555,3.4,0.2246,0.32953,0.1936,0.00485
"3416",6.26666666666667,-3.88888888888889,-0.555555555555555,3.4,0.21085,0.31624,0.19081,0.0045
"3417",7.2,-3.88888888888889,-0.555555555555555,3.4,0.19867,0.30273,0.18332,0.00394
"3418",8.13333333333333,-3.88888888888889,-0.555555555555555,3.4,0.18857,0.2889,0.17751,0.00366
"3419",9.06666666666667,-3.88888888888889,-0.555555555555555,3.4,0.17995,0.27707,0.17292,0.00354
"3420",10,-3.88888888888889,-0.555555555555555,3.4,0.172,0.26633,0.16605,0.00335
"3421",1.6,-2.77777777777778,-0.555555555555555,3.4,0.3252,0.35347,0.11639,0.05233
"3422",2.53333333333333,-2.77777777777778,-0.555555555555555,3.4,0.29965,0.40257,0.20143,0.03079
"3423",3.46666666666667,-2.77777777777778,-0.555555555555555,3.4,0.27221,0.39322,0.22539,0.02412
"3424",4.4,-2.77777777777778,-0.555555555555555,3.4,0.24905,0.373,0.22231,0.0208
"3425",5.33333333333333,-2.77777777777778,-0.555555555555555,3.4,0.22997,0.35187,0.21359,0.01915
"3426",6.26666666666667,-2.77777777777778,-0.555555555555555,3.4,0.21439,0.33088,0.20329,0.01756
"3427",7.2,-2.77777777777778,-0.555555555555555,3.4,0.20205,0.3129,0.19302,0.01765
"3428",8.13333333333333,-2.77777777777778,-0.555555555555555,3.4,0.19042,0.29777,0.18669,0.01598
"3429",9.06666666666667,-2.77777777777778,-0.555555555555555,3.4,0.18143,0.28373,0.1798,0.01581
"3430",10,-2.77777777777778,-0.555555555555555,3.4,0.17294,0.27148,0.17118,0.01613
"3431",1.6,-1.66666666666667,-0.555555555555555,3.4,0.37317,0.49764,0.22242,0.12885
"3432",2.53333333333333,-1.66666666666667,-0.555555555555555,3.4,0.32062,0.47521,0.27358,0.10134
"3433",3.46666666666667,-1.66666666666667,-0.555555555555555,3.4,0.28369,0.43331,0.26282,0.09195
"3434",4.4,-1.66666666666667,-0.555555555555555,3.4,0.25568,0.39803,0.24602,0.0867
"3435",5.33333333333333,-1.66666666666667,-0.555555555555555,3.4,0.23364,0.36677,0.22698,0.08459
"3436",6.26666666666667,-1.66666666666667,-0.555555555555555,3.4,0.21692,0.34156,0.21468,0.08262
"3437",7.2,-1.66666666666667,-0.555555555555555,3.4,0.20333,0.31991,0.20207,0.08204
"3438",8.13333333333333,-1.66666666666667,-0.555555555555555,3.4,0.1917,0.30228,0.19051,0.08035
"3439",9.06666666666667,-1.66666666666667,-0.555555555555555,3.4,0.18202,0.28721,0.18073,0.07999
"3440",10,-1.66666666666667,-0.555555555555555,3.4,0.17346,0.27453,0.17125,0.07903
"3441",1.6,-0.555555555555555,-0.555555555555555,3.4,0.40697,0.62622,0.37767,0.44756
"3442",2.53333333333333,-0.555555555555555,-0.555555555555555,3.4,0.33567,0.52346,0.32797,0.4344
"3443",3.46666666666667,-0.555555555555555,-0.555555555555555,3.4,0.29056,0.45548,0.28944,0.42864
"3444",4.4,-0.555555555555555,-0.555555555555555,3.4,0.25914,0.40816,0.26202,0.42576
"3445",5.33333333333333,-0.555555555555555,-0.555555555555555,3.4,0.23637,0.37235,0.23685,0.42379
"3446",6.26666666666667,-0.555555555555555,-0.555555555555555,3.4,0.21922,0.34561,0.2183,0.42378
"3447",7.2,-0.555555555555555,-0.555555555555555,3.4,0.20485,0.32401,0.2068,0.4228
"3448",8.13333333333333,-0.555555555555555,-0.555555555555555,3.4,0.19285,0.30606,0.19642,0.42227
"3449",9.06666666666667,-0.555555555555555,-0.555555555555555,3.4,0.18294,0.2898,0.18343,0.42215
"3450",10,-0.555555555555555,-0.555555555555555,3.4,0.17463,0.2764,0.17542,0.42202
"3451",1.6,0.555555555555555,-0.555555555555555,3.4,0.40817,0.62815,0.37922,0.44672
"3452",2.53333333333333,0.555555555555555,-0.555555555555555,3.4,0.33466,0.52348,0.3281,0.4342
"3453",3.46666666666667,0.555555555555555,-0.555555555555555,3.4,0.29112,0.45581,0.29091,0.42796
"3454",4.4,0.555555555555555,-0.555555555555555,3.4,0.26039,0.40888,0.25937,0.42634
"3455",5.33333333333333,0.555555555555555,-0.555555555555555,3.4,0.2378,0.37417,0.23668,0.42395
"3456",6.26666666666667,0.555555555555555,-0.555555555555555,3.4,0.2194,0.34674,0.22013,0.42417
"3457",7.2,0.555555555555555,-0.555555555555555,3.4,0.2056,0.32447,0.20697,0.42219
"3458",8.13333333333333,0.555555555555555,-0.555555555555555,3.4,0.19392,0.3057,0.19327,0.4223
"3459",9.06666666666667,0.555555555555555,-0.555555555555555,3.4,0.18383,0.29078,0.18374,0.42158
"3460",10,0.555555555555555,-0.555555555555555,3.4,0.17542,0.27731,0.17603,0.42137
"3461",1.6,1.66666666666667,-0.555555555555555,3.4,0.37316,0.50227,0.22379,0.12687
"3462",2.53333333333333,1.66666666666667,-0.555555555555555,3.4,0.32117,0.47768,0.27474,0.10162
"3463",3.46666666666667,1.66666666666667,-0.555555555555555,3.4,0.2834,0.43305,0.2625,0.09235
"3464",4.4,1.66666666666667,-0.555555555555555,3.4,0.25687,0.39596,0.24765,0.08688
"3465",5.33333333333333,1.66666666666667,-0.555555555555555,3.4,0.23567,0.36542,0.22636,0.08461
"3466",6.26666666666667,1.66666666666667,-0.555555555555555,3.4,0.21912,0.34127,0.21477,0.08188
"3467",7.2,1.66666666666667,-0.555555555555555,3.4,0.20455,0.32125,0.20219,0.08117
"3468",8.13333333333333,1.66666666666667,-0.555555555555555,3.4,0.19292,0.30345,0.19294,0.08024
"3469",9.06666666666667,1.66666666666667,-0.555555555555555,3.4,0.18267,0.28895,0.18082,0.079
"3470",10,1.66666666666667,-0.555555555555555,3.4,0.17455,0.27563,0.17473,0.07905
"3471",1.6,2.77777777777778,-0.555555555555555,3.4,0.32369,0.35838,0.11687,0.05306
"3472",2.53333333333333,2.77777777777778,-0.555555555555555,3.4,0.30008,0.40694,0.20428,0.03106
"3473",3.46666666666667,2.77777777777778,-0.555555555555555,3.4,0.27306,0.39667,0.22109,0.02505
"3474",4.4,2.77777777777778,-0.555555555555555,3.4,0.24959,0.37457,0.22017,0.02083
"3475",5.33333333333333,2.77777777777778,-0.555555555555555,3.4,0.23075,0.35204,0.21539,0.01922
"3476",6.26666666666667,2.77777777777778,-0.555555555555555,3.4,0.21491,0.33101,0.20161,0.01818
"3477",7.2,2.77777777777778,-0.555555555555555,3.4,0.20216,0.31319,0.19374,0.01751
"3478",8.13333333333333,2.77777777777778,-0.555555555555555,3.4,0.19129,0.29819,0.18404,0.01698
"3479",9.06666666666667,2.77777777777778,-0.555555555555555,3.4,0.18173,0.28467,0.17778,0.01612
"3480",10,2.77777777777778,-0.555555555555555,3.4,0.17337,0.27205,0.17008,0.01556
"3481",1.6,3.88888888888889,-0.555555555555555,3.4,0.27834,0.25007,0.06276,0.02747
"3482",2.53333333333333,3.88888888888889,-0.555555555555555,3.4,0.27288,0.33097,0.14146,0.01153
"3483",3.46666666666667,3.88888888888889,-0.555555555555555,3.4,0.25696,0.34994,0.17954,0.008
"3484",4.4,3.88888888888889,-0.555555555555555,3.4,0.2396,0.34463,0.19239,0.00568
"3485",5.33333333333333,3.88888888888889,-0.555555555555555,3.4,0.22456,0.33114,0.19281,0.00522
"3486",6.26666666666667,3.88888888888889,-0.555555555555555,3.4,0.21044,0.3172,0.19141,0.00433
"3487",7.2,3.88888888888889,-0.555555555555555,3.4,0.19875,0.30286,0.18495,0.00405
"3488",8.13333333333333,3.88888888888889,-0.555555555555555,3.4,0.18852,0.28894,0.17893,0.00395
"3489",9.06666666666667,3.88888888888889,-0.555555555555555,3.4,0.17959,0.27787,0.17204,0.00353
"3490",10,3.88888888888889,-0.555555555555555,3.4,0.1719,0.26768,0.16542,0.00335
"3491",1.6,5,-0.555555555555555,3.4,0.23845,0.17943,0.03649,0.01668
"3492",2.53333333333333,5,-0.555555555555555,3.4,0.24747,0.2656,0.09847,0.00502
"3493",3.46666666666667,5,-0.555555555555555,3.4,0.24081,0.30175,0.14001,0.0027
"3494",4.4,5,-0.555555555555555,3.4,0.22897,0.31176,0.16231,0.00174
"3495",5.33333333333333,5,-0.555555555555555,3.4,0.21672,0.30843,0.17113,0.00135
"3496",6.26666666666667,5,-0.555555555555555,3.4,0.20545,0.30044,0.17326,0.00119
"3497",7.2,5,-0.555555555555555,3.4,0.19523,0.29045,0.17086,0.00097
"3498",8.13333333333333,5,-0.555555555555555,3.4,0.18648,0.27957,0.16697,0.00106
"3499",9.06666666666667,5,-0.555555555555555,3.4,0.17797,0.26901,0.16463,0.00078
"3500",10,5,-0.555555555555555,3.4,0.17018,0.25985,0.15963,0.00075
"3501",1.6,-5,0.555555555555555,3.4,0.23844,0.17683,0.03599,0.01626
"3502",2.53333333333333,-5,0.555555555555555,3.4,0.24701,0.26102,0.09731,0.00503
"3503",3.46666666666667,-5,0.555555555555555,3.4,0.23981,0.29868,0.13889,0.00265
"3504",4.4,-5,0.555555555555555,3.4,0.22901,0.30778,0.16329,0.00188
"3505",5.33333333333333,-5,0.555555555555555,3.4,0.21708,0.30595,0.17066,0.00155
"3506",6.26666666666667,-5,0.555555555555555,3.4,0.206,0.29858,0.17449,0.00112
"3507",7.2,-5,0.555555555555555,3.4,0.19607,0.28831,0.17136,0.00104
"3508",8.13333333333333,-5,0.555555555555555,3.4,0.18586,0.2782,0.16966,0.00089
"3509",9.06666666666667,-5,0.555555555555555,3.4,0.17741,0.26897,0.16572,0.00089
"3510",10,-5,0.555555555555555,3.4,0.17057,0.25957,0.16154,0.00082
"3511",1.6,-3.88888888888889,0.555555555555555,3.4,0.27807,0.24648,0.06258,0.02668
"3512",2.53333333333333,-3.88888888888889,0.555555555555555,3.4,0.27347,0.32712,0.14235,0.0115
"3513",3.46666666666667,-3.88888888888889,0.555555555555555,3.4,0.25829,0.34522,0.1804,0.00741
"3514",4.4,-3.88888888888889,0.555555555555555,3.4,0.24028,0.34122,0.19423,0.00579
"3515",5.33333333333333,-3.88888888888889,0.555555555555555,3.4,0.2246,0.32953,0.19389,0.00506
"3516",6.26666666666667,-3.88888888888889,0.555555555555555,3.4,0.21085,0.31624,0.19031,0.0043
"3517",7.2,-3.88888888888889,0.555555555555555,3.4,0.19867,0.30273,0.18287,0.00412
"3518",8.13333333333333,-3.88888888888889,0.555555555555555,3.4,0.18857,0.2889,0.17785,0.00349
"3519",9.06666666666667,-3.88888888888889,0.555555555555555,3.4,0.17995,0.27707,0.17127,0.00345
"3520",10,-3.88888888888889,0.555555555555555,3.4,0.172,0.26633,0.16245,0.00337
"3521",1.6,-2.77777777777778,0.555555555555555,3.4,0.3252,0.35347,0.11464,0.05276
"3522",2.53333333333333,-2.77777777777778,0.555555555555555,3.4,0.29965,0.40257,0.19995,0.03097
"3523",3.46666666666667,-2.77777777777778,0.555555555555555,3.4,0.27221,0.39322,0.22275,0.02464
"3524",4.4,-2.77777777777778,0.555555555555555,3.4,0.24905,0.373,0.22196,0.02131
"3525",5.33333333333333,-2.77777777777778,0.555555555555555,3.4,0.22997,0.35187,0.21126,0.0192
"3526",6.26666666666667,-2.77777777777778,0.555555555555555,3.4,0.21439,0.33088,0.2051,0.01766
"3527",7.2,-2.77777777777778,0.555555555555555,3.4,0.20205,0.3129,0.19369,0.01724
"3528",8.13333333333333,-2.77777777777778,0.555555555555555,3.4,0.19042,0.29777,0.1877,0.01687
"3529",9.06666666666667,-2.77777777777778,0.555555555555555,3.4,0.18143,0.28373,0.17945,0.0163
"3530",10,-2.77777777777778,0.555555555555555,3.4,0.17294,0.27148,0.17114,0.01556
"3531",1.6,-1.66666666666667,0.555555555555555,3.4,0.37317,0.49764,0.22327,0.12653
"3532",2.53333333333333,-1.66666666666667,0.555555555555555,3.4,0.32062,0.47521,0.27416,0.10212
"3533",3.46666666666667,-1.66666666666667,0.555555555555555,3.4,0.28369,0.43331,0.26393,0.09373
"3534",4.4,-1.66666666666667,0.555555555555555,3.4,0.25568,0.39803,0.24746,0.08758
"3535",5.33333333333333,-1.66666666666667,0.555555555555555,3.4,0.23364,0.36677,0.22816,0.08445
"3536",6.26666666666667,-1.66666666666667,0.555555555555555,3.4,0.21692,0.34156,0.21483,0.08265
"3537",7.2,-1.66666666666667,0.555555555555555,3.4,0.20333,0.31991,0.20278,0.08207
"3538",8.13333333333333,-1.66666666666667,0.555555555555555,3.4,0.1917,0.30228,0.19557,0.08026
"3539",9.06666666666667,-1.66666666666667,0.555555555555555,3.4,0.18202,0.28721,0.18367,0.07955
"3540",10,-1.66666666666667,0.555555555555555,3.4,0.17346,0.27453,0.17176,0.07866
"3541",1.6,-0.555555555555555,0.555555555555555,3.4,0.40697,0.62622,0.37727,0.44505
"3542",2.53333333333333,-0.555555555555555,0.555555555555555,3.4,0.33567,0.52346,0.32867,0.43436
"3543",3.46666666666667,-0.555555555555555,0.555555555555555,3.4,0.29056,0.45548,0.28925,0.42922
"3544",4.4,-0.555555555555555,0.555555555555555,3.4,0.25914,0.40816,0.25878,0.42659
"3545",5.33333333333333,-0.555555555555555,0.555555555555555,3.4,0.23637,0.37235,0.23722,0.42495
"3546",6.26666666666667,-0.555555555555555,0.555555555555555,3.4,0.21922,0.34561,0.22099,0.42349
"3547",7.2,-0.555555555555555,0.555555555555555,3.4,0.20485,0.32401,0.2036,0.42196
"3548",8.13333333333333,-0.555555555555555,0.555555555555555,3.4,0.19285,0.30606,0.19501,0.42206
"3549",9.06666666666667,-0.555555555555555,0.555555555555555,3.4,0.18294,0.2898,0.18577,0.42138
"3550",10,-0.555555555555555,0.555555555555555,3.4,0.17463,0.2764,0.17461,0.42193
"3551",1.6,0.555555555555555,0.555555555555555,3.4,0.40817,0.62815,0.3776,0.4463
"3552",2.53333333333333,0.555555555555555,0.555555555555555,3.4,0.33466,0.52348,0.32957,0.43476
"3553",3.46666666666667,0.555555555555555,0.555555555555555,3.4,0.29112,0.45581,0.28751,0.4285
"3554",4.4,0.555555555555555,0.555555555555555,3.4,0.26039,0.40888,0.25909,0.42621
"3555",5.33333333333333,0.555555555555555,0.555555555555555,3.4,0.2378,0.37417,0.23679,0.42471
"3556",6.26666666666667,0.555555555555555,0.555555555555555,3.4,0.2194,0.34674,0.22102,0.42462
"3557",7.2,0.555555555555555,0.555555555555555,3.4,0.2056,0.32447,0.20652,0.42259
"3558",8.13333333333333,0.555555555555555,0.555555555555555,3.4,0.19392,0.3057,0.19404,0.4214
"3559",9.06666666666667,0.555555555555555,0.555555555555555,3.4,0.18383,0.29078,0.1863,0.4208
"3560",10,0.555555555555555,0.555555555555555,3.4,0.17542,0.27731,0.17534,0.42036
"3561",1.6,1.66666666666667,0.555555555555555,3.4,0.37316,0.50227,0.22396,0.12689
"3562",2.53333333333333,1.66666666666667,0.555555555555555,3.4,0.32117,0.47768,0.27379,0.10152
"3563",3.46666666666667,1.66666666666667,0.555555555555555,3.4,0.2834,0.43305,0.26254,0.09223
"3564",4.4,1.66666666666667,0.555555555555555,3.4,0.25687,0.39596,0.24845,0.08705
"3565",5.33333333333333,1.66666666666667,0.555555555555555,3.4,0.23567,0.36542,0.22889,0.08368
"3566",6.26666666666667,1.66666666666667,0.555555555555555,3.4,0.21912,0.34127,0.21432,0.08359
"3567",7.2,1.66666666666667,0.555555555555555,3.4,0.20455,0.32125,0.20226,0.08042
"3568",8.13333333333333,1.66666666666667,0.555555555555555,3.4,0.19292,0.30345,0.19293,0.07914
"3569",9.06666666666667,1.66666666666667,0.555555555555555,3.4,0.18267,0.28895,0.18244,0.08082
"3570",10,1.66666666666667,0.555555555555555,3.4,0.17455,0.27563,0.17531,0.07918
"3571",1.6,2.77777777777778,0.555555555555555,3.4,0.32369,0.35838,0.11836,0.05221
"3572",2.53333333333333,2.77777777777778,0.555555555555555,3.4,0.30008,0.40694,0.20357,0.03112
"3573",3.46666666666667,2.77777777777778,0.555555555555555,3.4,0.27306,0.39667,0.22356,0.02385
"3574",4.4,2.77777777777778,0.555555555555555,3.4,0.24959,0.37457,0.22023,0.02074
"3575",5.33333333333333,2.77777777777778,0.555555555555555,3.4,0.23075,0.35204,0.21407,0.01882
"3576",6.26666666666667,2.77777777777778,0.555555555555555,3.4,0.21491,0.33101,0.20459,0.01757
"3577",7.2,2.77777777777778,0.555555555555555,3.4,0.20216,0.31319,0.19252,0.01713
"3578",8.13333333333333,2.77777777777778,0.555555555555555,3.4,0.19129,0.29819,0.18537,0.01642
"3579",9.06666666666667,2.77777777777778,0.555555555555555,3.4,0.18173,0.28467,0.17928,0.0162
"3580",10,2.77777777777778,0.555555555555555,3.4,0.17337,0.27205,0.17086,0.01595
"3581",1.6,3.88888888888889,0.555555555555555,3.4,0.27834,0.25007,0.06201,0.02645
"3582",2.53333333333333,3.88888888888889,0.555555555555555,3.4,0.27288,0.33097,0.14203,0.01181
"3583",3.46666666666667,3.88888888888889,0.555555555555555,3.4,0.25696,0.34994,0.17857,0.00721
"3584",4.4,3.88888888888889,0.555555555555555,3.4,0.2396,0.34463,0.19236,0.00579
"3585",5.33333333333333,3.88888888888889,0.555555555555555,3.4,0.22456,0.33114,0.1927,0.0049
"3586",6.26666666666667,3.88888888888889,0.555555555555555,3.4,0.21044,0.3172,0.18925,0.00432
"3587",7.2,3.88888888888889,0.555555555555555,3.4,0.19875,0.30286,0.18489,0.00407
"3588",8.13333333333333,3.88888888888889,0.555555555555555,3.4,0.18852,0.28894,0.17599,0.0038
"3589",9.06666666666667,3.88888888888889,0.555555555555555,3.4,0.17959,0.27787,0.17309,0.00357
"3590",10,3.88888888888889,0.555555555555555,3.4,0.1719,0.26768,0.16566,0.00368
"3591",1.6,5,0.555555555555555,3.4,0.23845,0.17943,0.03511,0.01618
"3592",2.53333333333333,5,0.555555555555555,3.4,0.24747,0.2656,0.09779,0.0047
"3593",3.46666666666667,5,0.555555555555555,3.4,0.24081,0.30175,0.13846,0.00297
"3594",4.4,5,0.555555555555555,3.4,0.22897,0.31176,0.16143,0.00197
"3595",5.33333333333333,5,0.555555555555555,3.4,0.21672,0.30843,0.16945,0.00127
"3596",6.26666666666667,5,0.555555555555555,3.4,0.20545,0.30044,0.174,0.00129
"3597",7.2,5,0.555555555555555,3.4,0.19523,0.29045,0.16952,0.00109
"3598",8.13333333333333,5,0.555555555555555,3.4,0.18648,0.27957,0.17006,0.00094
"3599",9.06666666666667,5,0.555555555555555,3.4,0.17797,0.26901,0.16345,0.00092
"3600",10,5,0.555555555555555,3.4,0.17018,0.25985,0.16066,0.00079
"3601",1.6,-5,1.66666666666667,3.4,0.23844,0.17683,0.03641,0.01704
"3602",2.53333333333333,-5,1.66666666666667,3.4,0.24701,0.26102,0.0962,0.0052
"3603",3.46666666666667,-5,1.66666666666667,3.4,0.23981,0.29868,0.14152,0.00285
"3604",4.4,-5,1.66666666666667,3.4,0.22901,0.30778,0.16039,0.00186
"3605",5.33333333333333,-5,1.66666666666667,3.4,0.21708,0.30595,0.17081,0.00152
"3606",6.26666666666667,-5,1.66666666666667,3.4,0.206,0.29858,0.17228,0.00114
"3607",7.2,-5,1.66666666666667,3.4,0.19607,0.28831,0.16973,0.00111
"3608",8.13333333333333,-5,1.66666666666667,3.4,0.18586,0.2782,0.16985,0.00104
"3609",9.06666666666667,-5,1.66666666666667,3.4,0.17741,0.26897,0.16641,0.00086
"3610",10,-5,1.66666666666667,3.4,0.17057,0.25957,0.15924,0.00076
"3611",1.6,-3.88888888888889,1.66666666666667,3.4,0.27807,0.24648,0.06248,0.02728
"3612",2.53333333333333,-3.88888888888889,1.66666666666667,3.4,0.27347,0.32712,0.14191,0.01147
"3613",3.46666666666667,-3.88888888888889,1.66666666666667,3.4,0.25829,0.34522,0.17857,0.00776
"3614",4.4,-3.88888888888889,1.66666666666667,3.4,0.24028,0.34122,0.19425,0.00595
"3615",5.33333333333333,-3.88888888888889,1.66666666666667,3.4,0.2246,0.32953,0.19213,0.00475
"3616",6.26666666666667,-3.88888888888889,1.66666666666667,3.4,0.21085,0.31624,0.18911,0.0042
"3617",7.2,-3.88888888888889,1.66666666666667,3.4,0.19867,0.30273,0.18332,0.00396
"3618",8.13333333333333,-3.88888888888889,1.66666666666667,3.4,0.18857,0.2889,0.17794,0.00377
"3619",9.06666666666667,-3.88888888888889,1.66666666666667,3.4,0.17995,0.27707,0.17197,0.00352
"3620",10,-3.88888888888889,1.66666666666667,3.4,0.172,0.26633,0.16531,0.00344
"3621",1.6,-2.77777777777778,1.66666666666667,3.4,0.3252,0.35347,0.11681,0.05281
"3622",2.53333333333333,-2.77777777777778,1.66666666666667,3.4,0.29965,0.40257,0.20213,0.0316
"3623",3.46666666666667,-2.77777777777778,1.66666666666667,3.4,0.27221,0.39322,0.22335,0.02448
"3624",4.4,-2.77777777777778,1.66666666666667,3.4,0.24905,0.373,0.2209,0.02017
"3625",5.33333333333333,-2.77777777777778,1.66666666666667,3.4,0.22997,0.35187,0.21354,0.01911
"3626",6.26666666666667,-2.77777777777778,1.66666666666667,3.4,0.21439,0.33088,0.20332,0.01807
"3627",7.2,-2.77777777777778,1.66666666666667,3.4,0.20205,0.3129,0.19555,0.01739
"3628",8.13333333333333,-2.77777777777778,1.66666666666667,3.4,0.19042,0.29777,0.18662,0.01702
"3629",9.06666666666667,-2.77777777777778,1.66666666666667,3.4,0.18143,0.28373,0.1768,0.01633
"3630",10,-2.77777777777778,1.66666666666667,3.4,0.17294,0.27148,0.16941,0.01579
"3631",1.6,-1.66666666666667,1.66666666666667,3.4,0.37317,0.49764,0.2247,0.1281
"3632",2.53333333333333,-1.66666666666667,1.66666666666667,3.4,0.32062,0.47521,0.27627,0.10191
"3633",3.46666666666667,-1.66666666666667,1.66666666666667,3.4,0.28369,0.43331,0.26268,0.09097
"3634",4.4,-1.66666666666667,1.66666666666667,3.4,0.25568,0.39803,0.24569,0.08792
"3635",5.33333333333333,-1.66666666666667,1.66666666666667,3.4,0.23364,0.36677,0.23058,0.08468
"3636",6.26666666666667,-1.66666666666667,1.66666666666667,3.4,0.21692,0.34156,0.21491,0.08261
"3637",7.2,-1.66666666666667,1.66666666666667,3.4,0.20333,0.31991,0.20105,0.08141
"3638",8.13333333333333,-1.66666666666667,1.66666666666667,3.4,0.1917,0.30228,0.19289,0.07993
"3639",9.06666666666667,-1.66666666666667,1.66666666666667,3.4,0.18202,0.28721,0.18197,0.07937
"3640",10,-1.66666666666667,1.66666666666667,3.4,0.17346,0.27453,0.17247,0.07907
"3641",1.6,-0.555555555555555,1.66666666666667,3.4,0.40697,0.62622,0.37784,0.44728
"3642",2.53333333333333,-0.555555555555555,1.66666666666667,3.4,0.33567,0.52346,0.32874,0.43439
"3643",3.46666666666667,-0.555555555555555,1.66666666666667,3.4,0.29056,0.45548,0.28849,0.42918
"3644",4.4,-0.555555555555555,1.66666666666667,3.4,0.25914,0.40816,0.25872,0.42514
"3645",5.33333333333333,-0.555555555555555,1.66666666666667,3.4,0.23637,0.37235,0.23809,0.42406
"3646",6.26666666666667,-0.555555555555555,1.66666666666667,3.4,0.21922,0.34561,0.22216,0.42374
"3647",7.2,-0.555555555555555,1.66666666666667,3.4,0.20485,0.32401,0.20641,0.42293
"3648",8.13333333333333,-0.555555555555555,1.66666666666667,3.4,0.19285,0.30606,0.19368,0.42198
"3649",9.06666666666667,-0.555555555555555,1.66666666666667,3.4,0.18294,0.2898,0.1818,0.42127
"3650",10,-0.555555555555555,1.66666666666667,3.4,0.17463,0.2764,0.17608,0.42103
"3651",1.6,0.555555555555555,1.66666666666667,3.4,0.40817,0.62815,0.37949,0.44626
"3652",2.53333333333333,0.555555555555555,1.66666666666667,3.4,0.33466,0.52348,0.32774,0.43289
"3653",3.46666666666667,0.555555555555555,1.66666666666667,3.4,0.29112,0.45581,0.28781,0.4292
"3654",4.4,0.555555555555555,1.66666666666667,3.4,0.26039,0.40888,0.26322,0.42642
"3655",5.33333333333333,0.555555555555555,1.66666666666667,3.4,0.2378,0.37417,0.23728,0.4251
"3656",6.26666666666667,0.555555555555555,1.66666666666667,3.4,0.2194,0.34674,0.22042,0.42433
"3657",7.2,0.555555555555555,1.66666666666667,3.4,0.2056,0.32447,0.20777,0.42229
"3658",8.13333333333333,0.555555555555555,1.66666666666667,3.4,0.19392,0.3057,0.19532,0.42334
"3659",9.06666666666667,0.555555555555555,1.66666666666667,3.4,0.18383,0.29078,0.18601,0.42191
"3660",10,0.555555555555555,1.66666666666667,3.4,0.17542,0.27731,0.1749,0.4218
"3661",1.6,1.66666666666667,1.66666666666667,3.4,0.37316,0.50227,0.22406,0.1269
"3662",2.53333333333333,1.66666666666667,1.66666666666667,3.4,0.32117,0.47768,0.2751,0.1022
"3663",3.46666666666667,1.66666666666667,1.66666666666667,3.4,0.2834,0.43305,0.26505,0.09251
"3664",4.4,1.66666666666667,1.66666666666667,3.4,0.25687,0.39596,0.2454,0.08825
"3665",5.33333333333333,1.66666666666667,1.66666666666667,3.4,0.23567,0.36542,0.22951,0.08485
"3666",6.26666666666667,1.66666666666667,1.66666666666667,3.4,0.21912,0.34127,0.21644,0.08332
"3667",7.2,1.66666666666667,1.66666666666667,3.4,0.20455,0.32125,0.20322,0.08154
"3668",8.13333333333333,1.66666666666667,1.66666666666667,3.4,0.19292,0.30345,0.19034,0.07993
"3669",9.06666666666667,1.66666666666667,1.66666666666667,3.4,0.18267,0.28895,0.18124,0.08007
"3670",10,1.66666666666667,1.66666666666667,3.4,0.17455,0.27563,0.1751,0.07867
"3671",1.6,2.77777777777778,1.66666666666667,3.4,0.32369,0.35838,0.11609,0.05286
"3672",2.53333333333333,2.77777777777778,1.66666666666667,3.4,0.30008,0.40694,0.20141,0.03093
"3673",3.46666666666667,2.77777777777778,1.66666666666667,3.4,0.27306,0.39667,0.22383,0.02315
"3674",4.4,2.77777777777778,1.66666666666667,3.4,0.24959,0.37457,0.22188,0.02016
"3675",5.33333333333333,2.77777777777778,1.66666666666667,3.4,0.23075,0.35204,0.21492,0.01906
"3676",6.26666666666667,2.77777777777778,1.66666666666667,3.4,0.21491,0.33101,0.2039,0.01764
"3677",7.2,2.77777777777778,1.66666666666667,3.4,0.20216,0.31319,0.1944,0.01729
"3678",8.13333333333333,2.77777777777778,1.66666666666667,3.4,0.19129,0.29819,0.18665,0.01612
"3679",9.06666666666667,2.77777777777778,1.66666666666667,3.4,0.18173,0.28467,0.17719,0.01608
"3680",10,2.77777777777778,1.66666666666667,3.4,0.17337,0.27205,0.17158,0.01556
"3681",1.6,3.88888888888889,1.66666666666667,3.4,0.27834,0.25007,0.0623,0.02673
"3682",2.53333333333333,3.88888888888889,1.66666666666667,3.4,0.27288,0.33097,0.13841,0.01148
"3683",3.46666666666667,3.88888888888889,1.66666666666667,3.4,0.25696,0.34994,0.17907,0.00745
"3684",4.4,3.88888888888889,1.66666666666667,3.4,0.2396,0.34463,0.19213,0.00588
"3685",5.33333333333333,3.88888888888889,1.66666666666667,3.4,0.22456,0.33114,0.19577,0.00494
"3686",6.26666666666667,3.88888888888889,1.66666666666667,3.4,0.21044,0.3172,0.18879,0.00422
"3687",7.2,3.88888888888889,1.66666666666667,3.4,0.19875,0.30286,0.1835,0.00382
"3688",8.13333333333333,3.88888888888889,1.66666666666667,3.4,0.18852,0.28894,0.17873,0.00395
"3689",9.06666666666667,3.88888888888889,1.66666666666667,3.4,0.17959,0.27787,0.17305,0.00364
"3690",10,3.88888888888889,1.66666666666667,3.4,0.1719,0.26768,0.16592,0.0034
"3691",1.6,5,1.66666666666667,3.4,0.23845,0.17943,0.03512,0.01629
"3692",2.53333333333333,5,1.66666666666667,3.4,0.24747,0.2656,0.0983,0.00496
"3693",3.46666666666667,5,1.66666666666667,3.4,0.24081,0.30175,0.13945,0.00268
"3694",4.4,5,1.66666666666667,3.4,0.22897,0.31176,0.16308,0.00195
"3695",5.33333333333333,5,1.66666666666667,3.4,0.21672,0.30843,0.17107,0.00172
"3696",6.26666666666667,5,1.66666666666667,3.4,0.20545,0.30044,0.17278,0.00128
"3697",7.2,5,1.66666666666667,3.4,0.19523,0.29045,0.17339,0.00123
"3698",8.13333333333333,5,1.66666666666667,3.4,0.18648,0.27957,0.16921,0.00117
"3699",9.06666666666667,5,1.66666666666667,3.4,0.17797,0.26901,0.16271,0.00081
"3700",10,5,1.66666666666667,3.4,0.17018,0.25985,0.15942,0.00095
"3701",1.6,-5,2.77777777777778,3.4,0.23844,0.17683,0.0354,0.01675
"3702",2.53333333333333,-5,2.77777777777778,3.4,0.24701,0.26102,0.0966,0.00504
"3703",3.46666666666667,-5,2.77777777777778,3.4,0.23981,0.29868,0.14178,0.00238
"3704",4.4,-5,2.77777777777778,3.4,0.22901,0.30778,0.16294,0.00172
"3705",5.33333333333333,-5,2.77777777777778,3.4,0.21708,0.30595,0.16919,0.00147
"3706",6.26666666666667,-5,2.77777777777778,3.4,0.206,0.29858,0.17332,0.00113
"3707",7.2,-5,2.77777777777778,3.4,0.19607,0.28831,0.17371,0.00111
"3708",8.13333333333333,-5,2.77777777777778,3.4,0.18586,0.2782,0.16877,0.00096
"3709",9.06666666666667,-5,2.77777777777778,3.4,0.17741,0.26897,0.16332,0.00086
"3710",10,-5,2.77777777777778,3.4,0.17057,0.25957,0.16042,0.00088
"3711",1.6,-3.88888888888889,2.77777777777778,3.4,0.27807,0.24648,0.06266,0.02756
"3712",2.53333333333333,-3.88888888888889,2.77777777777778,3.4,0.27347,0.32712,0.14153,0.01193
"3713",3.46666666666667,-3.88888888888889,2.77777777777778,3.4,0.25829,0.34522,0.17928,0.00757
"3714",4.4,-3.88888888888889,2.77777777777778,3.4,0.24028,0.34122,0.19222,0.00591
"3715",5.33333333333333,-3.88888888888889,2.77777777777778,3.4,0.2246,0.32953,0.19333,0.00488
"3716",6.26666666666667,-3.88888888888889,2.77777777777778,3.4,0.21085,0.31624,0.19127,0.00435
"3717",7.2,-3.88888888888889,2.77777777777778,3.4,0.19867,0.30273,0.18406,0.00373
"3718",8.13333333333333,-3.88888888888889,2.77777777777778,3.4,0.18857,0.2889,0.17928,0.00401
"3719",9.06666666666667,-3.88888888888889,2.77777777777778,3.4,0.17995,0.27707,0.17208,0.00353
"3720",10,-3.88888888888889,2.77777777777778,3.4,0.172,0.26633,0.16658,0.00343
"3721",1.6,-2.77777777777778,2.77777777777778,3.4,0.3252,0.35347,0.11574,0.05316
"3722",2.53333333333333,-2.77777777777778,2.77777777777778,3.4,0.29965,0.40257,0.20308,0.03132
"3723",3.46666666666667,-2.77777777777778,2.77777777777778,3.4,0.27221,0.39322,0.2244,0.02405
"3724",4.4,-2.77777777777778,2.77777777777778,3.4,0.24905,0.373,0.22349,0.02093
"3725",5.33333333333333,-2.77777777777778,2.77777777777778,3.4,0.22997,0.35187,0.21325,0.01886
"3726",6.26666666666667,-2.77777777777778,2.77777777777778,3.4,0.21439,0.33088,0.20498,0.01794
"3727",7.2,-2.77777777777778,2.77777777777778,3.4,0.20205,0.3129,0.19404,0.01746
"3728",8.13333333333333,-2.77777777777778,2.77777777777778,3.4,0.19042,0.29777,0.18702,0.01675
"3729",9.06666666666667,-2.77777777777778,2.77777777777778,3.4,0.18143,0.28373,0.17946,0.01587
"3730",10,-2.77777777777778,2.77777777777778,3.4,0.17294,0.27148,0.16977,0.01566
"3731",1.6,-1.66666666666667,2.77777777777778,3.4,0.37317,0.49764,0.22436,0.12755
"3732",2.53333333333333,-1.66666666666667,2.77777777777778,3.4,0.32062,0.47521,0.27248,0.10078
"3733",3.46666666666667,-1.66666666666667,2.77777777777778,3.4,0.28369,0.43331,0.26451,0.09211
"3734",4.4,-1.66666666666667,2.77777777777778,3.4,0.25568,0.39803,0.2462,0.08826
"3735",5.33333333333333,-1.66666666666667,2.77777777777778,3.4,0.23364,0.36677,0.22976,0.08554
"3736",6.26666666666667,-1.66666666666667,2.77777777777778,3.4,0.21692,0.34156,0.21431,0.08243
"3737",7.2,-1.66666666666667,2.77777777777778,3.4,0.20333,0.31991,0.20215,0.08129
"3738",8.13333333333333,-1.66666666666667,2.77777777777778,3.4,0.1917,0.30228,0.19267,0.08023
"3739",9.06666666666667,-1.66666666666667,2.77777777777778,3.4,0.18202,0.28721,0.18265,0.07971
"3740",10,-1.66666666666667,2.77777777777778,3.4,0.17346,0.27453,0.17377,0.07978
"3741",1.6,-0.555555555555555,2.77777777777778,3.4,0.40697,0.62622,0.37805,0.44695
"3742",2.53333333333333,-0.555555555555555,2.77777777777778,3.4,0.33567,0.52346,0.32953,0.43329
"3743",3.46666666666667,-0.555555555555555,2.77777777777778,3.4,0.29056,0.45548,0.29011,0.42823
"3744",4.4,-0.555555555555555,2.77777777777778,3.4,0.25914,0.40816,0.25976,0.42512
"3745",5.33333333333333,-0.555555555555555,2.77777777777778,3.4,0.23637,0.37235,0.23845,0.42331
"3746",6.26666666666667,-0.555555555555555,2.77777777777778,3.4,0.21922,0.34561,0.21887,0.42299
"3747",7.2,-0.555555555555555,2.77777777777778,3.4,0.20485,0.32401,0.20483,0.42285
"3748",8.13333333333333,-0.555555555555555,2.77777777777778,3.4,0.19285,0.30606,0.19514,0.42216
"3749",9.06666666666667,-0.555555555555555,2.77777777777778,3.4,0.18294,0.2898,0.18393,0.42126
"3750",10,-0.555555555555555,2.77777777777778,3.4,0.17463,0.2764,0.17551,0.42047
"3751",1.6,0.555555555555555,2.77777777777778,3.4,0.40817,0.62815,0.37728,0.44647
"3752",2.53333333333333,0.555555555555555,2.77777777777778,3.4,0.33466,0.52348,0.32823,0.4334
"3753",3.46666666666667,0.555555555555555,2.77777777777778,3.4,0.29112,0.45581,0.28749,0.42781
"3754",4.4,0.555555555555555,2.77777777777778,3.4,0.26039,0.40888,0.26032,0.4258
"3755",5.33333333333333,0.555555555555555,2.77777777777778,3.4,0.2378,0.37417,0.23801,0.42488
"3756",6.26666666666667,0.555555555555555,2.77777777777778,3.4,0.2194,0.34674,0.21985,0.4237
"3757",7.2,0.555555555555555,2.77777777777778,3.4,0.2056,0.32447,0.20868,0.4228
"3758",8.13333333333333,0.555555555555555,2.77777777777778,3.4,0.19392,0.3057,0.19445,0.42172
"3759",9.06666666666667,0.555555555555555,2.77777777777778,3.4,0.18383,0.29078,0.18221,0.42173
"3760",10,0.555555555555555,2.77777777777778,3.4,0.17542,0.27731,0.17455,0.42083
"3761",1.6,1.66666666666667,2.77777777777778,3.4,0.37316,0.50227,0.22311,0.12578
"3762",2.53333333333333,1.66666666666667,2.77777777777778,3.4,0.32117,0.47768,0.27379,0.10263
"3763",3.46666666666667,1.66666666666667,2.77777777777778,3.4,0.2834,0.43305,0.2617,0.0928
"3764",4.4,1.66666666666667,2.77777777777778,3.4,0.25687,0.39596,0.24353,0.08874
"3765",5.33333333333333,1.66666666666667,2.77777777777778,3.4,0.23567,0.36542,0.23038,0.08514
"3766",6.26666666666667,1.66666666666667,2.77777777777778,3.4,0.21912,0.34127,0.21335,0.082
"3767",7.2,1.66666666666667,2.77777777777778,3.4,0.20455,0.32125,0.20351,0.08128
"3768",8.13333333333333,1.66666666666667,2.77777777777778,3.4,0.19292,0.30345,0.19279,0.08065
"3769",9.06666666666667,1.66666666666667,2.77777777777778,3.4,0.18267,0.28895,0.18373,0.07958
"3770",10,1.66666666666667,2.77777777777778,3.4,0.17455,0.27563,0.17431,0.07929
"3771",1.6,2.77777777777778,2.77777777777778,3.4,0.32369,0.35838,0.11618,0.05274
"3772",2.53333333333333,2.77777777777778,2.77777777777778,3.4,0.30008,0.40694,0.20123,0.03124
"3773",3.46666666666667,2.77777777777778,2.77777777777778,3.4,0.27306,0.39667,0.22104,0.02413
"3774",4.4,2.77777777777778,2.77777777777778,3.4,0.24959,0.37457,0.21915,0.02095
"3775",5.33333333333333,2.77777777777778,2.77777777777778,3.4,0.23075,0.35204,0.21212,0.01919
"3776",6.26666666666667,2.77777777777778,2.77777777777778,3.4,0.21491,0.33101,0.20533,0.018
"3777",7.2,2.77777777777778,2.77777777777778,3.4,0.20216,0.31319,0.19466,0.01754
"3778",8.13333333333333,2.77777777777778,2.77777777777778,3.4,0.19129,0.29819,0.18584,0.01625
"3779",9.06666666666667,2.77777777777778,2.77777777777778,3.4,0.18173,0.28467,0.17843,0.01596
"3780",10,2.77777777777778,2.77777777777778,3.4,0.17337,0.27205,0.17107,0.01578
"3781",1.6,3.88888888888889,2.77777777777778,3.4,0.27834,0.25007,0.06177,0.02799
"3782",2.53333333333333,3.88888888888889,2.77777777777778,3.4,0.27288,0.33097,0.14,0.01138
"3783",3.46666666666667,3.88888888888889,2.77777777777778,3.4,0.25696,0.34994,0.18137,0.00785
"3784",4.4,3.88888888888889,2.77777777777778,3.4,0.2396,0.34463,0.19239,0.00572
"3785",5.33333333333333,3.88888888888889,2.77777777777778,3.4,0.22456,0.33114,0.19534,0.00475
"3786",6.26666666666667,3.88888888888889,2.77777777777778,3.4,0.21044,0.3172,0.18818,0.00433
"3787",7.2,3.88888888888889,2.77777777777778,3.4,0.19875,0.30286,0.18325,0.00408
"3788",8.13333333333333,3.88888888888889,2.77777777777778,3.4,0.18852,0.28894,0.17843,0.00377
"3789",9.06666666666667,3.88888888888889,2.77777777777778,3.4,0.17959,0.27787,0.17119,0.00349
"3790",10,3.88888888888889,2.77777777777778,3.4,0.1719,0.26768,0.16773,0.00353
"3791",1.6,5,2.77777777777778,3.4,0.23845,0.17943,0.03611,0.01608
"3792",2.53333333333333,5,2.77777777777778,3.4,0.24747,0.2656,0.09591,0.00537
"3793",3.46666666666667,5,2.77777777777778,3.4,0.24081,0.30175,0.14063,0.00272
"3794",4.4,5,2.77777777777778,3.4,0.22897,0.31176,0.16298,0.00186
"3795",5.33333333333333,5,2.77777777777778,3.4,0.21672,0.30843,0.17215,0.00153
"3796",6.26666666666667,5,2.77777777777778,3.4,0.20545,0.30044,0.17367,0.0013
"3797",7.2,5,2.77777777777778,3.4,0.19523,0.29045,0.17136,0.00105
"3798",8.13333333333333,5,2.77777777777778,3.4,0.18648,0.27957,0.16775,0.00094
"3799",9.06666666666667,5,2.77777777777778,3.4,0.17797,0.26901,0.16467,0.00072
"3800",10,5,2.77777777777778,3.4,0.17018,0.25985,0.15939,0.00085
"3801",1.6,-5,3.88888888888889,3.4,0.23844,0.17683,0.03567,0.01642
"3802",2.53333333333333,-5,3.88888888888889,3.4,0.24701,0.26102,0.09667,0.00505
"3803",3.46666666666667,-5,3.88888888888889,3.4,0.23981,0.29868,0.14037,0.00271
"3804",4.4,-5,3.88888888888889,3.4,0.22901,0.30778,0.16183,0.00196
"3805",5.33333333333333,-5,3.88888888888889,3.4,0.21708,0.30595,0.17203,0.00124
"3806",6.26666666666667,-5,3.88888888888889,3.4,0.206,0.29858,0.17487,0.00131
"3807",7.2,-5,3.88888888888889,3.4,0.19607,0.28831,0.17209,0.00101
"3808",8.13333333333333,-5,3.88888888888889,3.4,0.18586,0.2782,0.17002,0.00117
"3809",9.06666666666667,-5,3.88888888888889,3.4,0.17741,0.26897,0.16691,0.00089
"3810",10,-5,3.88888888888889,3.4,0.17057,0.25957,0.15896,0.00079
"3811",1.6,-3.88888888888889,3.88888888888889,3.4,0.27807,0.24648,0.06198,0.02773
"3812",2.53333333333333,-3.88888888888889,3.88888888888889,3.4,0.27347,0.32712,0.14167,0.01149
"3813",3.46666666666667,-3.88888888888889,3.88888888888889,3.4,0.25829,0.34522,0.18067,0.00728
"3814",4.4,-3.88888888888889,3.88888888888889,3.4,0.24028,0.34122,0.19567,0.00589
"3815",5.33333333333333,-3.88888888888889,3.88888888888889,3.4,0.2246,0.32953,0.19261,0.005
"3816",6.26666666666667,-3.88888888888889,3.88888888888889,3.4,0.21085,0.31624,0.18978,0.00466
"3817",7.2,-3.88888888888889,3.88888888888889,3.4,0.19867,0.30273,0.18357,0.00427
"3818",8.13333333333333,-3.88888888888889,3.88888888888889,3.4,0.18857,0.2889,0.17566,0.00392
"3819",9.06666666666667,-3.88888888888889,3.88888888888889,3.4,0.17995,0.27707,0.17259,0.00371
"3820",10,-3.88888888888889,3.88888888888889,3.4,0.172,0.26633,0.16631,0.0036
"3821",1.6,-2.77777777777778,3.88888888888889,3.4,0.3252,0.35347,0.11678,0.05191
"3822",2.53333333333333,-2.77777777777778,3.88888888888889,3.4,0.29965,0.40257,0.20148,0.03004
"3823",3.46666666666667,-2.77777777777778,3.88888888888889,3.4,0.27221,0.39322,0.22325,0.02387
"3824",4.4,-2.77777777777778,3.88888888888889,3.4,0.24905,0.373,0.22203,0.02117
"3825",5.33333333333333,-2.77777777777778,3.88888888888889,3.4,0.22997,0.35187,0.21143,0.01925
"3826",6.26666666666667,-2.77777777777778,3.88888888888889,3.4,0.21439,0.33088,0.20251,0.01796
"3827",7.2,-2.77777777777778,3.88888888888889,3.4,0.20205,0.3129,0.19514,0.01794
"3828",8.13333333333333,-2.77777777777778,3.88888888888889,3.4,0.19042,0.29777,0.18498,0.01666
"3829",9.06666666666667,-2.77777777777778,3.88888888888889,3.4,0.18143,0.28373,0.17951,0.01608
"3830",10,-2.77777777777778,3.88888888888889,3.4,0.17294,0.27148,0.16814,0.01559
"3831",1.6,-1.66666666666667,3.88888888888889,3.4,0.37317,0.49764,0.22211,0.1285
"3832",2.53333333333333,-1.66666666666667,3.88888888888889,3.4,0.32062,0.47521,0.27236,0.10232
"3833",3.46666666666667,-1.66666666666667,3.88888888888889,3.4,0.28369,0.43331,0.26391,0.09287
"3834",4.4,-1.66666666666667,3.88888888888889,3.4,0.25568,0.39803,0.2471,0.08684
"3835",5.33333333333333,-1.66666666666667,3.88888888888889,3.4,0.23364,0.36677,0.22798,0.0846
"3836",6.26666666666667,-1.66666666666667,3.88888888888889,3.4,0.21692,0.34156,0.21238,0.08317
"3837",7.2,-1.66666666666667,3.88888888888889,3.4,0.20333,0.31991,0.20295,0.08182
"3838",8.13333333333333,-1.66666666666667,3.88888888888889,3.4,0.1917,0.30228,0.19154,0.08096
"3839",9.06666666666667,-1.66666666666667,3.88888888888889,3.4,0.18202,0.28721,0.18198,0.07986
"3840",10,-1.66666666666667,3.88888888888889,3.4,0.17346,0.27453,0.17386,0.07865
"3841",1.6,-0.555555555555555,3.88888888888889,3.4,0.40697,0.62622,0.38129,0.4465
"3842",2.53333333333333,-0.555555555555555,3.88888888888889,3.4,0.33567,0.52346,0.32833,0.43491
"3843",3.46666666666667,-0.555555555555555,3.88888888888889,3.4,0.29056,0.45548,0.29099,0.42977
"3844",4.4,-0.555555555555555,3.88888888888889,3.4,0.25914,0.40816,0.26053,0.42531
"3845",5.33333333333333,-0.555555555555555,3.88888888888889,3.4,0.23637,0.37235,0.23895,0.42367
"3846",6.26666666666667,-0.555555555555555,3.88888888888889,3.4,0.21922,0.34561,0.2209,0.42307
"3847",7.2,-0.555555555555555,3.88888888888889,3.4,0.20485,0.32401,0.20717,0.42294
"3848",8.13333333333333,-0.555555555555555,3.88888888888889,3.4,0.19285,0.30606,0.19477,0.42302
"3849",9.06666666666667,-0.555555555555555,3.88888888888889,3.4,0.18294,0.2898,0.18385,0.42147
"3850",10,-0.555555555555555,3.88888888888889,3.4,0.17463,0.2764,0.17786,0.42035
"3851",1.6,0.555555555555555,3.88888888888889,3.4,0.40817,0.62815,0.37748,0.4475
"3852",2.53333333333333,0.555555555555555,3.88888888888889,3.4,0.33466,0.52348,0.33029,0.4337
"3853",3.46666666666667,0.555555555555555,3.88888888888889,3.4,0.29112,0.45581,0.28841,0.42926
"3854",4.4,0.555555555555555,3.88888888888889,3.4,0.26039,0.40888,0.26018,0.42616
"3855",5.33333333333333,0.555555555555555,3.88888888888889,3.4,0.2378,0.37417,0.23977,0.42499
"3856",6.26666666666667,0.555555555555555,3.88888888888889,3.4,0.2194,0.34674,0.2207,0.42302
"3857",7.2,0.555555555555555,3.88888888888889,3.4,0.2056,0.32447,0.20367,0.42278
"3858",8.13333333333333,0.555555555555555,3.88888888888889,3.4,0.19392,0.3057,0.19541,0.42194
"3859",9.06666666666667,0.555555555555555,3.88888888888889,3.4,0.18383,0.29078,0.18569,0.42162
"3860",10,0.555555555555555,3.88888888888889,3.4,0.17542,0.27731,0.17584,0.42172
"3861",1.6,1.66666666666667,3.88888888888889,3.4,0.37316,0.50227,0.22186,0.12816
"3862",2.53333333333333,1.66666666666667,3.88888888888889,3.4,0.32117,0.47768,0.27391,0.10106
"3863",3.46666666666667,1.66666666666667,3.88888888888889,3.4,0.2834,0.43305,0.26441,0.09237
"3864",4.4,1.66666666666667,3.88888888888889,3.4,0.25687,0.39596,0.24966,0.08757
"3865",5.33333333333333,1.66666666666667,3.88888888888889,3.4,0.23567,0.36542,0.22883,0.08466
"3866",6.26666666666667,1.66666666666667,3.88888888888889,3.4,0.21912,0.34127,0.21395,0.08249
"3867",7.2,1.66666666666667,3.88888888888889,3.4,0.20455,0.32125,0.2011,0.08135
"3868",8.13333333333333,1.66666666666667,3.88888888888889,3.4,0.19292,0.30345,0.19138,0.08061
"3869",9.06666666666667,1.66666666666667,3.88888888888889,3.4,0.18267,0.28895,0.18378,0.08047
"3870",10,1.66666666666667,3.88888888888889,3.4,0.17455,0.27563,0.1734,0.07873
"3871",1.6,2.77777777777778,3.88888888888889,3.4,0.32369,0.35838,0.11543,0.05305
"3872",2.53333333333333,2.77777777777778,3.88888888888889,3.4,0.30008,0.40694,0.20116,0.03141
"3873",3.46666666666667,2.77777777777778,3.88888888888889,3.4,0.27306,0.39667,0.2237,0.02346
"3874",4.4,2.77777777777778,3.88888888888889,3.4,0.24959,0.37457,0.22426,0.02066
"3875",5.33333333333333,2.77777777777778,3.88888888888889,3.4,0.23075,0.35204,0.21352,0.01926
"3876",6.26666666666667,2.77777777777778,3.88888888888889,3.4,0.21491,0.33101,0.20511,0.01807
"3877",7.2,2.77777777777778,3.88888888888889,3.4,0.20216,0.31319,0.19377,0.01717
"3878",8.13333333333333,2.77777777777778,3.88888888888889,3.4,0.19129,0.29819,0.18698,0.01675
"3879",9.06666666666667,2.77777777777778,3.88888888888889,3.4,0.18173,0.28467,0.1801,0.01612
"3880",10,2.77777777777778,3.88888888888889,3.4,0.17337,0.27205,0.16947,0.01561
"3881",1.6,3.88888888888889,3.88888888888889,3.4,0.27834,0.25007,0.06145,0.02673
"3882",2.53333333333333,3.88888888888889,3.88888888888889,3.4,0.27288,0.33097,0.14196,0.01164
"3883",3.46666666666667,3.88888888888889,3.88888888888889,3.4,0.25696,0.34994,0.17905,0.00741
"3884",4.4,3.88888888888889,3.88888888888889,3.4,0.2396,0.34463,0.1939,0.00617
"3885",5.33333333333333,3.88888888888889,3.88888888888889,3.4,0.22456,0.33114,0.19267,0.00487
"3886",6.26666666666667,3.88888888888889,3.88888888888889,3.4,0.21044,0.3172,0.18781,0.00442
"3887",7.2,3.88888888888889,3.88888888888889,3.4,0.19875,0.30286,0.18488,0.00389
"3888",8.13333333333333,3.88888888888889,3.88888888888889,3.4,0.18852,0.28894,0.17684,0.00373
"3889",9.06666666666667,3.88888888888889,3.88888888888889,3.4,0.17959,0.27787,0.17152,0.00346
"3890",10,3.88888888888889,3.88888888888889,3.4,0.1719,0.26768,0.16702,0.00345
"3891",1.6,5,3.88888888888889,3.4,0.23845,0.17943,0.03621,0.01564
"3892",2.53333333333333,5,3.88888888888889,3.4,0.24747,0.2656,0.09824,0.00551
"3893",3.46666666666667,5,3.88888888888889,3.4,0.24081,0.30175,0.13926,0.00253
"3894",4.4,5,3.88888888888889,3.4,0.22897,0.31176,0.16214,0.00158
"3895",5.33333333333333,5,3.88888888888889,3.4,0.21672,0.30843,0.17089,0.00137
"3896",6.26666666666667,5,3.88888888888889,3.4,0.20545,0.30044,0.17267,0.00123
"3897",7.2,5,3.88888888888889,3.4,0.19523,0.29045,0.17205,0.00108
"3898",8.13333333333333,5,3.88888888888889,3.4,0.18648,0.27957,0.1687,0.00092
"3899",9.06666666666667,5,3.88888888888889,3.4,0.17797,0.26901,0.16581,0.00097
"3900",10,5,3.88888888888889,3.4,0.17018,0.25985,0.15884,0.00097
"3901",1.6,-5,5,3.4,0.23844,0.17683,0.03525,0.01689
"3902",2.53333333333333,-5,5,3.4,0.24701,0.26102,0.09813,0.00542
"3903",3.46666666666667,-5,5,3.4,0.23981,0.29868,0.13898,0.00276
"3904",4.4,-5,5,3.4,0.22901,0.30778,0.16035,0.00191
"3905",5.33333333333333,-5,5,3.4,0.21708,0.30595,0.17044,0.00136
"3906",6.26666666666667,-5,5,3.4,0.206,0.29858,0.17277,0.00107
"3907",7.2,-5,5,3.4,0.19607,0.28831,0.17204,0.00104
"3908",8.13333333333333,-5,5,3.4,0.18586,0.2782,0.16837,0.001
"3909",9.06666666666667,-5,5,3.4,0.17741,0.26897,0.16325,0.00092
"3910",10,-5,5,3.4,0.17057,0.25957,0.15946,0.00082
"3911",1.6,-3.88888888888889,5,3.4,0.27807,0.24648,0.06275,0.02655
"3912",2.53333333333333,-3.88888888888889,5,3.4,0.27347,0.32712,0.14333,0.01132
"3913",3.46666666666667,-3.88888888888889,5,3.4,0.25829,0.34522,0.18033,0.00721
"3914",4.4,-3.88888888888889,5,3.4,0.24028,0.34122,0.19238,0.00583
"3915",5.33333333333333,-3.88888888888889,5,3.4,0.2246,0.32953,0.19355,0.00511
"3916",6.26666666666667,-3.88888888888889,5,3.4,0.21085,0.31624,0.19002,0.00425
"3917",7.2,-3.88888888888889,5,3.4,0.19867,0.30273,0.18258,0.00374
"3918",8.13333333333333,-3.88888888888889,5,3.4,0.18857,0.2889,0.17821,0.00363
"3919",9.06666666666667,-3.88888888888889,5,3.4,0.17995,0.27707,0.17059,0.00376
"3920",10,-3.88888888888889,5,3.4,0.172,0.26633,0.16541,0.00359
"3921",1.6,-2.77777777777778,5,3.4,0.3252,0.35347,0.11708,0.05203
"3922",2.53333333333333,-2.77777777777778,5,3.4,0.29965,0.40257,0.20337,0.03162
"3923",3.46666666666667,-2.77777777777778,5,3.4,0.27221,0.39322,0.22117,0.02475
"3924",4.4,-2.77777777777778,5,3.4,0.24905,0.373,0.22024,0.02083
"3925",5.33333333333333,-2.77777777777778,5,3.4,0.22997,0.35187,0.21609,0.01891
"3926",6.26666666666667,-2.77777777777778,5,3.4,0.21439,0.33088,0.20449,0.01776
"3927",7.2,-2.77777777777778,5,3.4,0.20205,0.3129,0.19391,0.01672
"3928",8.13333333333333,-2.77777777777778,5,3.4,0.19042,0.29777,0.18628,0.01646
"3929",9.06666666666667,-2.77777777777778,5,3.4,0.18143,0.28373,0.17892,0.01598
"3930",10,-2.77777777777778,5,3.4,0.17294,0.27148,0.16925,0.01557
"3931",1.6,-1.66666666666667,5,3.4,0.37317,0.49764,0.22378,0.12823
"3932",2.53333333333333,-1.66666666666667,5,3.4,0.32062,0.47521,0.27489,0.10149
"3933",3.46666666666667,-1.66666666666667,5,3.4,0.28369,0.43331,0.26467,0.09216
"3934",4.4,-1.66666666666667,5,3.4,0.25568,0.39803,0.24632,0.08865
"3935",5.33333333333333,-1.66666666666667,5,3.4,0.23364,0.36677,0.2298,0.08477
"3936",6.26666666666667,-1.66666666666667,5,3.4,0.21692,0.34156,0.21562,0.08237
"3937",7.2,-1.66666666666667,5,3.4,0.20333,0.31991,0.20332,0.08133
"3938",8.13333333333333,-1.66666666666667,5,3.4,0.1917,0.30228,0.19243,0.08092
"3939",9.06666666666667,-1.66666666666667,5,3.4,0.18202,0.28721,0.18479,0.08005
"3940",10,-1.66666666666667,5,3.4,0.17346,0.27453,0.17562,0.07856
"3941",1.6,-0.555555555555555,5,3.4,0.40697,0.62622,0.37848,0.44592
"3942",2.53333333333333,-0.555555555555555,5,3.4,0.33567,0.52346,0.32713,0.43426
"3943",3.46666666666667,-0.555555555555555,5,3.4,0.29056,0.45548,0.28952,0.42806
"3944",4.4,-0.555555555555555,5,3.4,0.25914,0.40816,0.26053,0.42619
"3945",5.33333333333333,-0.555555555555555,5,3.4,0.23637,0.37235,0.23599,0.42528
"3946",6.26666666666667,-0.555555555555555,5,3.4,0.21922,0.34561,0.22036,0.42388
"3947",7.2,-0.555555555555555,5,3.4,0.20485,0.32401,0.20508,0.42261
"3948",8.13333333333333,-0.555555555555555,5,3.4,0.19285,0.30606,0.19626,0.42237
"3949",9.06666666666667,-0.555555555555555,5,3.4,0.18294,0.2898,0.18449,0.42263
"3950",10,-0.555555555555555,5,3.4,0.17463,0.2764,0.17529,0.42059
"3951",1.6,0.555555555555555,5,3.4,0.40817,0.62815,0.37813,0.44942
"3952",2.53333333333333,0.555555555555555,5,3.4,0.33466,0.52348,0.33099,0.43511
"3953",3.46666666666667,0.555555555555555,5,3.4,0.29112,0.45581,0.29169,0.4298
"3954",4.4,0.555555555555555,5,3.4,0.26039,0.40888,0.26031,0.42544
"3955",5.33333333333333,0.555555555555555,5,3.4,0.2378,0.37417,0.23798,0.42478
"3956",6.26666666666667,0.555555555555555,5,3.4,0.2194,0.34674,0.21998,0.42396
"3957",7.2,0.555555555555555,5,3.4,0.2056,0.32447,0.20646,0.42231
"3958",8.13333333333333,0.555555555555555,5,3.4,0.19392,0.3057,0.19637,0.42316
"3959",9.06666666666667,0.555555555555555,5,3.4,0.18383,0.29078,0.18413,0.42192
"3960",10,0.555555555555555,5,3.4,0.17542,0.27731,0.17451,0.42118
"3961",1.6,1.66666666666667,5,3.4,0.37316,0.50227,0.22341,0.12799
"3962",2.53333333333333,1.66666666666667,5,3.4,0.32117,0.47768,0.27598,0.10238
"3963",3.46666666666667,1.66666666666667,5,3.4,0.2834,0.43305,0.26438,0.09224
"3964",4.4,1.66666666666667,5,3.4,0.25687,0.39596,0.24663,0.08699
"3965",5.33333333333333,1.66666666666667,5,3.4,0.23567,0.36542,0.22924,0.0847
"3966",6.26666666666667,1.66666666666667,5,3.4,0.21912,0.34127,0.21445,0.08349
"3967",7.2,1.66666666666667,5,3.4,0.20455,0.32125,0.2006,0.08142
"3968",8.13333333333333,1.66666666666667,5,3.4,0.19292,0.30345,0.19395,0.08176
"3969",9.06666666666667,1.66666666666667,5,3.4,0.18267,0.28895,0.18186,0.07978
"3970",10,1.66666666666667,5,3.4,0.17455,0.27563,0.176,0.07921
"3971",1.6,2.77777777777778,5,3.4,0.32369,0.35838,0.1164,0.05123
"3972",2.53333333333333,2.77777777777778,5,3.4,0.30008,0.40694,0.20079,0.03066
"3973",3.46666666666667,2.77777777777778,5,3.4,0.27306,0.39667,0.22417,0.02441
"3974",4.4,2.77777777777778,5,3.4,0.24959,0.37457,0.21984,0.02096
"3975",5.33333333333333,2.77777777777778,5,3.4,0.23075,0.35204,0.21618,0.01936
"3976",6.26666666666667,2.77777777777778,5,3.4,0.21491,0.33101,0.20291,0.01759
"3977",7.2,2.77777777777778,5,3.4,0.20216,0.31319,0.1936,0.01675
"3978",8.13333333333333,2.77777777777778,5,3.4,0.19129,0.29819,0.18644,0.01649
"3979",9.06666666666667,2.77777777777778,5,3.4,0.18173,0.28467,0.1797,0.01591
"3980",10,2.77777777777778,5,3.4,0.17337,0.27205,0.17053,0.0155
"3981",1.6,3.88888888888889,5,3.4,0.27834,0.25007,0.06294,0.0273
"3982",2.53333333333333,3.88888888888889,5,3.4,0.27288,0.33097,0.13961,0.01075
"3983",3.46666666666667,3.88888888888889,5,3.4,0.25696,0.34994,0.17901,0.00745
"3984",4.4,3.88888888888889,5,3.4,0.2396,0.34463,0.19414,0.00574
"3985",5.33333333333333,3.88888888888889,5,3.4,0.22456,0.33114,0.19545,0.00515
"3986",6.26666666666667,3.88888888888889,5,3.4,0.21044,0.3172,0.19049,0.00443
"3987",7.2,3.88888888888889,5,3.4,0.19875,0.30286,0.18404,0.00413
"3988",8.13333333333333,3.88888888888889,5,3.4,0.18852,0.28894,0.17969,0.00357
"3989",9.06666666666667,3.88888888888889,5,3.4,0.17959,0.27787,0.17292,0.00344
"3990",10,3.88888888888889,5,3.4,0.1719,0.26768,0.16638,0.00365
"3991",1.6,5,5,3.4,0.23845,0.17943,0.0359,0.01577
"3992",2.53333333333333,5,5,3.4,0.24747,0.2656,0.0976,0.00527
"3993",3.46666666666667,5,5,3.4,0.24081,0.30175,0.14158,0.00276
"3994",4.4,5,5,3.4,0.22897,0.31176,0.16199,0.00201
"3995",5.33333333333333,5,5,3.4,0.21672,0.30843,0.17166,0.00141
"3996",6.26666666666667,5,5,3.4,0.20545,0.30044,0.17147,0.00109
"3997",7.2,5,5,3.4,0.19523,0.29045,0.17009,0.00121
"3998",8.13333333333333,5,5,3.4,0.18648,0.27957,0.16832,0.001
"3999",9.06666666666667,5,5,3.4,0.17797,0.26901,0.16488,0.00087
"4000",10,5,5,3.4,0.17018,0.25985,0.15971,8e-04
"4001",1.6,-5,-5,4.5,0.23844,0.17683,0.03572,0.01596
"4002",2.53333333333333,-5,-5,4.5,0.24701,0.26102,0.09694,0.00486
"4003",3.46666666666667,-5,-5,4.5,0.23981,0.29868,0.13795,0.00289
"4004",4.4,-5,-5,4.5,0.22901,0.30778,0.16267,0.00189
"4005",5.33333333333333,-5,-5,4.5,0.21708,0.30595,0.17296,0.00142
"4006",6.26666666666667,-5,-5,4.5,0.206,0.29858,0.17363,0.00117
"4007",7.2,-5,-5,4.5,0.19607,0.28831,0.17182,0.00123
"4008",8.13333333333333,-5,-5,4.5,0.18586,0.2782,0.17132,0.00102
"4009",9.06666666666667,-5,-5,4.5,0.17741,0.26897,0.16393,0.00097
"4010",10,-5,-5,4.5,0.17057,0.25957,0.16002,0.00083
"4011",1.6,-3.88888888888889,-5,4.5,0.27807,0.24648,0.06148,0.02711
"4012",2.53333333333333,-3.88888888888889,-5,4.5,0.27347,0.32712,0.14065,0.01148
"4013",3.46666666666667,-3.88888888888889,-5,4.5,0.25829,0.34522,0.17857,0.00747
"4014",4.4,-3.88888888888889,-5,4.5,0.24028,0.34122,0.19144,0.00591
"4015",5.33333333333333,-3.88888888888889,-5,4.5,0.2246,0.32953,0.19457,0.00462
"4016",6.26666666666667,-3.88888888888889,-5,4.5,0.21085,0.31624,0.19132,0.0044
"4017",7.2,-3.88888888888889,-5,4.5,0.19867,0.30273,0.18452,0.00405
"4018",8.13333333333333,-3.88888888888889,-5,4.5,0.18857,0.2889,0.17664,0.0039
"4019",9.06666666666667,-3.88888888888889,-5,4.5,0.17995,0.27707,0.17253,0.00382
"4020",10,-3.88888888888889,-5,4.5,0.172,0.26633,0.16636,0.00341
"4021",1.6,-2.77777777777778,-5,4.5,0.3252,0.35347,0.11561,0.05244
"4022",2.53333333333333,-2.77777777777778,-5,4.5,0.29965,0.40257,0.20081,0.03084
"4023",3.46666666666667,-2.77777777777778,-5,4.5,0.27221,0.39322,0.22342,0.02424
"4024",4.4,-2.77777777777778,-5,4.5,0.24905,0.373,0.21936,0.02017
"4025",5.33333333333333,-2.77777777777778,-5,4.5,0.22997,0.35187,0.21252,0.01914
"4026",6.26666666666667,-2.77777777777778,-5,4.5,0.21439,0.33088,0.20263,0.01764
"4027",7.2,-2.77777777777778,-5,4.5,0.20205,0.3129,0.19332,0.01724
"4028",8.13333333333333,-2.77777777777778,-5,4.5,0.19042,0.29777,0.1857,0.01686
"4029",9.06666666666667,-2.77777777777778,-5,4.5,0.18143,0.28373,0.17866,0.01636
"4030",10,-2.77777777777778,-5,4.5,0.17294,0.27148,0.16946,0.01578
"4031",1.6,-1.66666666666667,-5,4.5,0.37317,0.49764,0.22392,0.1278
"4032",2.53333333333333,-1.66666666666667,-5,4.5,0.32062,0.47521,0.27561,0.10216
"4033",3.46666666666667,-1.66666666666667,-5,4.5,0.28369,0.43331,0.26515,0.09156
"4034",4.4,-1.66666666666667,-5,4.5,0.25568,0.39803,0.24424,0.08715
"4035",5.33333333333333,-1.66666666666667,-5,4.5,0.23364,0.36677,0.2287,0.08444
"4036",6.26666666666667,-1.66666666666667,-5,4.5,0.21692,0.34156,0.21386,0.08271
"4037",7.2,-1.66666666666667,-5,4.5,0.20333,0.31991,0.2019,0.08093
"4038",8.13333333333333,-1.66666666666667,-5,4.5,0.1917,0.30228,0.18991,0.08093
"4039",9.06666666666667,-1.66666666666667,-5,4.5,0.18202,0.28721,0.18203,0.07956
"4040",10,-1.66666666666667,-5,4.5,0.17346,0.27453,0.17402,0.08007
"4041",1.6,-0.555555555555555,-5,4.5,0.40697,0.62622,0.37986,0.44702
"4042",2.53333333333333,-0.555555555555555,-5,4.5,0.33567,0.52346,0.33157,0.43431
"4043",3.46666666666667,-0.555555555555555,-5,4.5,0.29056,0.45548,0.29026,0.42829
"4044",4.4,-0.555555555555555,-5,4.5,0.25914,0.40816,0.25972,0.42629
"4045",5.33333333333333,-0.555555555555555,-5,4.5,0.23637,0.37235,0.23644,0.42545
"4046",6.26666666666667,-0.555555555555555,-5,4.5,0.21922,0.34561,0.21873,0.42402
"4047",7.2,-0.555555555555555,-5,4.5,0.20485,0.32401,0.20503,0.42263
"4048",8.13333333333333,-0.555555555555555,-5,4.5,0.19285,0.30606,0.19459,0.42284
"4049",9.06666666666667,-0.555555555555555,-5,4.5,0.18294,0.2898,0.18627,0.4214
"4050",10,-0.555555555555555,-5,4.5,0.17463,0.2764,0.1764,0.42099
"4051",1.6,0.555555555555555,-5,4.5,0.40817,0.62815,0.37971,0.44536
"4052",2.53333333333333,0.555555555555555,-5,4.5,0.33466,0.52348,0.33006,0.43486
"4053",3.46666666666667,0.555555555555555,-5,4.5,0.29112,0.45581,0.28735,0.43031
"4054",4.4,0.555555555555555,-5,4.5,0.26039,0.40888,0.25812,0.42568
"4055",5.33333333333333,0.555555555555555,-5,4.5,0.2378,0.37417,0.23846,0.4256
"4056",6.26666666666667,0.555555555555555,-5,4.5,0.2194,0.34674,0.21996,0.42323
"4057",7.2,0.555555555555555,-5,4.5,0.2056,0.32447,0.20799,0.42269
"4058",8.13333333333333,0.555555555555555,-5,4.5,0.19392,0.3057,0.19485,0.42174
"4059",9.06666666666667,0.555555555555555,-5,4.5,0.18383,0.29078,0.18618,0.4216
"4060",10,0.555555555555555,-5,4.5,0.17542,0.27731,0.17644,0.42248
"4061",1.6,1.66666666666667,-5,4.5,0.37316,0.50227,0.2242,0.12782
"4062",2.53333333333333,1.66666666666667,-5,4.5,0.32117,0.47768,0.2736,0.10258
"4063",3.46666666666667,1.66666666666667,-5,4.5,0.2834,0.43305,0.26275,0.09217
"4064",4.4,1.66666666666667,-5,4.5,0.25687,0.39596,0.24325,0.08734
"4065",5.33333333333333,1.66666666666667,-5,4.5,0.23567,0.36542,0.22974,0.08484
"4066",6.26666666666667,1.66666666666667,-5,4.5,0.21912,0.34127,0.21453,0.08285
"4067",7.2,1.66666666666667,-5,4.5,0.20455,0.32125,0.20236,0.08144
"4068",8.13333333333333,1.66666666666667,-5,4.5,0.19292,0.30345,0.18991,0.08051
"4069",9.06666666666667,1.66666666666667,-5,4.5,0.18267,0.28895,0.18307,0.07943
"4070",10,1.66666666666667,-5,4.5,0.17455,0.27563,0.17255,0.07889
"4071",1.6,2.77777777777778,-5,4.5,0.32369,0.35838,0.11578,0.05295
"4072",2.53333333333333,2.77777777777778,-5,4.5,0.30008,0.40694,0.19978,0.03101
"4073",3.46666666666667,2.77777777777778,-5,4.5,0.27306,0.39667,0.22209,0.02414
"4074",4.4,2.77777777777778,-5,4.5,0.24959,0.37457,0.21911,0.02094
"4075",5.33333333333333,2.77777777777778,-5,4.5,0.23075,0.35204,0.21515,0.0193
"4076",6.26666666666667,2.77777777777778,-5,4.5,0.21491,0.33101,0.20479,0.01762
"4077",7.2,2.77777777777778,-5,4.5,0.20216,0.31319,0.19369,0.01683
"4078",8.13333333333333,2.77777777777778,-5,4.5,0.19129,0.29819,0.18725,0.01672
"4079",9.06666666666667,2.77777777777778,-5,4.5,0.18173,0.28467,0.17686,0.01659
"4080",10,2.77777777777778,-5,4.5,0.17337,0.27205,0.17034,0.01549
"4081",1.6,3.88888888888889,-5,4.5,0.27834,0.25007,0.06177,0.02604
"4082",2.53333333333333,3.88888888888889,-5,4.5,0.27288,0.33097,0.14105,0.01195
"4083",3.46666666666667,3.88888888888889,-5,4.5,0.25696,0.34994,0.17958,0.00753
"4084",4.4,3.88888888888889,-5,4.5,0.2396,0.34463,0.19194,0.00593
"4085",5.33333333333333,3.88888888888889,-5,4.5,0.22456,0.33114,0.1929,0.005
"4086",6.26666666666667,3.88888888888889,-5,4.5,0.21044,0.3172,0.19014,0.00447
"4087",7.2,3.88888888888889,-5,4.5,0.19875,0.30286,0.18492,0.0039
"4088",8.13333333333333,3.88888888888889,-5,4.5,0.18852,0.28894,0.17801,0.0038
"4089",9.06666666666667,3.88888888888889,-5,4.5,0.17959,0.27787,0.17103,0.0037
"4090",10,3.88888888888889,-5,4.5,0.1719,0.26768,0.16783,0.00333
"4091",1.6,5,-5,4.5,0.23845,0.17943,0.03512,0.01679
"4092",2.53333333333333,5,-5,4.5,0.24747,0.2656,0.09656,0.00514
"4093",3.46666666666667,5,-5,4.5,0.24081,0.30175,0.14073,0.00271
"4094",4.4,5,-5,4.5,0.22897,0.31176,0.16091,0.00179
"4095",5.33333333333333,5,-5,4.5,0.21672,0.30843,0.17097,0.0014
"4096",6.26666666666667,5,-5,4.5,0.20545,0.30044,0.17218,0.00115
"4097",7.2,5,-5,4.5,0.19523,0.29045,0.17228,0.00105
"4098",8.13333333333333,5,-5,4.5,0.18648,0.27957,0.16821,0.00095
"4099",9.06666666666667,5,-5,4.5,0.17797,0.26901,0.16457,0.00099
"4100",10,5,-5,4.5,0.17018,0.25985,0.15976,0.00089
"4101",1.6,-5,-3.88888888888889,4.5,0.23844,0.17683,0.03557,0.01619
"4102",2.53333333333333,-5,-3.88888888888889,4.5,0.24701,0.26102,0.09524,0.00493
"4103",3.46666666666667,-5,-3.88888888888889,4.5,0.23981,0.29868,0.1396,0.00268
"4104",4.4,-5,-3.88888888888889,4.5,0.22901,0.30778,0.1611,0.00187
"4105",5.33333333333333,-5,-3.88888888888889,4.5,0.21708,0.30595,0.17175,0.00152
"4106",6.26666666666667,-5,-3.88888888888889,4.5,0.206,0.29858,0.17493,0.00127
"4107",7.2,-5,-3.88888888888889,4.5,0.19607,0.28831,0.1718,0.00103
"4108",8.13333333333333,-5,-3.88888888888889,4.5,0.18586,0.2782,0.16977,0.00098
"4109",9.06666666666667,-5,-3.88888888888889,4.5,0.17741,0.26897,0.16379,0.00091
"4110",10,-5,-3.88888888888889,4.5,0.17057,0.25957,0.15927,0.00079
"4111",1.6,-3.88888888888889,-3.88888888888889,4.5,0.27807,0.24648,0.06259,0.02708
"4112",2.53333333333333,-3.88888888888889,-3.88888888888889,4.5,0.27347,0.32712,0.13965,0.01168
"4113",3.46666666666667,-3.88888888888889,-3.88888888888889,4.5,0.25829,0.34522,0.17861,0.00724
"4114",4.4,-3.88888888888889,-3.88888888888889,4.5,0.24028,0.34122,0.19279,0.00572
"4115",5.33333333333333,-3.88888888888889,-3.88888888888889,4.5,0.2246,0.32953,0.19172,0.00485
"4116",6.26666666666667,-3.88888888888889,-3.88888888888889,4.5,0.21085,0.31624,0.19197,0.00436
"4117",7.2,-3.88888888888889,-3.88888888888889,4.5,0.19867,0.30273,0.18337,0.00396
"4118",8.13333333333333,-3.88888888888889,-3.88888888888889,4.5,0.18857,0.2889,0.17915,0.00385
"4119",9.06666666666667,-3.88888888888889,-3.88888888888889,4.5,0.17995,0.27707,0.1716,0.00376
"4120",10,-3.88888888888889,-3.88888888888889,4.5,0.172,0.26633,0.16499,0.00336
"4121",1.6,-2.77777777777778,-3.88888888888889,4.5,0.3252,0.35347,0.11614,0.05292
"4122",2.53333333333333,-2.77777777777778,-3.88888888888889,4.5,0.29965,0.40257,0.20225,0.03044
"4123",3.46666666666667,-2.77777777777778,-3.88888888888889,4.5,0.27221,0.39322,0.22524,0.02394
"4124",4.4,-2.77777777777778,-3.88888888888889,4.5,0.24905,0.373,0.22179,0.02053
"4125",5.33333333333333,-2.77777777777778,-3.88888888888889,4.5,0.22997,0.35187,0.21111,0.01907
"4126",6.26666666666667,-2.77777777777778,-3.88888888888889,4.5,0.21439,0.33088,0.20357,0.01751
"4127",7.2,-2.77777777777778,-3.88888888888889,4.5,0.20205,0.3129,0.19434,0.0173
"4128",8.13333333333333,-2.77777777777778,-3.88888888888889,4.5,0.19042,0.29777,0.1862,0.01668
"4129",9.06666666666667,-2.77777777777778,-3.88888888888889,4.5,0.18143,0.28373,0.18015,0.01668
"4130",10,-2.77777777777778,-3.88888888888889,4.5,0.17294,0.27148,0.17109,0.01567
"4131",1.6,-1.66666666666667,-3.88888888888889,4.5,0.37317,0.49764,0.22308,0.12982
"4132",2.53333333333333,-1.66666666666667,-3.88888888888889,4.5,0.32062,0.47521,0.2748,0.10214
"4133",3.46666666666667,-1.66666666666667,-3.88888888888889,4.5,0.28369,0.43331,0.26138,0.09227
"4134",4.4,-1.66666666666667,-3.88888888888889,4.5,0.25568,0.39803,0.24627,0.08655
"4135",5.33333333333333,-1.66666666666667,-3.88888888888889,4.5,0.23364,0.36677,0.23067,0.08441
"4136",6.26666666666667,-1.66666666666667,-3.88888888888889,4.5,0.21692,0.34156,0.21489,0.08346
"4137",7.2,-1.66666666666667,-3.88888888888889,4.5,0.20333,0.31991,0.20158,0.08073
"4138",8.13333333333333,-1.66666666666667,-3.88888888888889,4.5,0.1917,0.30228,0.19212,0.08017
"4139",9.06666666666667,-1.66666666666667,-3.88888888888889,4.5,0.18202,0.28721,0.18224,0.07932
"4140",10,-1.66666666666667,-3.88888888888889,4.5,0.17346,0.27453,0.17442,0.07843
"4141",1.6,-0.555555555555555,-3.88888888888889,4.5,0.40697,0.62622,0.3782,0.44633
"4142",2.53333333333333,-0.555555555555555,-3.88888888888889,4.5,0.33567,0.52346,0.32975,0.43268
"4143",3.46666666666667,-0.555555555555555,-3.88888888888889,4.5,0.29056,0.45548,0.28993,0.4273
"4144",4.4,-0.555555555555555,-3.88888888888889,4.5,0.25914,0.40816,0.259,0.42765
"4145",5.33333333333333,-0.555555555555555,-3.88888888888889,4.5,0.23637,0.37235,0.23862,0.42443
"4146",6.26666666666667,-0.555555555555555,-3.88888888888889,4.5,0.21922,0.34561,0.22184,0.42365
"4147",7.2,-0.555555555555555,-3.88888888888889,4.5,0.20485,0.32401,0.20665,0.42354
"4148",8.13333333333333,-0.555555555555555,-3.88888888888889,4.5,0.19285,0.30606,0.1941,0.42256
"4149",9.06666666666667,-0.555555555555555,-3.88888888888889,4.5,0.18294,0.2898,0.18749,0.4211
"4150",10,-0.555555555555555,-3.88888888888889,4.5,0.17463,0.2764,0.17456,0.42095
"4151",1.6,0.555555555555555,-3.88888888888889,4.5,0.40817,0.62815,0.37741,0.44426
"4152",2.53333333333333,0.555555555555555,-3.88888888888889,4.5,0.33466,0.52348,0.32909,0.43371
"4153",3.46666666666667,0.555555555555555,-3.88888888888889,4.5,0.29112,0.45581,0.28845,0.42969
"4154",4.4,0.555555555555555,-3.88888888888889,4.5,0.26039,0.40888,0.25769,0.42608
"4155",5.33333333333333,0.555555555555555,-3.88888888888889,4.5,0.2378,0.37417,0.2376,0.42442
"4156",6.26666666666667,0.555555555555555,-3.88888888888889,4.5,0.2194,0.34674,0.22091,0.4226
"4157",7.2,0.555555555555555,-3.88888888888889,4.5,0.2056,0.32447,0.20736,0.42256
"4158",8.13333333333333,0.555555555555555,-3.88888888888889,4.5,0.19392,0.3057,0.19266,0.4214
"4159",9.06666666666667,0.555555555555555,-3.88888888888889,4.5,0.18383,0.29078,0.18454,0.4221
"4160",10,0.555555555555555,-3.88888888888889,4.5,0.17542,0.27731,0.17713,0.42041
"4161",1.6,1.66666666666667,-3.88888888888889,4.5,0.37316,0.50227,0.22486,0.12763
"4162",2.53333333333333,1.66666666666667,-3.88888888888889,4.5,0.32117,0.47768,0.2724,0.10121
"4163",3.46666666666667,1.66666666666667,-3.88888888888889,4.5,0.2834,0.43305,0.26464,0.09218
"4164",4.4,1.66666666666667,-3.88888888888889,4.5,0.25687,0.39596,0.24696,0.08785
"4165",5.33333333333333,1.66666666666667,-3.88888888888889,4.5,0.23567,0.36542,0.22864,0.08472
"4166",6.26666666666667,1.66666666666667,-3.88888888888889,4.5,0.21912,0.34127,0.214,0.08169
"4167",7.2,1.66666666666667,-3.88888888888889,4.5,0.20455,0.32125,0.2044,0.08114
"4168",8.13333333333333,1.66666666666667,-3.88888888888889,4.5,0.19292,0.30345,0.1923,0.08094
"4169",9.06666666666667,1.66666666666667,-3.88888888888889,4.5,0.18267,0.28895,0.18155,0.07959
"4170",10,1.66666666666667,-3.88888888888889,4.5,0.17455,0.27563,0.1765,0.07883
"4171",1.6,2.77777777777778,-3.88888888888889,4.5,0.32369,0.35838,0.11547,0.05259
"4172",2.53333333333333,2.77777777777778,-3.88888888888889,4.5,0.30008,0.40694,0.20152,0.0303
"4173",3.46666666666667,2.77777777777778,-3.88888888888889,4.5,0.27306,0.39667,0.2227,0.02445
"4174",4.4,2.77777777777778,-3.88888888888889,4.5,0.24959,0.37457,0.22129,0.02063
"4175",5.33333333333333,2.77777777777778,-3.88888888888889,4.5,0.23075,0.35204,0.21325,0.01904
"4176",6.26666666666667,2.77777777777778,-3.88888888888889,4.5,0.21491,0.33101,0.20437,0.01813
"4177",7.2,2.77777777777778,-3.88888888888889,4.5,0.20216,0.31319,0.19627,0.01726
"4178",8.13333333333333,2.77777777777778,-3.88888888888889,4.5,0.19129,0.29819,0.18582,0.01678
"4179",9.06666666666667,2.77777777777778,-3.88888888888889,4.5,0.18173,0.28467,0.17884,0.01637
"4180",10,2.77777777777778,-3.88888888888889,4.5,0.17337,0.27205,0.1711,0.01595
"4181",1.6,3.88888888888889,-3.88888888888889,4.5,0.27834,0.25007,0.06276,0.02699
"4182",2.53333333333333,3.88888888888889,-3.88888888888889,4.5,0.27288,0.33097,0.14123,0.01178
"4183",3.46666666666667,3.88888888888889,-3.88888888888889,4.5,0.25696,0.34994,0.17961,0.00726
"4184",4.4,3.88888888888889,-3.88888888888889,4.5,0.2396,0.34463,0.19493,0.00574
"4185",5.33333333333333,3.88888888888889,-3.88888888888889,4.5,0.22456,0.33114,0.19329,0.00478
"4186",6.26666666666667,3.88888888888889,-3.88888888888889,4.5,0.21044,0.3172,0.18711,0.00468
"4187",7.2,3.88888888888889,-3.88888888888889,4.5,0.19875,0.30286,0.18437,0.00409
"4188",8.13333333333333,3.88888888888889,-3.88888888888889,4.5,0.18852,0.28894,0.17962,0.00379
"4189",9.06666666666667,3.88888888888889,-3.88888888888889,4.5,0.17959,0.27787,0.17073,0.0036
"4190",10,3.88888888888889,-3.88888888888889,4.5,0.1719,0.26768,0.16492,0.00355
"4191",1.6,5,-3.88888888888889,4.5,0.23845,0.17943,0.03583,0.01614
"4192",2.53333333333333,5,-3.88888888888889,4.5,0.24747,0.2656,0.09749,0.0051
"4193",3.46666666666667,5,-3.88888888888889,4.5,0.24081,0.30175,0.14014,0.00268
"4194",4.4,5,-3.88888888888889,4.5,0.22897,0.31176,0.16321,0.00184
"4195",5.33333333333333,5,-3.88888888888889,4.5,0.21672,0.30843,0.17103,0.00146
"4196",6.26666666666667,5,-3.88888888888889,4.5,0.20545,0.30044,0.17543,0.00123
"4197",7.2,5,-3.88888888888889,4.5,0.19523,0.29045,0.17187,0.00099
"4198",8.13333333333333,5,-3.88888888888889,4.5,0.18648,0.27957,0.16768,0.00116
"4199",9.06666666666667,5,-3.88888888888889,4.5,0.17797,0.26901,0.16443,0.001
"4200",10,5,-3.88888888888889,4.5,0.17018,0.25985,0.16174,8e-04
"4201",1.6,-5,-2.77777777777778,4.5,0.23844,0.17683,0.03568,0.01636
"4202",2.53333333333333,-5,-2.77777777777778,4.5,0.24701,0.26102,0.09687,0.00546
"4203",3.46666666666667,-5,-2.77777777777778,4.5,0.23981,0.29868,0.14093,0.00253
"4204",4.4,-5,-2.77777777777778,4.5,0.22901,0.30778,0.16197,0.0019
"4205",5.33333333333333,-5,-2.77777777777778,4.5,0.21708,0.30595,0.17095,0.00147
"4206",6.26666666666667,-5,-2.77777777777778,4.5,0.206,0.29858,0.17483,0.00126
"4207",7.2,-5,-2.77777777777778,4.5,0.19607,0.28831,0.17039,0.00104
"4208",8.13333333333333,-5,-2.77777777777778,4.5,0.18586,0.2782,0.17056,0.00094
"4209",9.06666666666667,-5,-2.77777777777778,4.5,0.17741,0.26897,0.16364,0.00093
"4210",10,-5,-2.77777777777778,4.5,0.17057,0.25957,0.1591,0.00076
"4211",1.6,-3.88888888888889,-2.77777777777778,4.5,0.27807,0.24648,0.06207,0.02721
"4212",2.53333333333333,-3.88888888888889,-2.77777777777778,4.5,0.27347,0.32712,0.1411,0.01165
"4213",3.46666666666667,-3.88888888888889,-2.77777777777778,4.5,0.25829,0.34522,0.17897,0.00751
"4214",4.4,-3.88888888888889,-2.77777777777778,4.5,0.24028,0.34122,0.19226,0.00575
"4215",5.33333333333333,-3.88888888888889,-2.77777777777778,4.5,0.2246,0.32953,0.19312,0.00469
"4216",6.26666666666667,-3.88888888888889,-2.77777777777778,4.5,0.21085,0.31624,0.18868,0.00457
"4217",7.2,-3.88888888888889,-2.77777777777778,4.5,0.19867,0.30273,0.18347,0.00398
"4218",8.13333333333333,-3.88888888888889,-2.77777777777778,4.5,0.18857,0.2889,0.17919,0.004
"4219",9.06666666666667,-3.88888888888889,-2.77777777777778,4.5,0.17995,0.27707,0.17222,0.00365
"4220",10,-3.88888888888889,-2.77777777777778,4.5,0.172,0.26633,0.16674,0.00342
"4221",1.6,-2.77777777777778,-2.77777777777778,4.5,0.3252,0.35347,0.11631,0.05146
"4222",2.53333333333333,-2.77777777777778,-2.77777777777778,4.5,0.29965,0.40257,0.20024,0.03047
"4223",3.46666666666667,-2.77777777777778,-2.77777777777778,4.5,0.27221,0.39322,0.22284,0.02381
"4224",4.4,-2.77777777777778,-2.77777777777778,4.5,0.24905,0.373,0.22047,0.02113
"4225",5.33333333333333,-2.77777777777778,-2.77777777777778,4.5,0.22997,0.35187,0.21542,0.01878
"4226",6.26666666666667,-2.77777777777778,-2.77777777777778,4.5,0.21439,0.33088,0.20419,0.01841
"4227",7.2,-2.77777777777778,-2.77777777777778,4.5,0.20205,0.3129,0.19465,0.01751
"4228",8.13333333333333,-2.77777777777778,-2.77777777777778,4.5,0.19042,0.29777,0.18555,0.01644
"4229",9.06666666666667,-2.77777777777778,-2.77777777777778,4.5,0.18143,0.28373,0.17949,0.01607
"4230",10,-2.77777777777778,-2.77777777777778,4.5,0.17294,0.27148,0.17157,0.01566
"4231",1.6,-1.66666666666667,-2.77777777777778,4.5,0.37317,0.49764,0.22282,0.12742
"4232",2.53333333333333,-1.66666666666667,-2.77777777777778,4.5,0.32062,0.47521,0.27643,0.10156
"4233",3.46666666666667,-1.66666666666667,-2.77777777777778,4.5,0.28369,0.43331,0.26509,0.09181
"4234",4.4,-1.66666666666667,-2.77777777777778,4.5,0.25568,0.39803,0.24491,0.08729
"4235",5.33333333333333,-1.66666666666667,-2.77777777777778,4.5,0.23364,0.36677,0.22932,0.08369
"4236",6.26666666666667,-1.66666666666667,-2.77777777777778,4.5,0.21692,0.34156,0.2155,0.08283
"4237",7.2,-1.66666666666667,-2.77777777777778,4.5,0.20333,0.31991,0.20334,0.08164
"4238",8.13333333333333,-1.66666666666667,-2.77777777777778,4.5,0.1917,0.30228,0.19043,0.08102
"4239",9.06666666666667,-1.66666666666667,-2.77777777777778,4.5,0.18202,0.28721,0.18215,0.07978
"4240",10,-1.66666666666667,-2.77777777777778,4.5,0.17346,0.27453,0.17403,0.07888
"4241",1.6,-0.555555555555555,-2.77777777777778,4.5,0.40697,0.62622,0.38008,0.44668
"4242",2.53333333333333,-0.555555555555555,-2.77777777777778,4.5,0.33567,0.52346,0.33049,0.43489
"4243",3.46666666666667,-0.555555555555555,-2.77777777777778,4.5,0.29056,0.45548,0.2891,0.42769
"4244",4.4,-0.555555555555555,-2.77777777777778,4.5,0.25914,0.40816,0.25753,0.42592
"4245",5.33333333333333,-0.555555555555555,-2.77777777777778,4.5,0.23637,0.37235,0.23968,0.42435
"4246",6.26666666666667,-0.555555555555555,-2.77777777777778,4.5,0.21922,0.34561,0.22067,0.42385
"4247",7.2,-0.555555555555555,-2.77777777777778,4.5,0.20485,0.32401,0.204,0.4239
"4248",8.13333333333333,-0.555555555555555,-2.77777777777778,4.5,0.19285,0.30606,0.19412,0.42209
"4249",9.06666666666667,-0.555555555555555,-2.77777777777778,4.5,0.18294,0.2898,0.18409,0.42216
"4250",10,-0.555555555555555,-2.77777777777778,4.5,0.17463,0.2764,0.17494,0.42081
"4251",1.6,0.555555555555555,-2.77777777777778,4.5,0.40817,0.62815,0.37743,0.44636
"4252",2.53333333333333,0.555555555555555,-2.77777777777778,4.5,0.33466,0.52348,0.32871,0.43477
"4253",3.46666666666667,0.555555555555555,-2.77777777777778,4.5,0.29112,0.45581,0.2891,0.42908
"4254",4.4,0.555555555555555,-2.77777777777778,4.5,0.26039,0.40888,0.25976,0.42686
"4255",5.33333333333333,0.555555555555555,-2.77777777777778,4.5,0.2378,0.37417,0.2368,0.4253
"4256",6.26666666666667,0.555555555555555,-2.77777777777778,4.5,0.2194,0.34674,0.21953,0.42254
"4257",7.2,0.555555555555555,-2.77777777777778,4.5,0.2056,0.32447,0.20589,0.42147
"4258",8.13333333333333,0.555555555555555,-2.77777777777778,4.5,0.19392,0.3057,0.1952,0.42181
"4259",9.06666666666667,0.555555555555555,-2.77777777777778,4.5,0.18383,0.29078,0.18498,0.42188
"4260",10,0.555555555555555,-2.77777777777778,4.5,0.17542,0.27731,0.17782,0.42155
"4261",1.6,1.66666666666667,-2.77777777777778,4.5,0.37316,0.50227,0.22401,0.12782
"4262",2.53333333333333,1.66666666666667,-2.77777777777778,4.5,0.32117,0.47768,0.27282,0.1023
"4263",3.46666666666667,1.66666666666667,-2.77777777777778,4.5,0.2834,0.43305,0.26268,0.09168
"4264",4.4,1.66666666666667,-2.77777777777778,4.5,0.25687,0.39596,0.2442,0.08731
"4265",5.33333333333333,1.66666666666667,-2.77777777777778,4.5,0.23567,0.36542,0.22862,0.08381
"4266",6.26666666666667,1.66666666666667,-2.77777777777778,4.5,0.21912,0.34127,0.21528,0.08178
"4267",7.2,1.66666666666667,-2.77777777777778,4.5,0.20455,0.32125,0.20189,0.08179
"4268",8.13333333333333,1.66666666666667,-2.77777777777778,4.5,0.19292,0.30345,0.19203,0.08
"4269",9.06666666666667,1.66666666666667,-2.77777777777778,4.5,0.18267,0.28895,0.18209,0.07948
"4270",10,1.66666666666667,-2.77777777777778,4.5,0.17455,0.27563,0.17393,0.07942
"4271",1.6,2.77777777777778,-2.77777777777778,4.5,0.32369,0.35838,0.11844,0.05272
"4272",2.53333333333333,2.77777777777778,-2.77777777777778,4.5,0.30008,0.40694,0.20127,0.03023
"4273",3.46666666666667,2.77777777777778,-2.77777777777778,4.5,0.27306,0.39667,0.22277,0.02432
"4274",4.4,2.77777777777778,-2.77777777777778,4.5,0.24959,0.37457,0.22141,0.02095
"4275",5.33333333333333,2.77777777777778,-2.77777777777778,4.5,0.23075,0.35204,0.2137,0.01932
"4276",6.26666666666667,2.77777777777778,-2.77777777777778,4.5,0.21491,0.33101,0.2034,0.01783
"4277",7.2,2.77777777777778,-2.77777777777778,4.5,0.20216,0.31319,0.19696,0.01709
"4278",8.13333333333333,2.77777777777778,-2.77777777777778,4.5,0.19129,0.29819,0.18592,0.01637
"4279",9.06666666666667,2.77777777777778,-2.77777777777778,4.5,0.18173,0.28467,0.17922,0.01616
"4280",10,2.77777777777778,-2.77777777777778,4.5,0.17337,0.27205,0.17202,0.01561
"4281",1.6,3.88888888888889,-2.77777777777778,4.5,0.27834,0.25007,0.06192,0.0262
"4282",2.53333333333333,3.88888888888889,-2.77777777777778,4.5,0.27288,0.33097,0.1412,0.01176
"4283",3.46666666666667,3.88888888888889,-2.77777777777778,4.5,0.25696,0.34994,0.17757,0.00698
"4284",4.4,3.88888888888889,-2.77777777777778,4.5,0.2396,0.34463,0.19136,0.00566
"4285",5.33333333333333,3.88888888888889,-2.77777777777778,4.5,0.22456,0.33114,0.19427,0.00516
"4286",6.26666666666667,3.88888888888889,-2.77777777777778,4.5,0.21044,0.3172,0.1896,0.00452
"4287",7.2,3.88888888888889,-2.77777777777778,4.5,0.19875,0.30286,0.18423,0.00392
"4288",8.13333333333333,3.88888888888889,-2.77777777777778,4.5,0.18852,0.28894,0.17797,0.00397
"4289",9.06666666666667,3.88888888888889,-2.77777777777778,4.5,0.17959,0.27787,0.17229,0.00321
"4290",10,3.88888888888889,-2.77777777777778,4.5,0.1719,0.26768,0.16613,0.00333
"4291",1.6,5,-2.77777777777778,4.5,0.23845,0.17943,0.03685,0.01621
"4292",2.53333333333333,5,-2.77777777777778,4.5,0.24747,0.2656,0.0985,0.00499
"4293",3.46666666666667,5,-2.77777777777778,4.5,0.24081,0.30175,0.14003,0.00295
"4294",4.4,5,-2.77777777777778,4.5,0.22897,0.31176,0.1618,0.00167
"4295",5.33333333333333,5,-2.77777777777778,4.5,0.21672,0.30843,0.17186,0.00164
"4296",6.26666666666667,5,-2.77777777777778,4.5,0.20545,0.30044,0.17365,0.0012
"4297",7.2,5,-2.77777777777778,4.5,0.19523,0.29045,0.16974,0.00108
"4298",8.13333333333333,5,-2.77777777777778,4.5,0.18648,0.27957,0.16947,0.00093
"4299",9.06666666666667,5,-2.77777777777778,4.5,0.17797,0.26901,0.16482,0.00083
"4300",10,5,-2.77777777777778,4.5,0.17018,0.25985,0.16021,0.00078
"4301",1.6,-5,-1.66666666666667,4.5,0.23844,0.17683,0.03585,0.01608
"4302",2.53333333333333,-5,-1.66666666666667,4.5,0.24701,0.26102,0.0966,0.00501
"4303",3.46666666666667,-5,-1.66666666666667,4.5,0.23981,0.29868,0.13951,0.00261
"4304",4.4,-5,-1.66666666666667,4.5,0.22901,0.30778,0.16098,0.00194
"4305",5.33333333333333,-5,-1.66666666666667,4.5,0.21708,0.30595,0.17137,0.00154
"4306",6.26666666666667,-5,-1.66666666666667,4.5,0.206,0.29858,0.17205,0.00122
"4307",7.2,-5,-1.66666666666667,4.5,0.19607,0.28831,0.1702,0.00086
"4308",8.13333333333333,-5,-1.66666666666667,4.5,0.18586,0.2782,0.16943,0.00106
"4309",9.06666666666667,-5,-1.66666666666667,4.5,0.17741,0.26897,0.16287,0.00095
"4310",10,-5,-1.66666666666667,4.5,0.17057,0.25957,0.16078,0.00075
"4311",1.6,-3.88888888888889,-1.66666666666667,4.5,0.27807,0.24648,0.0614,0.0272
"4312",2.53333333333333,-3.88888888888889,-1.66666666666667,4.5,0.27347,0.32712,0.14007,0.01127
"4313",3.46666666666667,-3.88888888888889,-1.66666666666667,4.5,0.25829,0.34522,0.17917,0.00779
"4314",4.4,-3.88888888888889,-1.66666666666667,4.5,0.24028,0.34122,0.192,0.00567
"4315",5.33333333333333,-3.88888888888889,-1.66666666666667,4.5,0.2246,0.32953,0.19223,0.0049
"4316",6.26666666666667,-3.88888888888889,-1.66666666666667,4.5,0.21085,0.31624,0.19186,0.0046
"4317",7.2,-3.88888888888889,-1.66666666666667,4.5,0.19867,0.30273,0.18344,0.00397
"4318",8.13333333333333,-3.88888888888889,-1.66666666666667,4.5,0.18857,0.2889,0.17811,0.00385
"4319",9.06666666666667,-3.88888888888889,-1.66666666666667,4.5,0.17995,0.27707,0.17143,0.00348
"4320",10,-3.88888888888889,-1.66666666666667,4.5,0.172,0.26633,0.16426,0.00354
"4321",1.6,-2.77777777777778,-1.66666666666667,4.5,0.3252,0.35347,0.11653,0.05375
"4322",2.53333333333333,-2.77777777777778,-1.66666666666667,4.5,0.29965,0.40257,0.20242,0.02981
"4323",3.46666666666667,-2.77777777777778,-1.66666666666667,4.5,0.27221,0.39322,0.22277,0.02371
"4324",4.4,-2.77777777777778,-1.66666666666667,4.5,0.24905,0.373,0.22078,0.02053
"4325",5.33333333333333,-2.77777777777778,-1.66666666666667,4.5,0.22997,0.35187,0.21352,0.01918
"4326",6.26666666666667,-2.77777777777778,-1.66666666666667,4.5,0.21439,0.33088,0.20444,0.0178
"4327",7.2,-2.77777777777778,-1.66666666666667,4.5,0.20205,0.3129,0.19466,0.01758
"4328",8.13333333333333,-2.77777777777778,-1.66666666666667,4.5,0.19042,0.29777,0.18603,0.01645
"4329",9.06666666666667,-2.77777777777778,-1.66666666666667,4.5,0.18143,0.28373,0.17784,0.01619
"4330",10,-2.77777777777778,-1.66666666666667,4.5,0.17294,0.27148,0.17245,0.01569
"4331",1.6,-1.66666666666667,-1.66666666666667,4.5,0.37317,0.49764,0.22197,0.12846
"4332",2.53333333333333,-1.66666666666667,-1.66666666666667,4.5,0.32062,0.47521,0.27513,0.10128
"4333",3.46666666666667,-1.66666666666667,-1.66666666666667,4.5,0.28369,0.43331,0.26313,0.09221
"4334",4.4,-1.66666666666667,-1.66666666666667,4.5,0.25568,0.39803,0.24595,0.08739
"4335",5.33333333333333,-1.66666666666667,-1.66666666666667,4.5,0.23364,0.36677,0.22921,0.08505
"4336",6.26666666666667,-1.66666666666667,-1.66666666666667,4.5,0.21692,0.34156,0.21423,0.08241
"4337",7.2,-1.66666666666667,-1.66666666666667,4.5,0.20333,0.31991,0.201,0.08106
"4338",8.13333333333333,-1.66666666666667,-1.66666666666667,4.5,0.1917,0.30228,0.18991,0.08065
"4339",9.06666666666667,-1.66666666666667,-1.66666666666667,4.5,0.18202,0.28721,0.18089,0.07968
"4340",10,-1.66666666666667,-1.66666666666667,4.5,0.17346,0.27453,0.17406,0.07847
"4341",1.6,-0.555555555555555,-1.66666666666667,4.5,0.40697,0.62622,0.3781,0.44526
"4342",2.53333333333333,-0.555555555555555,-1.66666666666667,4.5,0.33567,0.52346,0.33016,0.43547
"4343",3.46666666666667,-0.555555555555555,-1.66666666666667,4.5,0.29056,0.45548,0.28729,0.42881
"4344",4.4,-0.555555555555555,-1.66666666666667,4.5,0.25914,0.40816,0.26203,0.42595
"4345",5.33333333333333,-0.555555555555555,-1.66666666666667,4.5,0.23637,0.37235,0.23509,0.42474
"4346",6.26666666666667,-0.555555555555555,-1.66666666666667,4.5,0.21922,0.34561,0.21866,0.42321
"4347",7.2,-0.555555555555555,-1.66666666666667,4.5,0.20485,0.32401,0.20815,0.42197
"4348",8.13333333333333,-0.555555555555555,-1.66666666666667,4.5,0.19285,0.30606,0.19361,0.42195
"4349",9.06666666666667,-0.555555555555555,-1.66666666666667,4.5,0.18294,0.2898,0.18399,0.42167
"4350",10,-0.555555555555555,-1.66666666666667,4.5,0.17463,0.2764,0.17732,0.42145
"4351",1.6,0.555555555555555,-1.66666666666667,4.5,0.40817,0.62815,0.38123,0.44777
"4352",2.53333333333333,0.555555555555555,-1.66666666666667,4.5,0.33466,0.52348,0.32821,0.43438
"4353",3.46666666666667,0.555555555555555,-1.66666666666667,4.5,0.29112,0.45581,0.29076,0.42899
"4354",4.4,0.555555555555555,-1.66666666666667,4.5,0.26039,0.40888,0.25914,0.42673
"4355",5.33333333333333,0.555555555555555,-1.66666666666667,4.5,0.2378,0.37417,0.23847,0.42534
"4356",6.26666666666667,0.555555555555555,-1.66666666666667,4.5,0.2194,0.34674,0.21969,0.42343
"4357",7.2,0.555555555555555,-1.66666666666667,4.5,0.2056,0.32447,0.20702,0.42185
"4358",8.13333333333333,0.555555555555555,-1.66666666666667,4.5,0.19392,0.3057,0.19526,0.42238
"4359",9.06666666666667,0.555555555555555,-1.66666666666667,4.5,0.18383,0.29078,0.18513,0.42187
"4360",10,0.555555555555555,-1.66666666666667,4.5,0.17542,0.27731,0.17516,0.42175
"4361",1.6,1.66666666666667,-1.66666666666667,4.5,0.37316,0.50227,0.22526,0.12805
"4362",2.53333333333333,1.66666666666667,-1.66666666666667,4.5,0.32117,0.47768,0.2752,0.10067
"4363",3.46666666666667,1.66666666666667,-1.66666666666667,4.5,0.2834,0.43305,0.26579,0.09279
"4364",4.4,1.66666666666667,-1.66666666666667,4.5,0.25687,0.39596,0.2471,0.08785
"4365",5.33333333333333,1.66666666666667,-1.66666666666667,4.5,0.23567,0.36542,0.22919,0.08416
"4366",6.26666666666667,1.66666666666667,-1.66666666666667,4.5,0.21912,0.34127,0.21357,0.08221
"4367",7.2,1.66666666666667,-1.66666666666667,4.5,0.20455,0.32125,0.20276,0.08189
"4368",8.13333333333333,1.66666666666667,-1.66666666666667,4.5,0.19292,0.30345,0.19264,0.07973
"4369",9.06666666666667,1.66666666666667,-1.66666666666667,4.5,0.18267,0.28895,0.18117,0.08021
"4370",10,1.66666666666667,-1.66666666666667,4.5,0.17455,0.27563,0.17396,0.0793
"4371",1.6,2.77777777777778,-1.66666666666667,4.5,0.32369,0.35838,0.1151,0.05239
"4372",2.53333333333333,2.77777777777778,-1.66666666666667,4.5,0.30008,0.40694,0.20342,0.03138
"4373",3.46666666666667,2.77777777777778,-1.66666666666667,4.5,0.27306,0.39667,0.22413,0.02377
"4374",4.4,2.77777777777778,-1.66666666666667,4.5,0.24959,0.37457,0.22073,0.02132
"4375",5.33333333333333,2.77777777777778,-1.66666666666667,4.5,0.23075,0.35204,0.2117,0.0184
"4376",6.26666666666667,2.77777777777778,-1.66666666666667,4.5,0.21491,0.33101,0.20285,0.01843
"4377",7.2,2.77777777777778,-1.66666666666667,4.5,0.20216,0.31319,0.19508,0.01719
"4378",8.13333333333333,2.77777777777778,-1.66666666666667,4.5,0.19129,0.29819,0.18653,0.01669
"4379",9.06666666666667,2.77777777777778,-1.66666666666667,4.5,0.18173,0.28467,0.17808,0.01606
"4380",10,2.77777777777778,-1.66666666666667,4.5,0.17337,0.27205,0.17032,0.01576
"4381",1.6,3.88888888888889,-1.66666666666667,4.5,0.27834,0.25007,0.06326,0.02677
"4382",2.53333333333333,3.88888888888889,-1.66666666666667,4.5,0.27288,0.33097,0.14152,0.01153
"4383",3.46666666666667,3.88888888888889,-1.66666666666667,4.5,0.25696,0.34994,0.1776,0.00758
"4384",4.4,3.88888888888889,-1.66666666666667,4.5,0.2396,0.34463,0.19086,0.00536
"4385",5.33333333333333,3.88888888888889,-1.66666666666667,4.5,0.22456,0.33114,0.19274,0.00489
"4386",6.26666666666667,3.88888888888889,-1.66666666666667,4.5,0.21044,0.3172,0.18987,0.00421
"4387",7.2,3.88888888888889,-1.66666666666667,4.5,0.19875,0.30286,0.18491,0.00388
"4388",8.13333333333333,3.88888888888889,-1.66666666666667,4.5,0.18852,0.28894,0.17891,0.00397
"4389",9.06666666666667,3.88888888888889,-1.66666666666667,4.5,0.17959,0.27787,0.17144,0.00352
"4390",10,3.88888888888889,-1.66666666666667,4.5,0.1719,0.26768,0.16619,0.00347
"4391",1.6,5,-1.66666666666667,4.5,0.23845,0.17943,0.03546,0.01649
"4392",2.53333333333333,5,-1.66666666666667,4.5,0.24747,0.2656,0.09679,0.00492
"4393",3.46666666666667,5,-1.66666666666667,4.5,0.24081,0.30175,0.14085,0.00274
"4394",4.4,5,-1.66666666666667,4.5,0.22897,0.31176,0.16136,0.00178
"4395",5.33333333333333,5,-1.66666666666667,4.5,0.21672,0.30843,0.17232,0.0015
"4396",6.26666666666667,5,-1.66666666666667,4.5,0.20545,0.30044,0.17328,0.00122
"4397",7.2,5,-1.66666666666667,4.5,0.19523,0.29045,0.17256,0.00105
"4398",8.13333333333333,5,-1.66666666666667,4.5,0.18648,0.27957,0.17006,0.00103
"4399",9.06666666666667,5,-1.66666666666667,4.5,0.17797,0.26901,0.1641,0.00106
"4400",10,5,-1.66666666666667,4.5,0.17018,0.25985,0.16012,8e-04
"4401",1.6,-5,-0.555555555555555,4.5,0.23844,0.17683,0.03622,0.01596
"4402",2.53333333333333,-5,-0.555555555555555,4.5,0.24701,0.26102,0.09642,0.00514
"4403",3.46666666666667,-5,-0.555555555555555,4.5,0.23981,0.29868,0.14107,0.00268
"4404",4.4,-5,-0.555555555555555,4.5,0.22901,0.30778,0.16354,0.00158
"4405",5.33333333333333,-5,-0.555555555555555,4.5,0.21708,0.30595,0.17249,0.00146
"4406",6.26666666666667,-5,-0.555555555555555,4.5,0.206,0.29858,0.17264,0.00124
"4407",7.2,-5,-0.555555555555555,4.5,0.19607,0.28831,0.17111,0.00106
"4408",8.13333333333333,-5,-0.555555555555555,4.5,0.18586,0.2782,0.16955,0.00097
"4409",9.06666666666667,-5,-0.555555555555555,4.5,0.17741,0.26897,0.16417,0.00083
"4410",10,-5,-0.555555555555555,4.5,0.17057,0.25957,0.15934,0.00073
"4411",1.6,-3.88888888888889,-0.555555555555555,4.5,0.27807,0.24648,0.06092,0.02717
"4412",2.53333333333333,-3.88888888888889,-0.555555555555555,4.5,0.27347,0.32712,0.14081,0.01118
"4413",3.46666666666667,-3.88888888888889,-0.555555555555555,4.5,0.25829,0.34522,0.17983,0.0074
"4414",4.4,-3.88888888888889,-0.555555555555555,4.5,0.24028,0.34122,0.19171,0.00592
"4415",5.33333333333333,-3.88888888888889,-0.555555555555555,4.5,0.2246,0.32953,0.19507,0.00461
"4416",6.26666666666667,-3.88888888888889,-0.555555555555555,4.5,0.21085,0.31624,0.1897,0.00465
"4417",7.2,-3.88888888888889,-0.555555555555555,4.5,0.19867,0.30273,0.18459,0.0037
"4418",8.13333333333333,-3.88888888888889,-0.555555555555555,4.5,0.18857,0.2889,0.17695,0.00385
"4419",9.06666666666667,-3.88888888888889,-0.555555555555555,4.5,0.17995,0.27707,0.16988,0.00351
"4420",10,-3.88888888888889,-0.555555555555555,4.5,0.172,0.26633,0.16655,0.00366
"4421",1.6,-2.77777777777778,-0.555555555555555,4.5,0.3252,0.35347,0.11432,0.0532
"4422",2.53333333333333,-2.77777777777778,-0.555555555555555,4.5,0.29965,0.40257,0.20109,0.03033
"4423",3.46666666666667,-2.77777777777778,-0.555555555555555,4.5,0.27221,0.39322,0.22411,0.02437
"4424",4.4,-2.77777777777778,-0.555555555555555,4.5,0.24905,0.373,0.22148,0.02111
"4425",5.33333333333333,-2.77777777777778,-0.555555555555555,4.5,0.22997,0.35187,0.21397,0.01897
"4426",6.26666666666667,-2.77777777777778,-0.555555555555555,4.5,0.21439,0.33088,0.20386,0.01763
"4427",7.2,-2.77777777777778,-0.555555555555555,4.5,0.20205,0.3129,0.1959,0.01738
"4428",8.13333333333333,-2.77777777777778,-0.555555555555555,4.5,0.19042,0.29777,0.18793,0.01679
"4429",9.06666666666667,-2.77777777777778,-0.555555555555555,4.5,0.18143,0.28373,0.17648,0.01615
"4430",10,-2.77777777777778,-0.555555555555555,4.5,0.17294,0.27148,0.1707,0.01518
"4431",1.6,-1.66666666666667,-0.555555555555555,4.5,0.37317,0.49764,0.22357,0.1274
"4432",2.53333333333333,-1.66666666666667,-0.555555555555555,4.5,0.32062,0.47521,0.27364,0.10079
"4433",3.46666666666667,-1.66666666666667,-0.555555555555555,4.5,0.28369,0.43331,0.26265,0.09222
"4434",4.4,-1.66666666666667,-0.555555555555555,4.5,0.25568,0.39803,0.24516,0.0871
"4435",5.33333333333333,-1.66666666666667,-0.555555555555555,4.5,0.23364,0.36677,0.22789,0.08493
"4436",6.26666666666667,-1.66666666666667,-0.555555555555555,4.5,0.21692,0.34156,0.21432,0.08246
"4437",7.2,-1.66666666666667,-0.555555555555555,4.5,0.20333,0.31991,0.20017,0.08164
"4438",8.13333333333333,-1.66666666666667,-0.555555555555555,4.5,0.1917,0.30228,0.19048,0.08064
"4439",9.06666666666667,-1.66666666666667,-0.555555555555555,4.5,0.18202,0.28721,0.1838,0.07921
"4440",10,-1.66666666666667,-0.555555555555555,4.5,0.17346,0.27453,0.17288,0.07933
"4441",1.6,-0.555555555555555,-0.555555555555555,4.5,0.40697,0.62622,0.3788,0.44664
"4442",2.53333333333333,-0.555555555555555,-0.555555555555555,4.5,0.33567,0.52346,0.32862,0.43427
"4443",3.46666666666667,-0.555555555555555,-0.555555555555555,4.5,0.29056,0.45548,0.28721,0.4296
"4444",4.4,-0.555555555555555,-0.555555555555555,4.5,0.25914,0.40816,0.25887,0.42668
"4445",5.33333333333333,-0.555555555555555,-0.555555555555555,4.5,0.23637,0.37235,0.23704,0.42467
"4446",6.26666666666667,-0.555555555555555,-0.555555555555555,4.5,0.21922,0.34561,0.2195,0.42303
"4447",7.2,-0.555555555555555,-0.555555555555555,4.5,0.20485,0.32401,0.20673,0.42202
"4448",8.13333333333333,-0.555555555555555,-0.555555555555555,4.5,0.19285,0.30606,0.19265,0.42163
"4449",9.06666666666667,-0.555555555555555,-0.555555555555555,4.5,0.18294,0.2898,0.18465,0.4213
"4450",10,-0.555555555555555,-0.555555555555555,4.5,0.17463,0.2764,0.17438,0.42152
"4451",1.6,0.555555555555555,-0.555555555555555,4.5,0.40817,0.62815,0.37925,0.44543
"4452",2.53333333333333,0.555555555555555,-0.555555555555555,4.5,0.33466,0.52348,0.33092,0.43368
"4453",3.46666666666667,0.555555555555555,-0.555555555555555,4.5,0.29112,0.45581,0.28719,0.4286
"4454",4.4,0.555555555555555,-0.555555555555555,4.5,0.26039,0.40888,0.25856,0.42565
"4455",5.33333333333333,0.555555555555555,-0.555555555555555,4.5,0.2378,0.37417,0.235,0.42453
"4456",6.26666666666667,0.555555555555555,-0.555555555555555,4.5,0.2194,0.34674,0.21991,0.42397
"4457",7.2,0.555555555555555,-0.555555555555555,4.5,0.2056,0.32447,0.20705,0.4226
"4458",8.13333333333333,0.555555555555555,-0.555555555555555,4.5,0.19392,0.3057,0.19489,0.42235
"4459",9.06666666666667,0.555555555555555,-0.555555555555555,4.5,0.18383,0.29078,0.18472,0.42133
"4460",10,0.555555555555555,-0.555555555555555,4.5,0.17542,0.27731,0.1782,0.42055
"4461",1.6,1.66666666666667,-0.555555555555555,4.5,0.37316,0.50227,0.22281,0.12741
"4462",2.53333333333333,1.66666666666667,-0.555555555555555,4.5,0.32117,0.47768,0.27352,0.10163
"4463",3.46666666666667,1.66666666666667,-0.555555555555555,4.5,0.2834,0.43305,0.26449,0.09209
"4464",4.4,1.66666666666667,-0.555555555555555,4.5,0.25687,0.39596,0.24509,0.08682
"4465",5.33333333333333,1.66666666666667,-0.555555555555555,4.5,0.23567,0.36542,0.23035,0.08475
"4466",6.26666666666667,1.66666666666667,-0.555555555555555,4.5,0.21912,0.34127,0.21408,0.08342
"4467",7.2,1.66666666666667,-0.555555555555555,4.5,0.20455,0.32125,0.20354,0.08259
"4468",8.13333333333333,1.66666666666667,-0.555555555555555,4.5,0.19292,0.30345,0.18913,0.08102
"4469",9.06666666666667,1.66666666666667,-0.555555555555555,4.5,0.18267,0.28895,0.18264,0.0799
"4470",10,1.66666666666667,-0.555555555555555,4.5,0.17455,0.27563,0.17537,0.07953
"4471",1.6,2.77777777777778,-0.555555555555555,4.5,0.32369,0.35838,0.11408,0.05257
"4472",2.53333333333333,2.77777777777778,-0.555555555555555,4.5,0.30008,0.40694,0.20051,0.03017
"4473",3.46666666666667,2.77777777777778,-0.555555555555555,4.5,0.27306,0.39667,0.22296,0.02419
"4474",4.4,2.77777777777778,-0.555555555555555,4.5,0.24959,0.37457,0.22222,0.021
"4475",5.33333333333333,2.77777777777778,-0.555555555555555,4.5,0.23075,0.35204,0.21397,0.01883
"4476",6.26666666666667,2.77777777777778,-0.555555555555555,4.5,0.21491,0.33101,0.20338,0.01786
"4477",7.2,2.77777777777778,-0.555555555555555,4.5,0.20216,0.31319,0.19593,0.01736
"4478",8.13333333333333,2.77777777777778,-0.555555555555555,4.5,0.19129,0.29819,0.18632,0.01645
"4479",9.06666666666667,2.77777777777778,-0.555555555555555,4.5,0.18173,0.28467,0.17796,0.01629
"4480",10,2.77777777777778,-0.555555555555555,4.5,0.17337,0.27205,0.17224,0.01588
"4481",1.6,3.88888888888889,-0.555555555555555,4.5,0.27834,0.25007,0.06182,0.02704
"4482",2.53333333333333,3.88888888888889,-0.555555555555555,4.5,0.27288,0.33097,0.14201,0.01125
"4483",3.46666666666667,3.88888888888889,-0.555555555555555,4.5,0.25696,0.34994,0.1779,0.00754
"4484",4.4,3.88888888888889,-0.555555555555555,4.5,0.2396,0.34463,0.19249,0.00573
"4485",5.33333333333333,3.88888888888889,-0.555555555555555,4.5,0.22456,0.33114,0.19564,0.005
"4486",6.26666666666667,3.88888888888889,-0.555555555555555,4.5,0.21044,0.3172,0.1907,0.00441
"4487",7.2,3.88888888888889,-0.555555555555555,4.5,0.19875,0.30286,0.18313,0.00387
"4488",8.13333333333333,3.88888888888889,-0.555555555555555,4.5,0.18852,0.28894,0.17867,0.0039
"4489",9.06666666666667,3.88888888888889,-0.555555555555555,4.5,0.17959,0.27787,0.17258,0.00389
"4490",10,3.88888888888889,-0.555555555555555,4.5,0.1719,0.26768,0.16874,0.00335
"4491",1.6,5,-0.555555555555555,4.5,0.23845,0.17943,0.03645,0.0158
"4492",2.53333333333333,5,-0.555555555555555,4.5,0.24747,0.2656,0.09661,0.00502
"4493",3.46666666666667,5,-0.555555555555555,4.5,0.24081,0.30175,0.14083,0.00267
"4494",4.4,5,-0.555555555555555,4.5,0.22897,0.31176,0.16198,0.00185
"4495",5.33333333333333,5,-0.555555555555555,4.5,0.21672,0.30843,0.17326,0.00157
"4496",6.26666666666667,5,-0.555555555555555,4.5,0.20545,0.30044,0.17468,0.00124
"4497",7.2,5,-0.555555555555555,4.5,0.19523,0.29045,0.17084,0.00103
"4498",8.13333333333333,5,-0.555555555555555,4.5,0.18648,0.27957,0.1703,0.00086
"4499",9.06666666666667,5,-0.555555555555555,4.5,0.17797,0.26901,0.16512,0.00082
"4500",10,5,-0.555555555555555,4.5,0.17018,0.25985,0.15989,0.00093
"4501",1.6,-5,0.555555555555555,4.5,0.23844,0.17683,0.03578,0.01638
"4502",2.53333333333333,-5,0.555555555555555,4.5,0.24701,0.26102,0.09807,0.00502
"4503",3.46666666666667,-5,0.555555555555555,4.5,0.23981,0.29868,0.13863,0.00263
"4504",4.4,-5,0.555555555555555,4.5,0.22901,0.30778,0.1618,0.00178
"4505",5.33333333333333,-5,0.555555555555555,4.5,0.21708,0.30595,0.16815,0.00128
"4506",6.26666666666667,-5,0.555555555555555,4.5,0.206,0.29858,0.17296,0.00123
"4507",7.2,-5,0.555555555555555,4.5,0.19607,0.28831,0.1716,0.00114
"4508",8.13333333333333,-5,0.555555555555555,4.5,0.18586,0.2782,0.16578,0.0011
"4509",9.06666666666667,-5,0.555555555555555,4.5,0.17741,0.26897,0.16288,0.001
"4510",10,-5,0.555555555555555,4.5,0.17057,0.25957,0.16045,0.00078
"4511",1.6,-3.88888888888889,0.555555555555555,4.5,0.27807,0.24648,0.06233,0.02644
"4512",2.53333333333333,-3.88888888888889,0.555555555555555,4.5,0.27347,0.32712,0.14201,0.01145
"4513",3.46666666666667,-3.88888888888889,0.555555555555555,4.5,0.25829,0.34522,0.18037,0.00716
"4514",4.4,-3.88888888888889,0.555555555555555,4.5,0.24028,0.34122,0.19171,0.00574
"4515",5.33333333333333,-3.88888888888889,0.555555555555555,4.5,0.2246,0.32953,0.19089,0.00501
"4516",6.26666666666667,-3.88888888888889,0.555555555555555,4.5,0.21085,0.31624,0.18873,0.00452
"4517",7.2,-3.88888888888889,0.555555555555555,4.5,0.19867,0.30273,0.18523,0.00384
"4518",8.13333333333333,-3.88888888888889,0.555555555555555,4.5,0.18857,0.2889,0.17614,0.00384
"4519",9.06666666666667,-3.88888888888889,0.555555555555555,4.5,0.17995,0.27707,0.17015,0.00353
"4520",10,-3.88888888888889,0.555555555555555,4.5,0.172,0.26633,0.16931,0.00339
"4521",1.6,-2.77777777777778,0.555555555555555,4.5,0.3252,0.35347,0.11802,0.05236
"4522",2.53333333333333,-2.77777777777778,0.555555555555555,4.5,0.29965,0.40257,0.1995,0.03178
"4523",3.46666666666667,-2.77777777777778,0.555555555555555,4.5,0.27221,0.39322,0.22366,0.02413
"4524",4.4,-2.77777777777778,0.555555555555555,4.5,0.24905,0.373,0.22221,0.02113
"4525",5.33333333333333,-2.77777777777778,0.555555555555555,4.5,0.22997,0.35187,0.21301,0.01902
"4526",6.26666666666667,-2.77777777777778,0.555555555555555,4.5,0.21439,0.33088,0.20236,0.01782
"4527",7.2,-2.77777777777778,0.555555555555555,4.5,0.20205,0.3129,0.19444,0.01721
"4528",8.13333333333333,-2.77777777777778,0.555555555555555,4.5,0.19042,0.29777,0.18509,0.01695
"4529",9.06666666666667,-2.77777777777778,0.555555555555555,4.5,0.18143,0.28373,0.17874,0.01651
"4530",10,-2.77777777777778,0.555555555555555,4.5,0.17294,0.27148,0.16898,0.0157
"4531",1.6,-1.66666666666667,0.555555555555555,4.5,0.37317,0.49764,0.22516,0.1278
"4532",2.53333333333333,-1.66666666666667,0.555555555555555,4.5,0.32062,0.47521,0.2762,0.10157
"4533",3.46666666666667,-1.66666666666667,0.555555555555555,4.5,0.28369,0.43331,0.26277,0.09202
"4534",4.4,-1.66666666666667,0.555555555555555,4.5,0.25568,0.39803,0.24567,0.08707
"4535",5.33333333333333,-1.66666666666667,0.555555555555555,4.5,0.23364,0.36677,0.22943,0.08436
"4536",6.26666666666667,-1.66666666666667,0.555555555555555,4.5,0.21692,0.34156,0.21527,0.08309
"4537",7.2,-1.66666666666667,0.555555555555555,4.5,0.20333,0.31991,0.20211,0.08122
"4538",8.13333333333333,-1.66666666666667,0.555555555555555,4.5,0.1917,0.30228,0.19263,0.07983
"4539",9.06666666666667,-1.66666666666667,0.555555555555555,4.5,0.18202,0.28721,0.18249,0.07973
"4540",10,-1.66666666666667,0.555555555555555,4.5,0.17346,0.27453,0.17385,0.0792
"4541",1.6,-0.555555555555555,0.555555555555555,4.5,0.40697,0.62622,0.37796,0.44586
"4542",2.53333333333333,-0.555555555555555,0.555555555555555,4.5,0.33567,0.52346,0.32815,0.43272
"4543",3.46666666666667,-0.555555555555555,0.555555555555555,4.5,0.29056,0.45548,0.29166,0.42947
"4544",4.4,-0.555555555555555,0.555555555555555,4.5,0.25914,0.40816,0.25958,0.42502
"4545",5.33333333333333,-0.555555555555555,0.555555555555555,4.5,0.23637,0.37235,0.23435,0.42531
"4546",6.26666666666667,-0.555555555555555,0.555555555555555,4.5,0.21922,0.34561,0.21999,0.42305
"4547",7.2,-0.555555555555555,0.555555555555555,4.5,0.20485,0.32401,0.20612,0.42207
"4548",8.13333333333333,-0.555555555555555,0.555555555555555,4.5,0.19285,0.30606,0.19528,0.42311
"4549",9.06666666666667,-0.555555555555555,0.555555555555555,4.5,0.18294,0.2898,0.18501,0.42173
"4550",10,-0.555555555555555,0.555555555555555,4.5,0.17463,0.2764,0.17818,0.42001
"4551",1.6,0.555555555555555,0.555555555555555,4.5,0.40817,0.62815,0.37877,0.44713
"4552",2.53333333333333,0.555555555555555,0.555555555555555,4.5,0.33466,0.52348,0.32723,0.43453
"4553",3.46666666666667,0.555555555555555,0.555555555555555,4.5,0.29112,0.45581,0.28812,0.42917
"4554",4.4,0.555555555555555,0.555555555555555,4.5,0.26039,0.40888,0.26171,0.42682
"4555",5.33333333333333,0.555555555555555,0.555555555555555,4.5,0.2378,0.37417,0.23559,0.42506
"4556",6.26666666666667,0.555555555555555,0.555555555555555,4.5,0.2194,0.34674,0.22215,0.42341
"4557",7.2,0.555555555555555,0.555555555555555,4.5,0.2056,0.32447,0.20536,0.42359
"4558",8.13333333333333,0.555555555555555,0.555555555555555,4.5,0.19392,0.3057,0.19415,0.42184
"4559",9.06666666666667,0.555555555555555,0.555555555555555,4.5,0.18383,0.29078,0.18493,0.42246
"4560",10,0.555555555555555,0.555555555555555,4.5,0.17542,0.27731,0.17959,0.42106
"4561",1.6,1.66666666666667,0.555555555555555,4.5,0.37316,0.50227,0.22216,0.12679
"4562",2.53333333333333,1.66666666666667,0.555555555555555,4.5,0.32117,0.47768,0.27436,0.10192
"4563",3.46666666666667,1.66666666666667,0.555555555555555,4.5,0.2834,0.43305,0.26258,0.09205
"4564",4.4,1.66666666666667,0.555555555555555,4.5,0.25687,0.39596,0.24505,0.08678
"4565",5.33333333333333,1.66666666666667,0.555555555555555,4.5,0.23567,0.36542,0.2306,0.08481
"4566",6.26666666666667,1.66666666666667,0.555555555555555,4.5,0.21912,0.34127,0.21715,0.08259
"4567",7.2,1.66666666666667,0.555555555555555,4.5,0.20455,0.32125,0.19919,0.08152
"4568",8.13333333333333,1.66666666666667,0.555555555555555,4.5,0.19292,0.30345,0.19287,0.0802
"4569",9.06666666666667,1.66666666666667,0.555555555555555,4.5,0.18267,0.28895,0.18347,0.08039
"4570",10,1.66666666666667,0.555555555555555,4.5,0.17455,0.27563,0.17422,0.07836
"4571",1.6,2.77777777777778,0.555555555555555,4.5,0.32369,0.35838,0.11541,0.05202
"4572",2.53333333333333,2.77777777777778,0.555555555555555,4.5,0.30008,0.40694,0.20309,0.03002
"4573",3.46666666666667,2.77777777777778,0.555555555555555,4.5,0.27306,0.39667,0.22108,0.02436
"4574",4.4,2.77777777777778,0.555555555555555,4.5,0.24959,0.37457,0.22399,0.02095
"4575",5.33333333333333,2.77777777777778,0.555555555555555,4.5,0.23075,0.35204,0.2111,0.01947
"4576",6.26666666666667,2.77777777777778,0.555555555555555,4.5,0.21491,0.33101,0.20373,0.01783
"4577",7.2,2.77777777777778,0.555555555555555,4.5,0.20216,0.31319,0.19439,0.01729
"4578",8.13333333333333,2.77777777777778,0.555555555555555,4.5,0.19129,0.29819,0.18603,0.01625
"4579",9.06666666666667,2.77777777777778,0.555555555555555,4.5,0.18173,0.28467,0.1795,0.0162
"4580",10,2.77777777777778,0.555555555555555,4.5,0.17337,0.27205,0.17348,0.01584
"4581",1.6,3.88888888888889,0.555555555555555,4.5,0.27834,0.25007,0.06373,0.02737
"4582",2.53333333333333,3.88888888888889,0.555555555555555,4.5,0.27288,0.33097,0.14066,0.0118
"4583",3.46666666666667,3.88888888888889,0.555555555555555,4.5,0.25696,0.34994,0.17977,0.00778
"4584",4.4,3.88888888888889,0.555555555555555,4.5,0.2396,0.34463,0.19145,0.00599
"4585",5.33333333333333,3.88888888888889,0.555555555555555,4.5,0.22456,0.33114,0.19389,0.00513
"4586",6.26666666666667,3.88888888888889,0.555555555555555,4.5,0.21044,0.3172,0.18842,0.00434
"4587",7.2,3.88888888888889,0.555555555555555,4.5,0.19875,0.30286,0.18488,0.00372
"4588",8.13333333333333,3.88888888888889,0.555555555555555,4.5,0.18852,0.28894,0.17778,0.00357
"4589",9.06666666666667,3.88888888888889,0.555555555555555,4.5,0.17959,0.27787,0.17167,0.00378
"4590",10,3.88888888888889,0.555555555555555,4.5,0.1719,0.26768,0.16548,0.00341
"4591",1.6,5,0.555555555555555,4.5,0.23845,0.17943,0.03607,0.01658
"4592",2.53333333333333,5,0.555555555555555,4.5,0.24747,0.2656,0.096,0.00491
"4593",3.46666666666667,5,0.555555555555555,4.5,0.24081,0.30175,0.13931,0.00248
"4594",4.4,5,0.555555555555555,4.5,0.22897,0.31176,0.15908,0.00184
"4595",5.33333333333333,5,0.555555555555555,4.5,0.21672,0.30843,0.17185,0.0016
"4596",6.26666666666667,5,0.555555555555555,4.5,0.20545,0.30044,0.17401,0.00104
"4597",7.2,5,0.555555555555555,4.5,0.19523,0.29045,0.17179,0.00125
"4598",8.13333333333333,5,0.555555555555555,4.5,0.18648,0.27957,0.16728,0.00089
"4599",9.06666666666667,5,0.555555555555555,4.5,0.17797,0.26901,0.16307,0.00076
"4600",10,5,0.555555555555555,4.5,0.17018,0.25985,0.16037,0.00076
"4601",1.6,-5,1.66666666666667,4.5,0.23844,0.17683,0.03515,0.01632
"4602",2.53333333333333,-5,1.66666666666667,4.5,0.24701,0.26102,0.09618,0.00553
"4603",3.46666666666667,-5,1.66666666666667,4.5,0.23981,0.29868,0.13753,0.00277
"4604",4.4,-5,1.66666666666667,4.5,0.22901,0.30778,0.16133,0.00196
"4605",5.33333333333333,-5,1.66666666666667,4.5,0.21708,0.30595,0.17123,0.00127
"4606",6.26666666666667,-5,1.66666666666667,4.5,0.206,0.29858,0.17451,0.00128
"4607",7.2,-5,1.66666666666667,4.5,0.19607,0.28831,0.16988,0.00105
"4608",8.13333333333333,-5,1.66666666666667,4.5,0.18586,0.2782,0.17094,9e-04
"4609",9.06666666666667,-5,1.66666666666667,4.5,0.17741,0.26897,0.16517,9e-04
"4610",10,-5,1.66666666666667,4.5,0.17057,0.25957,0.15888,0.00091
"4611",1.6,-3.88888888888889,1.66666666666667,4.5,0.27807,0.24648,0.06176,0.02771
"4612",2.53333333333333,-3.88888888888889,1.66666666666667,4.5,0.27347,0.32712,0.1405,0.01165
"4613",3.46666666666667,-3.88888888888889,1.66666666666667,4.5,0.25829,0.34522,0.17968,0.00734
"4614",4.4,-3.88888888888889,1.66666666666667,4.5,0.24028,0.34122,0.18998,0.00572
"4615",5.33333333333333,-3.88888888888889,1.66666666666667,4.5,0.2246,0.32953,0.19323,0.00513
"4616",6.26666666666667,-3.88888888888889,1.66666666666667,4.5,0.21085,0.31624,0.18891,0.00446
"4617",7.2,-3.88888888888889,1.66666666666667,4.5,0.19867,0.30273,0.18362,0.0042
"4618",8.13333333333333,-3.88888888888889,1.66666666666667,4.5,0.18857,0.2889,0.17864,0.00385
"4619",9.06666666666667,-3.88888888888889,1.66666666666667,4.5,0.17995,0.27707,0.17123,0.00361
"4620",10,-3.88888888888889,1.66666666666667,4.5,0.172,0.26633,0.16483,0.00347
"4621",1.6,-2.77777777777778,1.66666666666667,4.5,0.3252,0.35347,0.11577,0.05294
"4622",2.53333333333333,-2.77777777777778,1.66666666666667,4.5,0.29965,0.40257,0.20246,0.03049
"4623",3.46666666666667,-2.77777777777778,1.66666666666667,4.5,0.27221,0.39322,0.22386,0.02448
"4624",4.4,-2.77777777777778,1.66666666666667,4.5,0.24905,0.373,0.22051,0.02102
"4625",5.33333333333333,-2.77777777777778,1.66666666666667,4.5,0.22997,0.35187,0.21233,0.01875
"4626",6.26666666666667,-2.77777777777778,1.66666666666667,4.5,0.21439,0.33088,0.20506,0.0177
"4627",7.2,-2.77777777777778,1.66666666666667,4.5,0.20205,0.3129,0.19535,0.01709
"4628",8.13333333333333,-2.77777777777778,1.66666666666667,4.5,0.19042,0.29777,0.18663,0.01663
"4629",9.06666666666667,-2.77777777777778,1.66666666666667,4.5,0.18143,0.28373,0.17976,0.01602
"4630",10,-2.77777777777778,1.66666666666667,4.5,0.17294,0.27148,0.17181,0.01538
"4631",1.6,-1.66666666666667,1.66666666666667,4.5,0.37317,0.49764,0.22382,0.12772
"4632",2.53333333333333,-1.66666666666667,1.66666666666667,4.5,0.32062,0.47521,0.27546,0.10213
"4633",3.46666666666667,-1.66666666666667,1.66666666666667,4.5,0.28369,0.43331,0.26356,0.09159
"4634",4.4,-1.66666666666667,1.66666666666667,4.5,0.25568,0.39803,0.24438,0.08817
"4635",5.33333333333333,-1.66666666666667,1.66666666666667,4.5,0.23364,0.36677,0.23073,0.08481
"4636",6.26666666666667,-1.66666666666667,1.66666666666667,4.5,0.21692,0.34156,0.21418,0.08326
"4637",7.2,-1.66666666666667,1.66666666666667,4.5,0.20333,0.31991,0.20421,0.08153
"4638",8.13333333333333,-1.66666666666667,1.66666666666667,4.5,0.1917,0.30228,0.192,0.08007
"4639",9.06666666666667,-1.66666666666667,1.66666666666667,4.5,0.18202,0.28721,0.18026,0.07948
"4640",10,-1.66666666666667,1.66666666666667,4.5,0.17346,0.27453,0.1734,0.07905
"4641",1.6,-0.555555555555555,1.66666666666667,4.5,0.40697,0.62622,0.37944,0.44654
"4642",2.53333333333333,-0.555555555555555,1.66666666666667,4.5,0.33567,0.52346,0.32828,0.43358
"4643",3.46666666666667,-0.555555555555555,1.66666666666667,4.5,0.29056,0.45548,0.28982,0.42834
"4644",4.4,-0.555555555555555,1.66666666666667,4.5,0.25914,0.40816,0.25785,0.42596
"4645",5.33333333333333,-0.555555555555555,1.66666666666667,4.5,0.23637,0.37235,0.23984,0.42601
"4646",6.26666666666667,-0.555555555555555,1.66666666666667,4.5,0.21922,0.34561,0.21941,0.42264
"4647",7.2,-0.555555555555555,1.66666666666667,4.5,0.20485,0.32401,0.20582,0.42228
"4648",8.13333333333333,-0.555555555555555,1.66666666666667,4.5,0.19285,0.30606,0.19436,0.42149
"4649",9.06666666666667,-0.555555555555555,1.66666666666667,4.5,0.18294,0.2898,0.18448,0.42171
"4650",10,-0.555555555555555,1.66666666666667,4.5,0.17463,0.2764,0.17543,0.42059
"4651",1.6,0.555555555555555,1.66666666666667,4.5,0.40817,0.62815,0.3747,0.44777
"4652",2.53333333333333,0.555555555555555,1.66666666666667,4.5,0.33466,0.52348,0.32737,0.43542
"4653",3.46666666666667,0.555555555555555,1.66666666666667,4.5,0.29112,0.45581,0.28901,0.42903
"4654",4.4,0.555555555555555,1.66666666666667,4.5,0.26039,0.40888,0.2588,0.42642
"4655",5.33333333333333,0.555555555555555,1.66666666666667,4.5,0.2378,0.37417,0.23532,0.42519
"4656",6.26666666666667,0.555555555555555,1.66666666666667,4.5,0.2194,0.34674,0.22154,0.42289
"4657",7.2,0.555555555555555,1.66666666666667,4.5,0.2056,0.32447,0.20579,0.42144
"4658",8.13333333333333,0.555555555555555,1.66666666666667,4.5,0.19392,0.3057,0.19628,0.42217
"4659",9.06666666666667,0.555555555555555,1.66666666666667,4.5,0.18383,0.29078,0.18516,0.42195
"4660",10,0.555555555555555,1.66666666666667,4.5,0.17542,0.27731,0.17389,0.42145
"4661",1.6,1.66666666666667,1.66666666666667,4.5,0.37316,0.50227,0.22354,0.12856
"4662",2.53333333333333,1.66666666666667,1.66666666666667,4.5,0.32117,0.47768,0.2728,0.10088
"4663",3.46666666666667,1.66666666666667,1.66666666666667,4.5,0.2834,0.43305,0.265,0.09293
"4664",4.4,1.66666666666667,1.66666666666667,4.5,0.25687,0.39596,0.24404,0.08678
"4665",5.33333333333333,1.66666666666667,1.66666666666667,4.5,0.23567,0.36542,0.22758,0.08441
"4666",6.26666666666667,1.66666666666667,1.66666666666667,4.5,0.21912,0.34127,0.21443,0.08257
"4667",7.2,1.66666666666667,1.66666666666667,4.5,0.20455,0.32125,0.20409,0.08148
"4668",8.13333333333333,1.66666666666667,1.66666666666667,4.5,0.19292,0.30345,0.19341,0.08025
"4669",9.06666666666667,1.66666666666667,1.66666666666667,4.5,0.18267,0.28895,0.18278,0.07985
"4670",10,1.66666666666667,1.66666666666667,4.5,0.17455,0.27563,0.17468,0.07887
"4671",1.6,2.77777777777778,1.66666666666667,4.5,0.32369,0.35838,0.11591,0.05151
"4672",2.53333333333333,2.77777777777778,1.66666666666667,4.5,0.30008,0.40694,0.20225,0.03008
"4673",3.46666666666667,2.77777777777778,1.66666666666667,4.5,0.27306,0.39667,0.22182,0.02387
"4674",4.4,2.77777777777778,1.66666666666667,4.5,0.24959,0.37457,0.22277,0.02119
"4675",5.33333333333333,2.77777777777778,1.66666666666667,4.5,0.23075,0.35204,0.21512,0.01958
"4676",6.26666666666667,2.77777777777778,1.66666666666667,4.5,0.21491,0.33101,0.20641,0.01772
"4677",7.2,2.77777777777778,1.66666666666667,4.5,0.20216,0.31319,0.19592,0.01712
"4678",8.13333333333333,2.77777777777778,1.66666666666667,4.5,0.19129,0.29819,0.18509,0.01712
"4679",9.06666666666667,2.77777777777778,1.66666666666667,4.5,0.18173,0.28467,0.17693,0.01602
"4680",10,2.77777777777778,1.66666666666667,4.5,0.17337,0.27205,0.17109,0.01546
"4681",1.6,3.88888888888889,1.66666666666667,4.5,0.27834,0.25007,0.06106,0.0273
"4682",2.53333333333333,3.88888888888889,1.66666666666667,4.5,0.27288,0.33097,0.14022,0.01179
"4683",3.46666666666667,3.88888888888889,1.66666666666667,4.5,0.25696,0.34994,0.17984,0.00747
"4684",4.4,3.88888888888889,1.66666666666667,4.5,0.2396,0.34463,0.19168,0.00547
"4685",5.33333333333333,3.88888888888889,1.66666666666667,4.5,0.22456,0.33114,0.19604,0.00501
"4686",6.26666666666667,3.88888888888889,1.66666666666667,4.5,0.21044,0.3172,0.18942,0.00441
"4687",7.2,3.88888888888889,1.66666666666667,4.5,0.19875,0.30286,0.18601,0.00415
"4688",8.13333333333333,3.88888888888889,1.66666666666667,4.5,0.18852,0.28894,0.17947,0.0038
"4689",9.06666666666667,3.88888888888889,1.66666666666667,4.5,0.17959,0.27787,0.17175,0.00371
"4690",10,3.88888888888889,1.66666666666667,4.5,0.1719,0.26768,0.16533,0.00357
"4691",1.6,5,1.66666666666667,4.5,0.23845,0.17943,0.03491,0.01563
"4692",2.53333333333333,5,1.66666666666667,4.5,0.24747,0.2656,0.09615,0.00496
"4693",3.46666666666667,5,1.66666666666667,4.5,0.24081,0.30175,0.14073,0.00263
"4694",4.4,5,1.66666666666667,4.5,0.22897,0.31176,0.1641,0.00177
"4695",5.33333333333333,5,1.66666666666667,4.5,0.21672,0.30843,0.17009,0.00151
"4696",6.26666666666667,5,1.66666666666667,4.5,0.20545,0.30044,0.17242,0.00121
"4697",7.2,5,1.66666666666667,4.5,0.19523,0.29045,0.17266,0.00117
"4698",8.13333333333333,5,1.66666666666667,4.5,0.18648,0.27957,0.17005,0.00097
"4699",9.06666666666667,5,1.66666666666667,4.5,0.17797,0.26901,0.16439,0.00096
"4700",10,5,1.66666666666667,4.5,0.17018,0.25985,0.16136,0.00089
"4701",1.6,-5,2.77777777777778,4.5,0.23844,0.17683,0.03548,0.01526
"4702",2.53333333333333,-5,2.77777777777778,4.5,0.24701,0.26102,0.09489,0.00485
"4703",3.46666666666667,-5,2.77777777777778,4.5,0.23981,0.29868,0.14021,0.00275
"4704",4.4,-5,2.77777777777778,4.5,0.22901,0.30778,0.16103,0.00183
"4705",5.33333333333333,-5,2.77777777777778,4.5,0.21708,0.30595,0.17071,0.00146
"4706",6.26666666666667,-5,2.77777777777778,4.5,0.206,0.29858,0.17276,0.00119
"4707",7.2,-5,2.77777777777778,4.5,0.19607,0.28831,0.17092,0.00118
"4708",8.13333333333333,-5,2.77777777777778,4.5,0.18586,0.2782,0.16738,0.00105
"4709",9.06666666666667,-5,2.77777777777778,4.5,0.17741,0.26897,0.16483,0.00111
"4710",10,-5,2.77777777777778,4.5,0.17057,0.25957,0.16013,0.00084
"4711",1.6,-3.88888888888889,2.77777777777778,4.5,0.27807,0.24648,0.06276,0.02694
"4712",2.53333333333333,-3.88888888888889,2.77777777777778,4.5,0.27347,0.32712,0.13987,0.01144
"4713",3.46666666666667,-3.88888888888889,2.77777777777778,4.5,0.25829,0.34522,0.17933,0.00725
"4714",4.4,-3.88888888888889,2.77777777777778,4.5,0.24028,0.34122,0.1922,0.00579
"4715",5.33333333333333,-3.88888888888889,2.77777777777778,4.5,0.2246,0.32953,0.19454,0.00477
"4716",6.26666666666667,-3.88888888888889,2.77777777777778,4.5,0.21085,0.31624,0.18961,0.0041
"4717",7.2,-3.88888888888889,2.77777777777778,4.5,0.19867,0.30273,0.18617,0.00389
"4718",8.13333333333333,-3.88888888888889,2.77777777777778,4.5,0.18857,0.2889,0.17957,0.00369
"4719",9.06666666666667,-3.88888888888889,2.77777777777778,4.5,0.17995,0.27707,0.17212,0.00356
"4720",10,-3.88888888888889,2.77777777777778,4.5,0.172,0.26633,0.16642,0.00343
"4721",1.6,-2.77777777777778,2.77777777777778,4.5,0.3252,0.35347,0.11508,0.05144
"4722",2.53333333333333,-2.77777777777778,2.77777777777778,4.5,0.29965,0.40257,0.20254,0.03057
"4723",3.46666666666667,-2.77777777777778,2.77777777777778,4.5,0.27221,0.39322,0.22158,0.02393
"4724",4.4,-2.77777777777778,2.77777777777778,4.5,0.24905,0.373,0.22097,0.02043
"4725",5.33333333333333,-2.77777777777778,2.77777777777778,4.5,0.22997,0.35187,0.21379,0.0198
"4726",6.26666666666667,-2.77777777777778,2.77777777777778,4.5,0.21439,0.33088,0.20358,0.01787
"4727",7.2,-2.77777777777778,2.77777777777778,4.5,0.20205,0.3129,0.19405,0.01705
"4728",8.13333333333333,-2.77777777777778,2.77777777777778,4.5,0.19042,0.29777,0.18629,0.01666
"4729",9.06666666666667,-2.77777777777778,2.77777777777778,4.5,0.18143,0.28373,0.17761,0.01608
"4730",10,-2.77777777777778,2.77777777777778,4.5,0.17294,0.27148,0.17034,0.0154
"4731",1.6,-1.66666666666667,2.77777777777778,4.5,0.37317,0.49764,0.22174,0.12808
"4732",2.53333333333333,-1.66666666666667,2.77777777777778,4.5,0.32062,0.47521,0.27249,0.10019
"4733",3.46666666666667,-1.66666666666667,2.77777777777778,4.5,0.28369,0.43331,0.26502,0.09165
"4734",4.4,-1.66666666666667,2.77777777777778,4.5,0.25568,0.39803,0.24611,0.08775
"4735",5.33333333333333,-1.66666666666667,2.77777777777778,4.5,0.23364,0.36677,0.22856,0.0839
"4736",6.26666666666667,-1.66666666666667,2.77777777777778,4.5,0.21692,0.34156,0.21564,0.08269
"4737",7.2,-1.66666666666667,2.77777777777778,4.5,0.20333,0.31991,0.20095,0.08161
"4738",8.13333333333333,-1.66666666666667,2.77777777777778,4.5,0.1917,0.30228,0.19171,0.08045
"4739",9.06666666666667,-1.66666666666667,2.77777777777778,4.5,0.18202,0.28721,0.18204,0.08032
"4740",10,-1.66666666666667,2.77777777777778,4.5,0.17346,0.27453,0.17284,0.07882
"4741",1.6,-0.555555555555555,2.77777777777778,4.5,0.40697,0.62622,0.37629,0.44498
"4742",2.53333333333333,-0.555555555555555,2.77777777777778,4.5,0.33567,0.52346,0.33006,0.4344
"4743",3.46666666666667,-0.555555555555555,2.77777777777778,4.5,0.29056,0.45548,0.28841,0.42889
"4744",4.4,-0.555555555555555,2.77777777777778,4.5,0.25914,0.40816,0.25984,0.42561
"4745",5.33333333333333,-0.555555555555555,2.77777777777778,4.5,0.23637,0.37235,0.23585,0.42482
"4746",6.26666666666667,-0.555555555555555,2.77777777777778,4.5,0.21922,0.34561,0.22218,0.42304
"4747",7.2,-0.555555555555555,2.77777777777778,4.5,0.20485,0.32401,0.20635,0.42409
"4748",8.13333333333333,-0.555555555555555,2.77777777777778,4.5,0.19285,0.30606,0.19403,0.42145
"4749",9.06666666666667,-0.555555555555555,2.77777777777778,4.5,0.18294,0.2898,0.18471,0.42197
"4750",10,-0.555555555555555,2.77777777777778,4.5,0.17463,0.2764,0.17666,0.42102
"4751",1.6,0.555555555555555,2.77777777777778,4.5,0.40817,0.62815,0.37697,0.44567
"4752",2.53333333333333,0.555555555555555,2.77777777777778,4.5,0.33466,0.52348,0.33108,0.43364
"4753",3.46666666666667,0.555555555555555,2.77777777777778,4.5,0.29112,0.45581,0.28833,0.42838
"4754",4.4,0.555555555555555,2.77777777777778,4.5,0.26039,0.40888,0.26126,0.42628
"4755",5.33333333333333,0.555555555555555,2.77777777777778,4.5,0.2378,0.37417,0.23708,0.42557
"4756",6.26666666666667,0.555555555555555,2.77777777777778,4.5,0.2194,0.34674,0.2208,0.42317
"4757",7.2,0.555555555555555,2.77777777777778,4.5,0.2056,0.32447,0.20664,0.42263
"4758",8.13333333333333,0.555555555555555,2.77777777777778,4.5,0.19392,0.3057,0.19422,0.4227
"4759",9.06666666666667,0.555555555555555,2.77777777777778,4.5,0.18383,0.29078,0.18489,0.42215
"4760",10,0.555555555555555,2.77777777777778,4.5,0.17542,0.27731,0.17712,0.4213
"4761",1.6,1.66666666666667,2.77777777777778,4.5,0.37316,0.50227,0.22371,0.12785
"4762",2.53333333333333,1.66666666666667,2.77777777777778,4.5,0.32117,0.47768,0.27466,0.10148
"4763",3.46666666666667,1.66666666666667,2.77777777777778,4.5,0.2834,0.43305,0.26417,0.09238
"4764",4.4,1.66666666666667,2.77777777777778,4.5,0.25687,0.39596,0.24518,0.08697
"4765",5.33333333333333,1.66666666666667,2.77777777777778,4.5,0.23567,0.36542,0.22775,0.08429
"4766",6.26666666666667,1.66666666666667,2.77777777777778,4.5,0.21912,0.34127,0.217,0.08268
"4767",7.2,1.66666666666667,2.77777777777778,4.5,0.20455,0.32125,0.20095,0.08187
"4768",8.13333333333333,1.66666666666667,2.77777777777778,4.5,0.19292,0.30345,0.19176,0.08149
"4769",9.06666666666667,1.66666666666667,2.77777777777778,4.5,0.18267,0.28895,0.18187,0.07885
"4770",10,1.66666666666667,2.77777777777778,4.5,0.17455,0.27563,0.17448,0.07808
"4771",1.6,2.77777777777778,2.77777777777778,4.5,0.32369,0.35838,0.1155,0.0532
"4772",2.53333333333333,2.77777777777778,2.77777777777778,4.5,0.30008,0.40694,0.20045,0.03028
"4773",3.46666666666667,2.77777777777778,2.77777777777778,4.5,0.27306,0.39667,0.22314,0.02484
"4774",4.4,2.77777777777778,2.77777777777778,4.5,0.24959,0.37457,0.22192,0.02059
"4775",5.33333333333333,2.77777777777778,2.77777777777778,4.5,0.23075,0.35204,0.21432,0.01956
"4776",6.26666666666667,2.77777777777778,2.77777777777778,4.5,0.21491,0.33101,0.20378,0.01811
"4777",7.2,2.77777777777778,2.77777777777778,4.5,0.20216,0.31319,0.1945,0.01691
"4778",8.13333333333333,2.77777777777778,2.77777777777778,4.5,0.19129,0.29819,0.1875,0.01673
"4779",9.06666666666667,2.77777777777778,2.77777777777778,4.5,0.18173,0.28467,0.17826,0.01642
"4780",10,2.77777777777778,2.77777777777778,4.5,0.17337,0.27205,0.17026,0.01533
"4781",1.6,3.88888888888889,2.77777777777778,4.5,0.27834,0.25007,0.06215,0.02805
"4782",2.53333333333333,3.88888888888889,2.77777777777778,4.5,0.27288,0.33097,0.14005,0.0115
"4783",3.46666666666667,3.88888888888889,2.77777777777778,4.5,0.25696,0.34994,0.18012,0.00722
"4784",4.4,3.88888888888889,2.77777777777778,4.5,0.2396,0.34463,0.19205,0.00609
"4785",5.33333333333333,3.88888888888889,2.77777777777778,4.5,0.22456,0.33114,0.1936,0.0051
"4786",6.26666666666667,3.88888888888889,2.77777777777778,4.5,0.21044,0.3172,0.19114,0.00414
"4787",7.2,3.88888888888889,2.77777777777778,4.5,0.19875,0.30286,0.18296,0.00388
"4788",8.13333333333333,3.88888888888889,2.77777777777778,4.5,0.18852,0.28894,0.1797,0.00393
"4789",9.06666666666667,3.88888888888889,2.77777777777778,4.5,0.17959,0.27787,0.17161,0.00352
"4790",10,3.88888888888889,2.77777777777778,4.5,0.1719,0.26768,0.16559,0.00344
"4791",1.6,5,2.77777777777778,4.5,0.23845,0.17943,0.03507,0.01563
"4792",2.53333333333333,5,2.77777777777778,4.5,0.24747,0.2656,0.09746,0.00462
"4793",3.46666666666667,5,2.77777777777778,4.5,0.24081,0.30175,0.13928,0.00251
"4794",4.4,5,2.77777777777778,4.5,0.22897,0.31176,0.16227,0.00177
"4795",5.33333333333333,5,2.77777777777778,4.5,0.21672,0.30843,0.1708,0.00143
"4796",6.26666666666667,5,2.77777777777778,4.5,0.20545,0.30044,0.1743,0.00124
"4797",7.2,5,2.77777777777778,4.5,0.19523,0.29045,0.17129,0.00102
"4798",8.13333333333333,5,2.77777777777778,4.5,0.18648,0.27957,0.16894,0.00094
"4799",9.06666666666667,5,2.77777777777778,4.5,0.17797,0.26901,0.16335,0.00086
"4800",10,5,2.77777777777778,4.5,0.17018,0.25985,0.15985,8e-04
"4801",1.6,-5,3.88888888888889,4.5,0.23844,0.17683,0.03535,0.0163
"4802",2.53333333333333,-5,3.88888888888889,4.5,0.24701,0.26102,0.09629,0.0052
"4803",3.46666666666667,-5,3.88888888888889,4.5,0.23981,0.29868,0.13936,0.00273
"4804",4.4,-5,3.88888888888889,4.5,0.22901,0.30778,0.16189,0.00183
"4805",5.33333333333333,-5,3.88888888888889,4.5,0.21708,0.30595,0.17289,0.00144
"4806",6.26666666666667,-5,3.88888888888889,4.5,0.206,0.29858,0.17388,0.00132
"4807",7.2,-5,3.88888888888889,4.5,0.19607,0.28831,0.17057,0.00119
"4808",8.13333333333333,-5,3.88888888888889,4.5,0.18586,0.2782,0.16778,0.00093
"4809",9.06666666666667,-5,3.88888888888889,4.5,0.17741,0.26897,0.16614,0.00087
"4810",10,-5,3.88888888888889,4.5,0.17057,0.25957,0.16043,0.00082
"4811",1.6,-3.88888888888889,3.88888888888889,4.5,0.27807,0.24648,0.06254,0.02692
"4812",2.53333333333333,-3.88888888888889,3.88888888888889,4.5,0.27347,0.32712,0.14039,0.01162
"4813",3.46666666666667,-3.88888888888889,3.88888888888889,4.5,0.25829,0.34522,0.18138,0.00752
"4814",4.4,-3.88888888888889,3.88888888888889,4.5,0.24028,0.34122,0.1925,0.00581
"4815",5.33333333333333,-3.88888888888889,3.88888888888889,4.5,0.2246,0.32953,0.19387,0.00507
"4816",6.26666666666667,-3.88888888888889,3.88888888888889,4.5,0.21085,0.31624,0.19227,0.00439
"4817",7.2,-3.88888888888889,3.88888888888889,4.5,0.19867,0.30273,0.1849,0.00411
"4818",8.13333333333333,-3.88888888888889,3.88888888888889,4.5,0.18857,0.2889,0.17682,0.00389
"4819",9.06666666666667,-3.88888888888889,3.88888888888889,4.5,0.17995,0.27707,0.17228,0.00348
"4820",10,-3.88888888888889,3.88888888888889,4.5,0.172,0.26633,0.16515,0.00354
"4821",1.6,-2.77777777777778,3.88888888888889,4.5,0.3252,0.35347,0.11649,0.05231
"4822",2.53333333333333,-2.77777777777778,3.88888888888889,4.5,0.29965,0.40257,0.2023,0.03063
"4823",3.46666666666667,-2.77777777777778,3.88888888888889,4.5,0.27221,0.39322,0.22215,0.02351
"4824",4.4,-2.77777777777778,3.88888888888889,4.5,0.24905,0.373,0.22264,0.02067
"4825",5.33333333333333,-2.77777777777778,3.88888888888889,4.5,0.22997,0.35187,0.20938,0.01905
"4826",6.26666666666667,-2.77777777777778,3.88888888888889,4.5,0.21439,0.33088,0.20358,0.01782
"4827",7.2,-2.77777777777778,3.88888888888889,4.5,0.20205,0.3129,0.19476,0.01738
"4828",8.13333333333333,-2.77777777777778,3.88888888888889,4.5,0.19042,0.29777,0.18479,0.01673
"4829",9.06666666666667,-2.77777777777778,3.88888888888889,4.5,0.18143,0.28373,0.17963,0.01599
"4830",10,-2.77777777777778,3.88888888888889,4.5,0.17294,0.27148,0.17156,0.01575
"4831",1.6,-1.66666666666667,3.88888888888889,4.5,0.37317,0.49764,0.22447,0.12932
"4832",2.53333333333333,-1.66666666666667,3.88888888888889,4.5,0.32062,0.47521,0.27571,0.10041
"4833",3.46666666666667,-1.66666666666667,3.88888888888889,4.5,0.28369,0.43331,0.26416,0.09238
"4834",4.4,-1.66666666666667,3.88888888888889,4.5,0.25568,0.39803,0.24646,0.08773
"4835",5.33333333333333,-1.66666666666667,3.88888888888889,4.5,0.23364,0.36677,0.22841,0.08522
"4836",6.26666666666667,-1.66666666666667,3.88888888888889,4.5,0.21692,0.34156,0.21507,0.08275
"4837",7.2,-1.66666666666667,3.88888888888889,4.5,0.20333,0.31991,0.20423,0.08129
"4838",8.13333333333333,-1.66666666666667,3.88888888888889,4.5,0.1917,0.30228,0.19266,0.08074
"4839",9.06666666666667,-1.66666666666667,3.88888888888889,4.5,0.18202,0.28721,0.18073,0.07911
"4840",10,-1.66666666666667,3.88888888888889,4.5,0.17346,0.27453,0.17544,0.07973
"4841",1.6,-0.555555555555555,3.88888888888889,4.5,0.40697,0.62622,0.37733,0.44636
"4842",2.53333333333333,-0.555555555555555,3.88888888888889,4.5,0.33567,0.52346,0.32923,0.4329
"4843",3.46666666666667,-0.555555555555555,3.88888888888889,4.5,0.29056,0.45548,0.28802,0.42991
"4844",4.4,-0.555555555555555,3.88888888888889,4.5,0.25914,0.40816,0.26084,0.42672
"4845",5.33333333333333,-0.555555555555555,3.88888888888889,4.5,0.23637,0.37235,0.23853,0.42457
"4846",6.26666666666667,-0.555555555555555,3.88888888888889,4.5,0.21922,0.34561,0.21937,0.42399
"4847",7.2,-0.555555555555555,3.88888888888889,4.5,0.20485,0.32401,0.2061,0.42318
"4848",8.13333333333333,-0.555555555555555,3.88888888888889,4.5,0.19285,0.30606,0.19307,0.42145
"4849",9.06666666666667,-0.555555555555555,3.88888888888889,4.5,0.18294,0.2898,0.18412,0.42135
"4850",10,-0.555555555555555,3.88888888888889,4.5,0.17463,0.2764,0.17551,0.42169
"4851",1.6,0.555555555555555,3.88888888888889,4.5,0.40817,0.62815,0.37979,0.4478
"4852",2.53333333333333,0.555555555555555,3.88888888888889,4.5,0.33466,0.52348,0.32592,0.43362
"4853",3.46666666666667,0.555555555555555,3.88888888888889,4.5,0.29112,0.45581,0.28824,0.42893
"4854",4.4,0.555555555555555,3.88888888888889,4.5,0.26039,0.40888,0.2611,0.42531
"4855",5.33333333333333,0.555555555555555,3.88888888888889,4.5,0.2378,0.37417,0.23656,0.42545
"4856",6.26666666666667,0.555555555555555,3.88888888888889,4.5,0.2194,0.34674,0.21926,0.42329
"4857",7.2,0.555555555555555,3.88888888888889,4.5,0.2056,0.32447,0.20609,0.42252
"4858",8.13333333333333,0.555555555555555,3.88888888888889,4.5,0.19392,0.3057,0.19415,0.42206
"4859",9.06666666666667,0.555555555555555,3.88888888888889,4.5,0.18383,0.29078,0.1843,0.42102
"4860",10,0.555555555555555,3.88888888888889,4.5,0.17542,0.27731,0.17561,0.42162
"4861",1.6,1.66666666666667,3.88888888888889,4.5,0.37316,0.50227,0.22372,0.12815
"4862",2.53333333333333,1.66666666666667,3.88888888888889,4.5,0.32117,0.47768,0.27373,0.10172
"4863",3.46666666666667,1.66666666666667,3.88888888888889,4.5,0.2834,0.43305,0.26388,0.09155
"4864",4.4,1.66666666666667,3.88888888888889,4.5,0.25687,0.39596,0.24443,0.08715
"4865",5.33333333333333,1.66666666666667,3.88888888888889,4.5,0.23567,0.36542,0.23006,0.08472
"4866",6.26666666666667,1.66666666666667,3.88888888888889,4.5,0.21912,0.34127,0.21502,0.08266
"4867",7.2,1.66666666666667,3.88888888888889,4.5,0.20455,0.32125,0.20125,0.08231
"4868",8.13333333333333,1.66666666666667,3.88888888888889,4.5,0.19292,0.30345,0.19203,0.0804
"4869",9.06666666666667,1.66666666666667,3.88888888888889,4.5,0.18267,0.28895,0.18515,0.07934
"4870",10,1.66666666666667,3.88888888888889,4.5,0.17455,0.27563,0.17527,0.07923
"4871",1.6,2.77777777777778,3.88888888888889,4.5,0.32369,0.35838,0.11652,0.05331
"4872",2.53333333333333,2.77777777777778,3.88888888888889,4.5,0.30008,0.40694,0.20299,0.03051
"4873",3.46666666666667,2.77777777777778,3.88888888888889,4.5,0.27306,0.39667,0.22297,0.02453
"4874",4.4,2.77777777777778,3.88888888888889,4.5,0.24959,0.37457,0.22273,0.02159
"4875",5.33333333333333,2.77777777777778,3.88888888888889,4.5,0.23075,0.35204,0.21617,0.01886
"4876",6.26666666666667,2.77777777777778,3.88888888888889,4.5,0.21491,0.33101,0.2043,0.01776
"4877",7.2,2.77777777777778,3.88888888888889,4.5,0.20216,0.31319,0.19536,0.01741
"4878",8.13333333333333,2.77777777777778,3.88888888888889,4.5,0.19129,0.29819,0.1861,0.01657
"4879",9.06666666666667,2.77777777777778,3.88888888888889,4.5,0.18173,0.28467,0.18004,0.0161
"4880",10,2.77777777777778,3.88888888888889,4.5,0.17337,0.27205,0.17046,0.01593
"4881",1.6,3.88888888888889,3.88888888888889,4.5,0.27834,0.25007,0.06121,0.02729
"4882",2.53333333333333,3.88888888888889,3.88888888888889,4.5,0.27288,0.33097,0.14237,0.01169
"4883",3.46666666666667,3.88888888888889,3.88888888888889,4.5,0.25696,0.34994,0.17933,0.00753
"4884",4.4,3.88888888888889,3.88888888888889,4.5,0.2396,0.34463,0.19171,0.00575
"4885",5.33333333333333,3.88888888888889,3.88888888888889,4.5,0.22456,0.33114,0.19459,0.00505
"4886",6.26666666666667,3.88888888888889,3.88888888888889,4.5,0.21044,0.3172,0.18969,0.00464
"4887",7.2,3.88888888888889,3.88888888888889,4.5,0.19875,0.30286,0.18342,0.00406
"4888",8.13333333333333,3.88888888888889,3.88888888888889,4.5,0.18852,0.28894,0.17792,0.00371
"4889",9.06666666666667,3.88888888888889,3.88888888888889,4.5,0.17959,0.27787,0.17379,0.00357
"4890",10,3.88888888888889,3.88888888888889,4.5,0.1719,0.26768,0.16749,0.00367
"4891",1.6,5,3.88888888888889,4.5,0.23845,0.17943,0.03591,0.01627
"4892",2.53333333333333,5,3.88888888888889,4.5,0.24747,0.2656,0.09606,0.00534
"4893",3.46666666666667,5,3.88888888888889,4.5,0.24081,0.30175,0.13971,0.00253
"4894",4.4,5,3.88888888888889,4.5,0.22897,0.31176,0.16162,0.00176
"4895",5.33333333333333,5,3.88888888888889,4.5,0.21672,0.30843,0.17373,0.00141
"4896",6.26666666666667,5,3.88888888888889,4.5,0.20545,0.30044,0.17423,0.00121
"4897",7.2,5,3.88888888888889,4.5,0.19523,0.29045,0.17405,0.001
"4898",8.13333333333333,5,3.88888888888889,4.5,0.18648,0.27957,0.16894,0.00102
"4899",9.06666666666667,5,3.88888888888889,4.5,0.17797,0.26901,0.16361,0.001
"4900",10,5,3.88888888888889,4.5,0.17018,0.25985,0.15842,0.00077
"4901",1.6,-5,5,4.5,0.23844,0.17683,0.03626,0.01617
"4902",2.53333333333333,-5,5,4.5,0.24701,0.26102,0.0988,0.0052
"4903",3.46666666666667,-5,5,4.5,0.23981,0.29868,0.13948,0.00273
"4904",4.4,-5,5,4.5,0.22901,0.30778,0.16287,0.00204
"4905",5.33333333333333,-5,5,4.5,0.21708,0.30595,0.17077,0.00151
"4906",6.26666666666667,-5,5,4.5,0.206,0.29858,0.17161,0.0011
"4907",7.2,-5,5,4.5,0.19607,0.28831,0.17037,0.00109
"4908",8.13333333333333,-5,5,4.5,0.18586,0.2782,0.16491,0.00095
"4909",9.06666666666667,-5,5,4.5,0.17741,0.26897,0.16226,0.00095
"4910",10,-5,5,4.5,0.17057,0.25957,0.16059,0.00076
"4911",1.6,-3.88888888888889,5,4.5,0.27807,0.24648,0.06214,0.02707
"4912",2.53333333333333,-3.88888888888889,5,4.5,0.27347,0.32712,0.14088,0.0119
"4913",3.46666666666667,-3.88888888888889,5,4.5,0.25829,0.34522,0.17945,0.00784
"4914",4.4,-3.88888888888889,5,4.5,0.24028,0.34122,0.19181,0.00569
"4915",5.33333333333333,-3.88888888888889,5,4.5,0.2246,0.32953,0.19223,0.00486
"4916",6.26666666666667,-3.88888888888889,5,4.5,0.21085,0.31624,0.19019,0.00459
"4917",7.2,-3.88888888888889,5,4.5,0.19867,0.30273,0.18516,0.00385
"4918",8.13333333333333,-3.88888888888889,5,4.5,0.18857,0.2889,0.18058,0.00361
"4919",9.06666666666667,-3.88888888888889,5,4.5,0.17995,0.27707,0.17206,0.00361
"4920",10,-3.88888888888889,5,4.5,0.172,0.26633,0.16686,0.00344
"4921",1.6,-2.77777777777778,5,4.5,0.3252,0.35347,0.11579,0.0527
"4922",2.53333333333333,-2.77777777777778,5,4.5,0.29965,0.40257,0.20241,0.03142
"4923",3.46666666666667,-2.77777777777778,5,4.5,0.27221,0.39322,0.22383,0.02451
"4924",4.4,-2.77777777777778,5,4.5,0.24905,0.373,0.22215,0.02106
"4925",5.33333333333333,-2.77777777777778,5,4.5,0.22997,0.35187,0.21257,0.01929
"4926",6.26666666666667,-2.77777777777778,5,4.5,0.21439,0.33088,0.20447,0.0179
"4927",7.2,-2.77777777777778,5,4.5,0.20205,0.3129,0.19539,0.01688
"4928",8.13333333333333,-2.77777777777778,5,4.5,0.19042,0.29777,0.1873,0.01699
"4929",9.06666666666667,-2.77777777777778,5,4.5,0.18143,0.28373,0.17887,0.01652
"4930",10,-2.77777777777778,5,4.5,0.17294,0.27148,0.1718,0.01581
"4931",1.6,-1.66666666666667,5,4.5,0.37317,0.49764,0.22351,0.12763
"4932",2.53333333333333,-1.66666666666667,5,4.5,0.32062,0.47521,0.27424,0.10188
"4933",3.46666666666667,-1.66666666666667,5,4.5,0.28369,0.43331,0.26514,0.0913
"4934",4.4,-1.66666666666667,5,4.5,0.25568,0.39803,0.24623,0.08729
"4935",5.33333333333333,-1.66666666666667,5,4.5,0.23364,0.36677,0.22989,0.08455
"4936",6.26666666666667,-1.66666666666667,5,4.5,0.21692,0.34156,0.2169,0.0832
"4937",7.2,-1.66666666666667,5,4.5,0.20333,0.31991,0.20372,0.08206
"4938",8.13333333333333,-1.66666666666667,5,4.5,0.1917,0.30228,0.19363,0.08001
"4939",9.06666666666667,-1.66666666666667,5,4.5,0.18202,0.28721,0.18305,0.08007
"4940",10,-1.66666666666667,5,4.5,0.17346,0.27453,0.17392,0.07959
"4941",1.6,-0.555555555555555,5,4.5,0.40697,0.62622,0.37992,0.44768
"4942",2.53333333333333,-0.555555555555555,5,4.5,0.33567,0.52346,0.32981,0.4333
"4943",3.46666666666667,-0.555555555555555,5,4.5,0.29056,0.45548,0.28967,0.42979
"4944",4.4,-0.555555555555555,5,4.5,0.25914,0.40816,0.25897,0.42595
"4945",5.33333333333333,-0.555555555555555,5,4.5,0.23637,0.37235,0.2388,0.42463
"4946",6.26666666666667,-0.555555555555555,5,4.5,0.21922,0.34561,0.21927,0.42422
"4947",7.2,-0.555555555555555,5,4.5,0.20485,0.32401,0.20649,0.4227
"4948",8.13333333333333,-0.555555555555555,5,4.5,0.19285,0.30606,0.19385,0.42109
"4949",9.06666666666667,-0.555555555555555,5,4.5,0.18294,0.2898,0.18721,0.42253
"4950",10,-0.555555555555555,5,4.5,0.17463,0.2764,0.17398,0.42095
"4951",1.6,0.555555555555555,5,4.5,0.40817,0.62815,0.37918,0.44796
"4952",2.53333333333333,0.555555555555555,5,4.5,0.33466,0.52348,0.33036,0.43272
"4953",3.46666666666667,0.555555555555555,5,4.5,0.29112,0.45581,0.28873,0.42844
"4954",4.4,0.555555555555555,5,4.5,0.26039,0.40888,0.25754,0.42651
"4955",5.33333333333333,0.555555555555555,5,4.5,0.2378,0.37417,0.23872,0.4246
"4956",6.26666666666667,0.555555555555555,5,4.5,0.2194,0.34674,0.22169,0.42309
"4957",7.2,0.555555555555555,5,4.5,0.2056,0.32447,0.2078,0.4234
"4958",8.13333333333333,0.555555555555555,5,4.5,0.19392,0.3057,0.19438,0.42254
"4959",9.06666666666667,0.555555555555555,5,4.5,0.18383,0.29078,0.18643,0.42224
"4960",10,0.555555555555555,5,4.5,0.17542,0.27731,0.17642,0.42071
"4961",1.6,1.66666666666667,5,4.5,0.37316,0.50227,0.22178,0.12816
"4962",2.53333333333333,1.66666666666667,5,4.5,0.32117,0.47768,0.27418,0.09995
"4963",3.46666666666667,1.66666666666667,5,4.5,0.2834,0.43305,0.26457,0.09308
"4964",4.4,1.66666666666667,5,4.5,0.25687,0.39596,0.24644,0.08831
"4965",5.33333333333333,1.66666666666667,5,4.5,0.23567,0.36542,0.22953,0.08459
"4966",6.26666666666667,1.66666666666667,5,4.5,0.21912,0.34127,0.21482,0.08187
"4967",7.2,1.66666666666667,5,4.5,0.20455,0.32125,0.20314,0.08184
"4968",8.13333333333333,1.66666666666667,5,4.5,0.19292,0.30345,0.19191,0.08055
"4969",9.06666666666667,1.66666666666667,5,4.5,0.18267,0.28895,0.18249,0.07912
"4970",10,1.66666666666667,5,4.5,0.17455,0.27563,0.17558,0.07898
"4971",1.6,2.77777777777778,5,4.5,0.32369,0.35838,0.11631,0.05308
"4972",2.53333333333333,2.77777777777778,5,4.5,0.30008,0.40694,0.203,0.02996
"4973",3.46666666666667,2.77777777777778,5,4.5,0.27306,0.39667,0.2246,0.02406
"4974",4.4,2.77777777777778,5,4.5,0.24959,0.37457,0.22404,0.02049
"4975",5.33333333333333,2.77777777777778,5,4.5,0.23075,0.35204,0.21235,0.01854
"4976",6.26666666666667,2.77777777777778,5,4.5,0.21491,0.33101,0.20385,0.01822
"4977",7.2,2.77777777777778,5,4.5,0.20216,0.31319,0.19405,0.01725
"4978",8.13333333333333,2.77777777777778,5,4.5,0.19129,0.29819,0.18557,0.01665
"4979",9.06666666666667,2.77777777777778,5,4.5,0.18173,0.28467,0.17769,0.016
"4980",10,2.77777777777778,5,4.5,0.17337,0.27205,0.17056,0.01593
"4981",1.6,3.88888888888889,5,4.5,0.27834,0.25007,0.06195,0.02688
"4982",2.53333333333333,3.88888888888889,5,4.5,0.27288,0.33097,0.13967,0.01153
"4983",3.46666666666667,3.88888888888889,5,4.5,0.25696,0.34994,0.17785,0.00741
"4984",4.4,3.88888888888889,5,4.5,0.2396,0.34463,0.19307,0.00563
"4985",5.33333333333333,3.88888888888889,5,4.5,0.22456,0.33114,0.1927,0.00493
"4986",6.26666666666667,3.88888888888889,5,4.5,0.21044,0.3172,0.19132,0.00432
"4987",7.2,3.88888888888889,5,4.5,0.19875,0.30286,0.1847,0.00426
"4988",8.13333333333333,3.88888888888889,5,4.5,0.18852,0.28894,0.17818,0.00363
"4989",9.06666666666667,3.88888888888889,5,4.5,0.17959,0.27787,0.17246,0.00355
"4990",10,3.88888888888889,5,4.5,0.1719,0.26768,0.16656,0.00338
"4991",1.6,5,5,4.5,0.23845,0.17943,0.03606,0.01635
"4992",2.53333333333333,5,5,4.5,0.24747,0.2656,0.09828,0.00489
"4993",3.46666666666667,5,5,4.5,0.24081,0.30175,0.14023,0.00273
"4994",4.4,5,5,4.5,0.22897,0.31176,0.16201,0.00176
"4995",5.33333333333333,5,5,4.5,0.21672,0.30843,0.17109,0.00135
"4996",6.26666666666667,5,5,4.5,0.20545,0.30044,0.17339,0.00115
"4997",7.2,5,5,4.5,0.19523,0.29045,0.17057,0.00121
"4998",8.13333333333333,5,5,4.5,0.18648,0.27957,0.16829,0.00088
"4999",9.06666666666667,5,5,4.5,0.17797,0.26901,0.16413,0.00091
"5000",10,5,5,4.5,0.17018,0.25985,0.15893,0.00086
"5001",1.6,-5,-5,5.6,0.23844,0.17683,0.03517,0.01621
"5002",2.53333333333333,-5,-5,5.6,0.24701,0.26102,0.09737,0.00493
"5003",3.46666666666667,-5,-5,5.6,0.23981,0.29868,0.13957,0.00258
"5004",4.4,-5,-5,5.6,0.22901,0.30778,0.16454,0.00201
"5005",5.33333333333333,-5,-5,5.6,0.21708,0.30595,0.17067,0.00148
"5006",6.26666666666667,-5,-5,5.6,0.206,0.29858,0.1718,0.00103
"5007",7.2,-5,-5,5.6,0.19607,0.28831,0.17071,0.00106
"5008",8.13333333333333,-5,-5,5.6,0.18586,0.2782,0.16817,0.00104
"5009",9.06666666666667,-5,-5,5.6,0.17741,0.26897,0.1645,0.00112
"5010",10,-5,-5,5.6,0.17057,0.25957,0.15907,0.00082
"5011",1.6,-3.88888888888889,-5,5.6,0.27807,0.24648,0.06198,0.02695
"5012",2.53333333333333,-3.88888888888889,-5,5.6,0.27347,0.32712,0.14221,0.01196
"5013",3.46666666666667,-3.88888888888889,-5,5.6,0.25829,0.34522,0.18151,0.00706
"5014",4.4,-3.88888888888889,-5,5.6,0.24028,0.34122,0.19216,0.00591
"5015",5.33333333333333,-3.88888888888889,-5,5.6,0.2246,0.32953,0.1926,0.00481
"5016",6.26666666666667,-3.88888888888889,-5,5.6,0.21085,0.31624,0.18957,0.00442
"5017",7.2,-3.88888888888889,-5,5.6,0.19867,0.30273,0.18379,0.004
"5018",8.13333333333333,-3.88888888888889,-5,5.6,0.18857,0.2889,0.17828,0.00397
"5019",9.06666666666667,-3.88888888888889,-5,5.6,0.17995,0.27707,0.17234,0.00358
"5020",10,-3.88888888888889,-5,5.6,0.172,0.26633,0.16578,0.00327
"5021",1.6,-2.77777777777778,-5,5.6,0.3252,0.35347,0.11557,0.05281
"5022",2.53333333333333,-2.77777777777778,-5,5.6,0.29965,0.40257,0.20206,0.03152
"5023",3.46666666666667,-2.77777777777778,-5,5.6,0.27221,0.39322,0.22324,0.0251
"5024",4.4,-2.77777777777778,-5,5.6,0.24905,0.373,0.221,0.02074
"5025",5.33333333333333,-2.77777777777778,-5,5.6,0.22997,0.35187,0.21439,0.01918
"5026",6.26666666666667,-2.77777777777778,-5,5.6,0.21439,0.33088,0.20379,0.01787
"5027",7.2,-2.77777777777778,-5,5.6,0.20205,0.3129,0.19512,0.01693
"5028",8.13333333333333,-2.77777777777778,-5,5.6,0.19042,0.29777,0.18559,0.01671
"5029",9.06666666666667,-2.77777777777778,-5,5.6,0.18143,0.28373,0.17689,0.01666
"5030",10,-2.77777777777778,-5,5.6,0.17294,0.27148,0.17094,0.0157
"5031",1.6,-1.66666666666667,-5,5.6,0.37317,0.49764,0.2242,0.12721
"5032",2.53333333333333,-1.66666666666667,-5,5.6,0.32062,0.47521,0.27514,0.10105
"5033",3.46666666666667,-1.66666666666667,-5,5.6,0.28369,0.43331,0.26211,0.09311
"5034",4.4,-1.66666666666667,-5,5.6,0.25568,0.39803,0.24791,0.08696
"5035",5.33333333333333,-1.66666666666667,-5,5.6,0.23364,0.36677,0.22797,0.0849
"5036",6.26666666666667,-1.66666666666667,-5,5.6,0.21692,0.34156,0.21527,0.08195
"5037",7.2,-1.66666666666667,-5,5.6,0.20333,0.31991,0.20204,0.08131
"5038",8.13333333333333,-1.66666666666667,-5,5.6,0.1917,0.30228,0.19383,0.08012
"5039",9.06666666666667,-1.66666666666667,-5,5.6,0.18202,0.28721,0.1829,0.07915
"5040",10,-1.66666666666667,-5,5.6,0.17346,0.27453,0.17592,0.07865
"5041",1.6,-0.555555555555555,-5,5.6,0.40697,0.62622,0.37696,0.4473
"5042",2.53333333333333,-0.555555555555555,-5,5.6,0.33567,0.52346,0.3286,0.43411
"5043",3.46666666666667,-0.555555555555555,-5,5.6,0.29056,0.45548,0.28962,0.42959
"5044",4.4,-0.555555555555555,-5,5.6,0.25914,0.40816,0.2593,0.42612
"5045",5.33333333333333,-0.555555555555555,-5,5.6,0.23637,0.37235,0.23955,0.42571
"5046",6.26666666666667,-0.555555555555555,-5,5.6,0.21922,0.34561,0.22133,0.42331
"5047",7.2,-0.555555555555555,-5,5.6,0.20485,0.32401,0.20578,0.42291
"5048",8.13333333333333,-0.555555555555555,-5,5.6,0.19285,0.30606,0.1923,0.42215
"5049",9.06666666666667,-0.555555555555555,-5,5.6,0.18294,0.2898,0.18516,0.42191
"5050",10,-0.555555555555555,-5,5.6,0.17463,0.2764,0.17339,0.42145
"5051",1.6,0.555555555555555,-5,5.6,0.40817,0.62815,0.37409,0.44735
"5052",2.53333333333333,0.555555555555555,-5,5.6,0.33466,0.52348,0.32856,0.433
"5053",3.46666666666667,0.555555555555555,-5,5.6,0.29112,0.45581,0.28818,0.42953
"5054",4.4,0.555555555555555,-5,5.6,0.26039,0.40888,0.25782,0.42651
"5055",5.33333333333333,0.555555555555555,-5,5.6,0.2378,0.37417,0.23795,0.4248
"5056",6.26666666666667,0.555555555555555,-5,5.6,0.2194,0.34674,0.22204,0.42324
"5057",7.2,0.555555555555555,-5,5.6,0.2056,0.32447,0.20757,0.4218
"5058",8.13333333333333,0.555555555555555,-5,5.6,0.19392,0.3057,0.19323,0.42165
"5059",9.06666666666667,0.555555555555555,-5,5.6,0.18383,0.29078,0.18353,0.42081
"5060",10,0.555555555555555,-5,5.6,0.17542,0.27731,0.17731,0.42097
"5061",1.6,1.66666666666667,-5,5.6,0.37316,0.50227,0.22309,0.12807
"5062",2.53333333333333,1.66666666666667,-5,5.6,0.32117,0.47768,0.2744,0.10239
"5063",3.46666666666667,1.66666666666667,-5,5.6,0.2834,0.43305,0.26504,0.09166
"5064",4.4,1.66666666666667,-5,5.6,0.25687,0.39596,0.24598,0.08803
"5065",5.33333333333333,1.66666666666667,-5,5.6,0.23567,0.36542,0.22816,0.0847
"5066",6.26666666666667,1.66666666666667,-5,5.6,0.21912,0.34127,0.21395,0.08275
"5067",7.2,1.66666666666667,-5,5.6,0.20455,0.32125,0.20342,0.08186
"5068",8.13333333333333,1.66666666666667,-5,5.6,0.19292,0.30345,0.19231,0.08035
"5069",9.06666666666667,1.66666666666667,-5,5.6,0.18267,0.28895,0.1837,0.07965
"5070",10,1.66666666666667,-5,5.6,0.17455,0.27563,0.17589,0.0787
"5071",1.6,2.77777777777778,-5,5.6,0.32369,0.35838,0.11677,0.05272
"5072",2.53333333333333,2.77777777777778,-5,5.6,0.30008,0.40694,0.20284,0.03089
"5073",3.46666666666667,2.77777777777778,-5,5.6,0.27306,0.39667,0.22296,0.0241
"5074",4.4,2.77777777777778,-5,5.6,0.24959,0.37457,0.22099,0.0214
"5075",5.33333333333333,2.77777777777778,-5,5.6,0.23075,0.35204,0.21201,0.01944
"5076",6.26666666666667,2.77777777777778,-5,5.6,0.21491,0.33101,0.20351,0.0182
"5077",7.2,2.77777777777778,-5,5.6,0.20216,0.31319,0.19648,0.01729
"5078",8.13333333333333,2.77777777777778,-5,5.6,0.19129,0.29819,0.18465,0.01627
"5079",9.06666666666667,2.77777777777778,-5,5.6,0.18173,0.28467,0.17837,0.01639
"5080",10,2.77777777777778,-5,5.6,0.17337,0.27205,0.16789,0.01589
"5081",1.6,3.88888888888889,-5,5.6,0.27834,0.25007,0.06181,0.02684
"5082",2.53333333333333,3.88888888888889,-5,5.6,0.27288,0.33097,0.1393,0.01096
"5083",3.46666666666667,3.88888888888889,-5,5.6,0.25696,0.34994,0.17999,0.0079
"5084",4.4,3.88888888888889,-5,5.6,0.2396,0.34463,0.19433,0.00592
"5085",5.33333333333333,3.88888888888889,-5,5.6,0.22456,0.33114,0.19332,0.00482
"5086",6.26666666666667,3.88888888888889,-5,5.6,0.21044,0.3172,0.1886,0.00459
"5087",7.2,3.88888888888889,-5,5.6,0.19875,0.30286,0.1841,0.00405
"5088",8.13333333333333,3.88888888888889,-5,5.6,0.18852,0.28894,0.1763,0.00384
"5089",9.06666666666667,3.88888888888889,-5,5.6,0.17959,0.27787,0.17277,0.00381
"5090",10,3.88888888888889,-5,5.6,0.1719,0.26768,0.16684,0.00355
"5091",1.6,5,-5,5.6,0.23845,0.17943,0.0361,0.01654
"5092",2.53333333333333,5,-5,5.6,0.24747,0.2656,0.09655,0.00509
"5093",3.46666666666667,5,-5,5.6,0.24081,0.30175,0.13939,0.00232
"5094",4.4,5,-5,5.6,0.22897,0.31176,0.16087,0.00189
"5095",5.33333333333333,5,-5,5.6,0.21672,0.30843,0.17013,0.00137
"5096",6.26666666666667,5,-5,5.6,0.20545,0.30044,0.17217,0.0013
"5097",7.2,5,-5,5.6,0.19523,0.29045,0.17018,0.00109
"5098",8.13333333333333,5,-5,5.6,0.18648,0.27957,0.16774,0.00098
"5099",9.06666666666667,5,-5,5.6,0.17797,0.26901,0.16466,0.00095
"5100",10,5,-5,5.6,0.17018,0.25985,0.16007,0.00086
"5101",1.6,-5,-3.88888888888889,5.6,0.23844,0.17683,0.03594,0.0159
"5102",2.53333333333333,-5,-3.88888888888889,5.6,0.24701,0.26102,0.09688,0.00516
"5103",3.46666666666667,-5,-3.88888888888889,5.6,0.23981,0.29868,0.14057,0.00297
"5104",4.4,-5,-3.88888888888889,5.6,0.22901,0.30778,0.16466,0.00172
"5105",5.33333333333333,-5,-3.88888888888889,5.6,0.21708,0.30595,0.17183,0.00144
"5106",6.26666666666667,-5,-3.88888888888889,5.6,0.206,0.29858,0.17267,0.00133
"5107",7.2,-5,-3.88888888888889,5.6,0.19607,0.28831,0.17203,0.00121
"5108",8.13333333333333,-5,-3.88888888888889,5.6,0.18586,0.2782,0.16828,0.00104
"5109",9.06666666666667,-5,-3.88888888888889,5.6,0.17741,0.26897,0.16645,0.00082
"5110",10,-5,-3.88888888888889,5.6,0.17057,0.25957,0.16152,0.00079
"5111",1.6,-3.88888888888889,-3.88888888888889,5.6,0.27807,0.24648,0.06281,0.02666
"5112",2.53333333333333,-3.88888888888889,-3.88888888888889,5.6,0.27347,0.32712,0.13973,0.01231
"5113",3.46666666666667,-3.88888888888889,-3.88888888888889,5.6,0.25829,0.34522,0.17765,0.007
"5114",4.4,-3.88888888888889,-3.88888888888889,5.6,0.24028,0.34122,0.19295,0.00571
"5115",5.33333333333333,-3.88888888888889,-3.88888888888889,5.6,0.2246,0.32953,0.19408,0.00508
"5116",6.26666666666667,-3.88888888888889,-3.88888888888889,5.6,0.21085,0.31624,0.18918,0.00445
"5117",7.2,-3.88888888888889,-3.88888888888889,5.6,0.19867,0.30273,0.18515,0.00408
"5118",8.13333333333333,-3.88888888888889,-3.88888888888889,5.6,0.18857,0.2889,0.17848,0.00378
"5119",9.06666666666667,-3.88888888888889,-3.88888888888889,5.6,0.17995,0.27707,0.17193,0.00357
"5120",10,-3.88888888888889,-3.88888888888889,5.6,0.172,0.26633,0.16635,0.00349
"5121",1.6,-2.77777777777778,-3.88888888888889,5.6,0.3252,0.35347,0.11542,0.05314
"5122",2.53333333333333,-2.77777777777778,-3.88888888888889,5.6,0.29965,0.40257,0.20097,0.03091
"5123",3.46666666666667,-2.77777777777778,-3.88888888888889,5.6,0.27221,0.39322,0.22306,0.02354
"5124",4.4,-2.77777777777778,-3.88888888888889,5.6,0.24905,0.373,0.22327,0.0204
"5125",5.33333333333333,-2.77777777777778,-3.88888888888889,5.6,0.22997,0.35187,0.2135,0.01923
"5126",6.26666666666667,-2.77777777777778,-3.88888888888889,5.6,0.21439,0.33088,0.20406,0.01862
"5127",7.2,-2.77777777777778,-3.88888888888889,5.6,0.20205,0.3129,0.19605,0.01756
"5128",8.13333333333333,-2.77777777777778,-3.88888888888889,5.6,0.19042,0.29777,0.18567,0.01654
"5129",9.06666666666667,-2.77777777777778,-3.88888888888889,5.6,0.18143,0.28373,0.17961,0.01635
"5130",10,-2.77777777777778,-3.88888888888889,5.6,0.17294,0.27148,0.17248,0.01573
"5131",1.6,-1.66666666666667,-3.88888888888889,5.6,0.37317,0.49764,0.22136,0.12829
"5132",2.53333333333333,-1.66666666666667,-3.88888888888889,5.6,0.32062,0.47521,0.27551,0.10235
"5133",3.46666666666667,-1.66666666666667,-3.88888888888889,5.6,0.28369,0.43331,0.26276,0.0922
"5134",4.4,-1.66666666666667,-3.88888888888889,5.6,0.25568,0.39803,0.24507,0.08731
"5135",5.33333333333333,-1.66666666666667,-3.88888888888889,5.6,0.23364,0.36677,0.22843,0.08475
"5136",6.26666666666667,-1.66666666666667,-3.88888888888889,5.6,0.21692,0.34156,0.21494,0.08257
"5137",7.2,-1.66666666666667,-3.88888888888889,5.6,0.20333,0.31991,0.20073,0.08077
"5138",8.13333333333333,-1.66666666666667,-3.88888888888889,5.6,0.1917,0.30228,0.19246,0.08042
"5139",9.06666666666667,-1.66666666666667,-3.88888888888889,5.6,0.18202,0.28721,0.18229,0.07908
"5140",10,-1.66666666666667,-3.88888888888889,5.6,0.17346,0.27453,0.17392,0.07857
"5141",1.6,-0.555555555555555,-3.88888888888889,5.6,0.40697,0.62622,0.37773,0.44738
"5142",2.53333333333333,-0.555555555555555,-3.88888888888889,5.6,0.33567,0.52346,0.33009,0.43165
"5143",3.46666666666667,-0.555555555555555,-3.88888888888889,5.6,0.29056,0.45548,0.28902,0.42807
"5144",4.4,-0.555555555555555,-3.88888888888889,5.6,0.25914,0.40816,0.2605,0.42618
"5145",5.33333333333333,-0.555555555555555,-3.88888888888889,5.6,0.23637,0.37235,0.24061,0.42482
"5146",6.26666666666667,-0.555555555555555,-3.88888888888889,5.6,0.21922,0.34561,0.21877,0.42432
"5147",7.2,-0.555555555555555,-3.88888888888889,5.6,0.20485,0.32401,0.20466,0.42269
"5148",8.13333333333333,-0.555555555555555,-3.88888888888889,5.6,0.19285,0.30606,0.19464,0.42173
"5149",9.06666666666667,-0.555555555555555,-3.88888888888889,5.6,0.18294,0.2898,0.18517,0.42172
"5150",10,-0.555555555555555,-3.88888888888889,5.6,0.17463,0.2764,0.17574,0.42176
"5151",1.6,0.555555555555555,-3.88888888888889,5.6,0.40817,0.62815,0.37851,0.44586
"5152",2.53333333333333,0.555555555555555,-3.88888888888889,5.6,0.33466,0.52348,0.32882,0.43373
"5153",3.46666666666667,0.555555555555555,-3.88888888888889,5.6,0.29112,0.45581,0.29125,0.42951
"5154",4.4,0.555555555555555,-3.88888888888889,5.6,0.26039,0.40888,0.26132,0.42667
"5155",5.33333333333333,0.555555555555555,-3.88888888888889,5.6,0.2378,0.37417,0.2342,0.42376
"5156",6.26666666666667,0.555555555555555,-3.88888888888889,5.6,0.2194,0.34674,0.22134,0.42333
"5157",7.2,0.555555555555555,-3.88888888888889,5.6,0.2056,0.32447,0.20834,0.42248
"5158",8.13333333333333,0.555555555555555,-3.88888888888889,5.6,0.19392,0.3057,0.1948,0.42092
"5159",9.06666666666667,0.555555555555555,-3.88888888888889,5.6,0.18383,0.29078,0.18446,0.42266
"5160",10,0.555555555555555,-3.88888888888889,5.6,0.17542,0.27731,0.17598,0.42194
"5161",1.6,1.66666666666667,-3.88888888888889,5.6,0.37316,0.50227,0.22271,0.12697
"5162",2.53333333333333,1.66666666666667,-3.88888888888889,5.6,0.32117,0.47768,0.27113,0.0999
"5163",3.46666666666667,1.66666666666667,-3.88888888888889,5.6,0.2834,0.43305,0.26464,0.09175
"5164",4.4,1.66666666666667,-3.88888888888889,5.6,0.25687,0.39596,0.24791,0.08737
"5165",5.33333333333333,1.66666666666667,-3.88888888888889,5.6,0.23567,0.36542,0.23164,0.08387
"5166",6.26666666666667,1.66666666666667,-3.88888888888889,5.6,0.21912,0.34127,0.21328,0.08229
"5167",7.2,1.66666666666667,-3.88888888888889,5.6,0.20455,0.32125,0.2029,0.0807
"5168",8.13333333333333,1.66666666666667,-3.88888888888889,5.6,0.19292,0.30345,0.19315,0.0798
"5169",9.06666666666667,1.66666666666667,-3.88888888888889,5.6,0.18267,0.28895,0.18415,0.07994
"5170",10,1.66666666666667,-3.88888888888889,5.6,0.17455,0.27563,0.17543,0.07967
"5171",1.6,2.77777777777778,-3.88888888888889,5.6,0.32369,0.35838,0.1175,0.05174
"5172",2.53333333333333,2.77777777777778,-3.88888888888889,5.6,0.30008,0.40694,0.20256,0.03075
"5173",3.46666666666667,2.77777777777778,-3.88888888888889,5.6,0.27306,0.39667,0.22004,0.02386
"5174",4.4,2.77777777777778,-3.88888888888889,5.6,0.24959,0.37457,0.2211,0.02059
"5175",5.33333333333333,2.77777777777778,-3.88888888888889,5.6,0.23075,0.35204,0.2152,0.01918
"5176",6.26666666666667,2.77777777777778,-3.88888888888889,5.6,0.21491,0.33101,0.2045,0.01753
"5177",7.2,2.77777777777778,-3.88888888888889,5.6,0.20216,0.31319,0.19498,0.01745
"5178",8.13333333333333,2.77777777777778,-3.88888888888889,5.6,0.19129,0.29819,0.18963,0.01637
"5179",9.06666666666667,2.77777777777778,-3.88888888888889,5.6,0.18173,0.28467,0.17761,0.01569
"5180",10,2.77777777777778,-3.88888888888889,5.6,0.17337,0.27205,0.17205,0.01593
"5181",1.6,3.88888888888889,-3.88888888888889,5.6,0.27834,0.25007,0.06293,0.02682
"5182",2.53333333333333,3.88888888888889,-3.88888888888889,5.6,0.27288,0.33097,0.1422,0.01139
"5183",3.46666666666667,3.88888888888889,-3.88888888888889,5.6,0.25696,0.34994,0.17931,0.00743
"5184",4.4,3.88888888888889,-3.88888888888889,5.6,0.2396,0.34463,0.19314,0.00561
"5185",5.33333333333333,3.88888888888889,-3.88888888888889,5.6,0.22456,0.33114,0.19412,0.00479
"5186",6.26666666666667,3.88888888888889,-3.88888888888889,5.6,0.21044,0.3172,0.18839,0.00411
"5187",7.2,3.88888888888889,-3.88888888888889,5.6,0.19875,0.30286,0.18273,0.00383
"5188",8.13333333333333,3.88888888888889,-3.88888888888889,5.6,0.18852,0.28894,0.1788,0.00367
"5189",9.06666666666667,3.88888888888889,-3.88888888888889,5.6,0.17959,0.27787,0.17202,0.00362
"5190",10,3.88888888888889,-3.88888888888889,5.6,0.1719,0.26768,0.16588,0.00338
"5191",1.6,5,-3.88888888888889,5.6,0.23845,0.17943,0.03594,0.0159
"5192",2.53333333333333,5,-3.88888888888889,5.6,0.24747,0.2656,0.09688,0.00494
"5193",3.46666666666667,5,-3.88888888888889,5.6,0.24081,0.30175,0.13928,0.00243
"5194",4.4,5,-3.88888888888889,5.6,0.22897,0.31176,0.16343,0.0018
"5195",5.33333333333333,5,-3.88888888888889,5.6,0.21672,0.30843,0.17189,0.00146
"5196",6.26666666666667,5,-3.88888888888889,5.6,0.20545,0.30044,0.17324,0.0013
"5197",7.2,5,-3.88888888888889,5.6,0.19523,0.29045,0.17245,0.00088
"5198",8.13333333333333,5,-3.88888888888889,5.6,0.18648,0.27957,0.16838,0.0011
"5199",9.06666666666667,5,-3.88888888888889,5.6,0.17797,0.26901,0.16402,0.00072
"5200",10,5,-3.88888888888889,5.6,0.17018,0.25985,0.15955,0.00091
"5201",1.6,-5,-2.77777777777778,5.6,0.23844,0.17683,0.03602,0.016
"5202",2.53333333333333,-5,-2.77777777777778,5.6,0.24701,0.26102,0.09557,0.00505
"5203",3.46666666666667,-5,-2.77777777777778,5.6,0.23981,0.29868,0.14,0.00278
"5204",4.4,-5,-2.77777777777778,5.6,0.22901,0.30778,0.16139,0.00185
"5205",5.33333333333333,-5,-2.77777777777778,5.6,0.21708,0.30595,0.17028,0.00131
"5206",6.26666666666667,-5,-2.77777777777778,5.6,0.206,0.29858,0.17272,0.00117
"5207",7.2,-5,-2.77777777777778,5.6,0.19607,0.28831,0.17045,0.001
"5208",8.13333333333333,-5,-2.77777777777778,5.6,0.18586,0.2782,0.16751,0.00087
"5209",9.06666666666667,-5,-2.77777777777778,5.6,0.17741,0.26897,0.16542,0.00103
"5210",10,-5,-2.77777777777778,5.6,0.17057,0.25957,0.1599,0.00081
"5211",1.6,-3.88888888888889,-2.77777777777778,5.6,0.27807,0.24648,0.06262,0.02718
"5212",2.53333333333333,-3.88888888888889,-2.77777777777778,5.6,0.27347,0.32712,0.14026,0.01127
"5213",3.46666666666667,-3.88888888888889,-2.77777777777778,5.6,0.25829,0.34522,0.17957,0.00736
"5214",4.4,-3.88888888888889,-2.77777777777778,5.6,0.24028,0.34122,0.19266,0.00574
"5215",5.33333333333333,-3.88888888888889,-2.77777777777778,5.6,0.2246,0.32953,0.19292,0.00501
"5216",6.26666666666667,-3.88888888888889,-2.77777777777778,5.6,0.21085,0.31624,0.18941,0.00453
"5217",7.2,-3.88888888888889,-2.77777777777778,5.6,0.19867,0.30273,0.18569,0.00422
"5218",8.13333333333333,-3.88888888888889,-2.77777777777778,5.6,0.18857,0.2889,0.17878,0.00361
"5219",9.06666666666667,-3.88888888888889,-2.77777777777778,5.6,0.17995,0.27707,0.1707,0.00354
"5220",10,-3.88888888888889,-2.77777777777778,5.6,0.172,0.26633,0.16478,0.00344
"5221",1.6,-2.77777777777778,-2.77777777777778,5.6,0.3252,0.35347,0.11462,0.05241
"5222",2.53333333333333,-2.77777777777778,-2.77777777777778,5.6,0.29965,0.40257,0.20271,0.03049
"5223",3.46666666666667,-2.77777777777778,-2.77777777777778,5.6,0.27221,0.39322,0.22421,0.02349
"5224",4.4,-2.77777777777778,-2.77777777777778,5.6,0.24905,0.373,0.22087,0.02085
"5225",5.33333333333333,-2.77777777777778,-2.77777777777778,5.6,0.22997,0.35187,0.2138,0.01872
"5226",6.26666666666667,-2.77777777777778,-2.77777777777778,5.6,0.21439,0.33088,0.20509,0.01829
"5227",7.2,-2.77777777777778,-2.77777777777778,5.6,0.20205,0.3129,0.19525,0.0175
"5228",8.13333333333333,-2.77777777777778,-2.77777777777778,5.6,0.19042,0.29777,0.18863,0.01653
"5229",9.06666666666667,-2.77777777777778,-2.77777777777778,5.6,0.18143,0.28373,0.17911,0.01618
"5230",10,-2.77777777777778,-2.77777777777778,5.6,0.17294,0.27148,0.17118,0.01628
"5231",1.6,-1.66666666666667,-2.77777777777778,5.6,0.37317,0.49764,0.22529,0.12732
"5232",2.53333333333333,-1.66666666666667,-2.77777777777778,5.6,0.32062,0.47521,0.27489,0.10205
"5233",3.46666666666667,-1.66666666666667,-2.77777777777778,5.6,0.28369,0.43331,0.26301,0.09232
"5234",4.4,-1.66666666666667,-2.77777777777778,5.6,0.25568,0.39803,0.24433,0.08725
"5235",5.33333333333333,-1.66666666666667,-2.77777777777778,5.6,0.23364,0.36677,0.2284,0.08477
"5236",6.26666666666667,-1.66666666666667,-2.77777777777778,5.6,0.21692,0.34156,0.2122,0.08298
"5237",7.2,-1.66666666666667,-2.77777777777778,5.6,0.20333,0.31991,0.20338,0.08211
"5238",8.13333333333333,-1.66666666666667,-2.77777777777778,5.6,0.1917,0.30228,0.19208,0.08006
"5239",9.06666666666667,-1.66666666666667,-2.77777777777778,5.6,0.18202,0.28721,0.18221,0.08015
"5240",10,-1.66666666666667,-2.77777777777778,5.6,0.17346,0.27453,0.17349,0.07973
"5241",1.6,-0.555555555555555,-2.77777777777778,5.6,0.40697,0.62622,0.377,0.44545
"5242",2.53333333333333,-0.555555555555555,-2.77777777777778,5.6,0.33567,0.52346,0.33055,0.43368
"5243",3.46666666666667,-0.555555555555555,-2.77777777777778,5.6,0.29056,0.45548,0.28733,0.4282
"5244",4.4,-0.555555555555555,-2.77777777777778,5.6,0.25914,0.40816,0.26028,0.42534
"5245",5.33333333333333,-0.555555555555555,-2.77777777777778,5.6,0.23637,0.37235,0.23787,0.42511
"5246",6.26666666666667,-0.555555555555555,-2.77777777777778,5.6,0.21922,0.34561,0.22028,0.42322
"5247",7.2,-0.555555555555555,-2.77777777777778,5.6,0.20485,0.32401,0.20631,0.422
"5248",8.13333333333333,-0.555555555555555,-2.77777777777778,5.6,0.19285,0.30606,0.19336,0.42188
"5249",9.06666666666667,-0.555555555555555,-2.77777777777778,5.6,0.18294,0.2898,0.18374,0.42134
"5250",10,-0.555555555555555,-2.77777777777778,5.6,0.17463,0.2764,0.17424,0.42079
"5251",1.6,0.555555555555555,-2.77777777777778,5.6,0.40817,0.62815,0.37753,0.44564
"5252",2.53333333333333,0.555555555555555,-2.77777777777778,5.6,0.33466,0.52348,0.32969,0.43432
"5253",3.46666666666667,0.555555555555555,-2.77777777777778,5.6,0.29112,0.45581,0.28729,0.42916
"5254",4.4,0.555555555555555,-2.77777777777778,5.6,0.26039,0.40888,0.25897,0.42562
"5255",5.33333333333333,0.555555555555555,-2.77777777777778,5.6,0.2378,0.37417,0.23855,0.42458
"5256",6.26666666666667,0.555555555555555,-2.77777777777778,5.6,0.2194,0.34674,0.2203,0.42312
"5257",7.2,0.555555555555555,-2.77777777777778,5.6,0.2056,0.32447,0.20739,0.42335
"5258",8.13333333333333,0.555555555555555,-2.77777777777778,5.6,0.19392,0.3057,0.19307,0.42165
"5259",9.06666666666667,0.555555555555555,-2.77777777777778,5.6,0.18383,0.29078,0.18382,0.42105
"5260",10,0.555555555555555,-2.77777777777778,5.6,0.17542,0.27731,0.17659,0.42126
"5261",1.6,1.66666666666667,-2.77777777777778,5.6,0.37316,0.50227,0.22257,0.12784
"5262",2.53333333333333,1.66666666666667,-2.77777777777778,5.6,0.32117,0.47768,0.27215,0.102
"5263",3.46666666666667,1.66666666666667,-2.77777777777778,5.6,0.2834,0.43305,0.26462,0.09234
"5264",4.4,1.66666666666667,-2.77777777777778,5.6,0.25687,0.39596,0.24746,0.0867
"5265",5.33333333333333,1.66666666666667,-2.77777777777778,5.6,0.23567,0.36542,0.23012,0.08461
"5266",6.26666666666667,1.66666666666667,-2.77777777777778,5.6,0.21912,0.34127,0.21679,0.0827
"5267",7.2,1.66666666666667,-2.77777777777778,5.6,0.20455,0.32125,0.20322,0.08112
"5268",8.13333333333333,1.66666666666667,-2.77777777777778,5.6,0.19292,0.30345,0.19028,0.08049
"5269",9.06666666666667,1.66666666666667,-2.77777777777778,5.6,0.18267,0.28895,0.18508,0.07987
"5270",10,1.66666666666667,-2.77777777777778,5.6,0.17455,0.27563,0.17422,0.07948
"5271",1.6,2.77777777777778,-2.77777777777778,5.6,0.32369,0.35838,0.11627,0.05288
"5272",2.53333333333333,2.77777777777778,-2.77777777777778,5.6,0.30008,0.40694,0.20234,0.03043
"5273",3.46666666666667,2.77777777777778,-2.77777777777778,5.6,0.27306,0.39667,0.222,0.02387
"5274",4.4,2.77777777777778,-2.77777777777778,5.6,0.24959,0.37457,0.22184,0.02121
"5275",5.33333333333333,2.77777777777778,-2.77777777777778,5.6,0.23075,0.35204,0.21359,0.01889
"5276",6.26666666666667,2.77777777777778,-2.77777777777778,5.6,0.21491,0.33101,0.20402,0.01785
"5277",7.2,2.77777777777778,-2.77777777777778,5.6,0.20216,0.31319,0.19592,0.01686
"5278",8.13333333333333,2.77777777777778,-2.77777777777778,5.6,0.19129,0.29819,0.18502,0.01664
"5279",9.06666666666667,2.77777777777778,-2.77777777777778,5.6,0.18173,0.28467,0.17645,0.01614
"5280",10,2.77777777777778,-2.77777777777778,5.6,0.17337,0.27205,0.17063,0.01607
"5281",1.6,3.88888888888889,-2.77777777777778,5.6,0.27834,0.25007,0.06121,0.02648
"5282",2.53333333333333,3.88888888888889,-2.77777777777778,5.6,0.27288,0.33097,0.13977,0.01233
"5283",3.46666666666667,3.88888888888889,-2.77777777777778,5.6,0.25696,0.34994,0.17556,0.00756
"5284",4.4,3.88888888888889,-2.77777777777778,5.6,0.2396,0.34463,0.19006,0.00576
"5285",5.33333333333333,3.88888888888889,-2.77777777777778,5.6,0.22456,0.33114,0.19372,0.00485
"5286",6.26666666666667,3.88888888888889,-2.77777777777778,5.6,0.21044,0.3172,0.18771,0.00394
"5287",7.2,3.88888888888889,-2.77777777777778,5.6,0.19875,0.30286,0.18495,0.00419
"5288",8.13333333333333,3.88888888888889,-2.77777777777778,5.6,0.18852,0.28894,0.17624,0.0038
"5289",9.06666666666667,3.88888888888889,-2.77777777777778,5.6,0.17959,0.27787,0.17327,0.00364
"5290",10,3.88888888888889,-2.77777777777778,5.6,0.1719,0.26768,0.16736,0.0036
"5291",1.6,5,-2.77777777777778,5.6,0.23845,0.17943,0.03558,0.01597
"5292",2.53333333333333,5,-2.77777777777778,5.6,0.24747,0.2656,0.09746,0.00545
"5293",3.46666666666667,5,-2.77777777777778,5.6,0.24081,0.30175,0.13972,0.0029
"5294",4.4,5,-2.77777777777778,5.6,0.22897,0.31176,0.16224,0.00199
"5295",5.33333333333333,5,-2.77777777777778,5.6,0.21672,0.30843,0.17074,0.00158
"5296",6.26666666666667,5,-2.77777777777778,5.6,0.20545,0.30044,0.173,0.00127
"5297",7.2,5,-2.77777777777778,5.6,0.19523,0.29045,0.17068,0.00112
"5298",8.13333333333333,5,-2.77777777777778,5.6,0.18648,0.27957,0.16954,0.00094
"5299",9.06666666666667,5,-2.77777777777778,5.6,0.17797,0.26901,0.16363,0.00085
"5300",10,5,-2.77777777777778,5.6,0.17018,0.25985,0.16042,0.00086
"5301",1.6,-5,-1.66666666666667,5.6,0.23844,0.17683,0.03573,0.01548
"5302",2.53333333333333,-5,-1.66666666666667,5.6,0.24701,0.26102,0.09653,0.00502
"5303",3.46666666666667,-5,-1.66666666666667,5.6,0.23981,0.29868,0.13955,0.00255
"5304",4.4,-5,-1.66666666666667,5.6,0.22901,0.30778,0.16191,0.00179
"5305",5.33333333333333,-5,-1.66666666666667,5.6,0.21708,0.30595,0.17198,0.0014
"5306",6.26666666666667,-5,-1.66666666666667,5.6,0.206,0.29858,0.17372,0.00106
"5307",7.2,-5,-1.66666666666667,5.6,0.19607,0.28831,0.17214,0.00093
"5308",8.13333333333333,-5,-1.66666666666667,5.6,0.18586,0.2782,0.16682,0.00103
"5309",9.06666666666667,-5,-1.66666666666667,5.6,0.17741,0.26897,0.1637,0.00094
"5310",10,-5,-1.66666666666667,5.6,0.17057,0.25957,0.16199,0.00077
"5311",1.6,-3.88888888888889,-1.66666666666667,5.6,0.27807,0.24648,0.06166,0.02657
"5312",2.53333333333333,-3.88888888888889,-1.66666666666667,5.6,0.27347,0.32712,0.14323,0.01176
"5313",3.46666666666667,-3.88888888888889,-1.66666666666667,5.6,0.25829,0.34522,0.17898,0.00722
"5314",4.4,-3.88888888888889,-1.66666666666667,5.6,0.24028,0.34122,0.1925,0.00586
"5315",5.33333333333333,-3.88888888888889,-1.66666666666667,5.6,0.2246,0.32953,0.19459,0.00485
"5316",6.26666666666667,-3.88888888888889,-1.66666666666667,5.6,0.21085,0.31624,0.18737,0.00437
"5317",7.2,-3.88888888888889,-1.66666666666667,5.6,0.19867,0.30273,0.18396,0.00404
"5318",8.13333333333333,-3.88888888888889,-1.66666666666667,5.6,0.18857,0.2889,0.17953,0.00385
"5319",9.06666666666667,-3.88888888888889,-1.66666666666667,5.6,0.17995,0.27707,0.17263,0.00356
"5320",10,-3.88888888888889,-1.66666666666667,5.6,0.172,0.26633,0.16623,0.00371
"5321",1.6,-2.77777777777778,-1.66666666666667,5.6,0.3252,0.35347,0.11587,0.0529
"5322",2.53333333333333,-2.77777777777778,-1.66666666666667,5.6,0.29965,0.40257,0.20346,0.03012
"5323",3.46666666666667,-2.77777777777778,-1.66666666666667,5.6,0.27221,0.39322,0.2239,0.02392
"5324",4.4,-2.77777777777778,-1.66666666666667,5.6,0.24905,0.373,0.22139,0.02116
"5325",5.33333333333333,-2.77777777777778,-1.66666666666667,5.6,0.22997,0.35187,0.21459,0.01888
"5326",6.26666666666667,-2.77777777777778,-1.66666666666667,5.6,0.21439,0.33088,0.2042,0.0178
"5327",7.2,-2.77777777777778,-1.66666666666667,5.6,0.20205,0.3129,0.19495,0.01743
"5328",8.13333333333333,-2.77777777777778,-1.66666666666667,5.6,0.19042,0.29777,0.18584,0.01652
"5329",9.06666666666667,-2.77777777777778,-1.66666666666667,5.6,0.18143,0.28373,0.1762,0.01617
"5330",10,-2.77777777777778,-1.66666666666667,5.6,0.17294,0.27148,0.17283,0.01595
"5331",1.6,-1.66666666666667,-1.66666666666667,5.6,0.37317,0.49764,0.2238,0.1278
"5332",2.53333333333333,-1.66666666666667,-1.66666666666667,5.6,0.32062,0.47521,0.27468,0.10199
"5333",3.46666666666667,-1.66666666666667,-1.66666666666667,5.6,0.28369,0.43331,0.26348,0.09056
"5334",4.4,-1.66666666666667,-1.66666666666667,5.6,0.25568,0.39803,0.24489,0.08697
"5335",5.33333333333333,-1.66666666666667,-1.66666666666667,5.6,0.23364,0.36677,0.22996,0.08468
"5336",6.26666666666667,-1.66666666666667,-1.66666666666667,5.6,0.21692,0.34156,0.21676,0.08294
"5337",7.2,-1.66666666666667,-1.66666666666667,5.6,0.20333,0.31991,0.20353,0.08208
"5338",8.13333333333333,-1.66666666666667,-1.66666666666667,5.6,0.1917,0.30228,0.19181,0.08057
"5339",9.06666666666667,-1.66666666666667,-1.66666666666667,5.6,0.18202,0.28721,0.18243,0.07966
"5340",10,-1.66666666666667,-1.66666666666667,5.6,0.17346,0.27453,0.17581,0.07882
"5341",1.6,-0.555555555555555,-1.66666666666667,5.6,0.40697,0.62622,0.38103,0.44658
"5342",2.53333333333333,-0.555555555555555,-1.66666666666667,5.6,0.33567,0.52346,0.32966,0.43285
"5343",3.46666666666667,-0.555555555555555,-1.66666666666667,5.6,0.29056,0.45548,0.28946,0.42866
"5344",4.4,-0.555555555555555,-1.66666666666667,5.6,0.25914,0.40816,0.25998,0.42645
"5345",5.33333333333333,-0.555555555555555,-1.66666666666667,5.6,0.23637,0.37235,0.23782,0.42431
"5346",6.26666666666667,-0.555555555555555,-1.66666666666667,5.6,0.21922,0.34561,0.22007,0.42291
"5347",7.2,-0.555555555555555,-1.66666666666667,5.6,0.20485,0.32401,0.20515,0.42257
"5348",8.13333333333333,-0.555555555555555,-1.66666666666667,5.6,0.19285,0.30606,0.19293,0.42226
"5349",9.06666666666667,-0.555555555555555,-1.66666666666667,5.6,0.18294,0.2898,0.1843,0.42201
"5350",10,-0.555555555555555,-1.66666666666667,5.6,0.17463,0.2764,0.17503,0.42139
"5351",1.6,0.555555555555555,-1.66666666666667,5.6,0.40817,0.62815,0.37693,0.4451
"5352",2.53333333333333,0.555555555555555,-1.66666666666667,5.6,0.33466,0.52348,0.32953,0.4335
"5353",3.46666666666667,0.555555555555555,-1.66666666666667,5.6,0.29112,0.45581,0.28854,0.42876
"5354",4.4,0.555555555555555,-1.66666666666667,5.6,0.26039,0.40888,0.25905,0.42582
"5355",5.33333333333333,0.555555555555555,-1.66666666666667,5.6,0.2378,0.37417,0.23697,0.42597
"5356",6.26666666666667,0.555555555555555,-1.66666666666667,5.6,0.2194,0.34674,0.22014,0.42473
"5357",7.2,0.555555555555555,-1.66666666666667,5.6,0.2056,0.32447,0.20557,0.42288
"5358",8.13333333333333,0.555555555555555,-1.66666666666667,5.6,0.19392,0.3057,0.19326,0.42214
"5359",9.06666666666667,0.555555555555555,-1.66666666666667,5.6,0.18383,0.29078,0.18419,0.42231
"5360",10,0.555555555555555,-1.66666666666667,5.6,0.17542,0.27731,0.17694,0.42126
"5361",1.6,1.66666666666667,-1.66666666666667,5.6,0.37316,0.50227,0.22362,0.12836
"5362",2.53333333333333,1.66666666666667,-1.66666666666667,5.6,0.32117,0.47768,0.27508,0.10138
"5363",3.46666666666667,1.66666666666667,-1.66666666666667,5.6,0.2834,0.43305,0.26438,0.09267
"5364",4.4,1.66666666666667,-1.66666666666667,5.6,0.25687,0.39596,0.2448,0.08739
"5365",5.33333333333333,1.66666666666667,-1.66666666666667,5.6,0.23567,0.36542,0.22704,0.08416
"5366",6.26666666666667,1.66666666666667,-1.66666666666667,5.6,0.21912,0.34127,0.21398,0.08343
"5367",7.2,1.66666666666667,-1.66666666666667,5.6,0.20455,0.32125,0.20241,0.08115
"5368",8.13333333333333,1.66666666666667,-1.66666666666667,5.6,0.19292,0.30345,0.19126,0.08071
"5369",9.06666666666667,1.66666666666667,-1.66666666666667,5.6,0.18267,0.28895,0.18259,0.07964
"5370",10,1.66666666666667,-1.66666666666667,5.6,0.17455,0.27563,0.1731,0.07856
"5371",1.6,2.77777777777778,-1.66666666666667,5.6,0.32369,0.35838,0.11674,0.05209
"5372",2.53333333333333,2.77777777777778,-1.66666666666667,5.6,0.30008,0.40694,0.20201,0.03016
"5373",3.46666666666667,2.77777777777778,-1.66666666666667,5.6,0.27306,0.39667,0.22449,0.02447
"5374",4.4,2.77777777777778,-1.66666666666667,5.6,0.24959,0.37457,0.22381,0.0207
"5375",5.33333333333333,2.77777777777778,-1.66666666666667,5.6,0.23075,0.35204,0.21246,0.01876
"5376",6.26666666666667,2.77777777777778,-1.66666666666667,5.6,0.21491,0.33101,0.20387,0.01808
"5377",7.2,2.77777777777778,-1.66666666666667,5.6,0.20216,0.31319,0.19768,0.01739
"5378",8.13333333333333,2.77777777777778,-1.66666666666667,5.6,0.19129,0.29819,0.18399,0.01666
"5379",9.06666666666667,2.77777777777778,-1.66666666666667,5.6,0.18173,0.28467,0.17821,0.01613
"5380",10,2.77777777777778,-1.66666666666667,5.6,0.17337,0.27205,0.17064,0.01548
"5381",1.6,3.88888888888889,-1.66666666666667,5.6,0.27834,0.25007,0.06272,0.02728
"5382",2.53333333333333,3.88888888888889,-1.66666666666667,5.6,0.27288,0.33097,0.14266,0.01141
"5383",3.46666666666667,3.88888888888889,-1.66666666666667,5.6,0.25696,0.34994,0.17859,0.00732
"5384",4.4,3.88888888888889,-1.66666666666667,5.6,0.2396,0.34463,0.19176,0.00574
"5385",5.33333333333333,3.88888888888889,-1.66666666666667,5.6,0.22456,0.33114,0.19498,0.00488
"5386",6.26666666666667,3.88888888888889,-1.66666666666667,5.6,0.21044,0.3172,0.19151,0.00411
"5387",7.2,3.88888888888889,-1.66666666666667,5.6,0.19875,0.30286,0.18375,0.00412
"5388",8.13333333333333,3.88888888888889,-1.66666666666667,5.6,0.18852,0.28894,0.17942,0.00387
"5389",9.06666666666667,3.88888888888889,-1.66666666666667,5.6,0.17959,0.27787,0.17157,0.00356
"5390",10,3.88888888888889,-1.66666666666667,5.6,0.1719,0.26768,0.16479,0.00354
"5391",1.6,5,-1.66666666666667,5.6,0.23845,0.17943,0.03584,0.01612
"5392",2.53333333333333,5,-1.66666666666667,5.6,0.24747,0.2656,0.09862,0.00538
"5393",3.46666666666667,5,-1.66666666666667,5.6,0.24081,0.30175,0.13974,0.00255
"5394",4.4,5,-1.66666666666667,5.6,0.22897,0.31176,0.16434,0.00177
"5395",5.33333333333333,5,-1.66666666666667,5.6,0.21672,0.30843,0.17153,0.00152
"5396",6.26666666666667,5,-1.66666666666667,5.6,0.20545,0.30044,0.17454,0.00126
"5397",7.2,5,-1.66666666666667,5.6,0.19523,0.29045,0.17116,0.00117
"5398",8.13333333333333,5,-1.66666666666667,5.6,0.18648,0.27957,0.16903,0.00085
"5399",9.06666666666667,5,-1.66666666666667,5.6,0.17797,0.26901,0.16255,0.00087
"5400",10,5,-1.66666666666667,5.6,0.17018,0.25985,0.1617,0.00084
"5401",1.6,-5,-0.555555555555555,5.6,0.23844,0.17683,0.03532,0.01629
"5402",2.53333333333333,-5,-0.555555555555555,5.6,0.24701,0.26102,0.09711,0.00501
"5403",3.46666666666667,-5,-0.555555555555555,5.6,0.23981,0.29868,0.14016,0.00261
"5404",4.4,-5,-0.555555555555555,5.6,0.22901,0.30778,0.16089,0.00185
"5405",5.33333333333333,-5,-0.555555555555555,5.6,0.21708,0.30595,0.17116,0.00157
"5406",6.26666666666667,-5,-0.555555555555555,5.6,0.206,0.29858,0.17289,0.00118
"5407",7.2,-5,-0.555555555555555,5.6,0.19607,0.28831,0.17056,0.00101
"5408",8.13333333333333,-5,-0.555555555555555,5.6,0.18586,0.2782,0.16906,0.001
"5409",9.06666666666667,-5,-0.555555555555555,5.6,0.17741,0.26897,0.16579,0.00084
"5410",10,-5,-0.555555555555555,5.6,0.17057,0.25957,0.16001,0.00093
"5411",1.6,-3.88888888888889,-0.555555555555555,5.6,0.27807,0.24648,0.06205,0.02767
"5412",2.53333333333333,-3.88888888888889,-0.555555555555555,5.6,0.27347,0.32712,0.13994,0.01132
"5413",3.46666666666667,-3.88888888888889,-0.555555555555555,5.6,0.25829,0.34522,0.17756,0.00766
"5414",4.4,-3.88888888888889,-0.555555555555555,5.6,0.24028,0.34122,0.19343,0.00574
"5415",5.33333333333333,-3.88888888888889,-0.555555555555555,5.6,0.2246,0.32953,0.19335,0.0045
"5416",6.26666666666667,-3.88888888888889,-0.555555555555555,5.6,0.21085,0.31624,0.18922,0.00432
"5417",7.2,-3.88888888888889,-0.555555555555555,5.6,0.19867,0.30273,0.18222,0.00415
"5418",8.13333333333333,-3.88888888888889,-0.555555555555555,5.6,0.18857,0.2889,0.1781,0.00384
"5419",9.06666666666667,-3.88888888888889,-0.555555555555555,5.6,0.17995,0.27707,0.17263,0.00381
"5420",10,-3.88888888888889,-0.555555555555555,5.6,0.172,0.26633,0.16476,0.00332
"5421",1.6,-2.77777777777778,-0.555555555555555,5.6,0.3252,0.35347,0.11613,0.05201
"5422",2.53333333333333,-2.77777777777778,-0.555555555555555,5.6,0.29965,0.40257,0.20126,0.03093
"5423",3.46666666666667,-2.77777777777778,-0.555555555555555,5.6,0.27221,0.39322,0.22312,0.02421
"5424",4.4,-2.77777777777778,-0.555555555555555,5.6,0.24905,0.373,0.22152,0.02067
"5425",5.33333333333333,-2.77777777777778,-0.555555555555555,5.6,0.22997,0.35187,0.21457,0.01843
"5426",6.26666666666667,-2.77777777777778,-0.555555555555555,5.6,0.21439,0.33088,0.20387,0.0182
"5427",7.2,-2.77777777777778,-0.555555555555555,5.6,0.20205,0.3129,0.19658,0.01653
"5428",8.13333333333333,-2.77777777777778,-0.555555555555555,5.6,0.19042,0.29777,0.18381,0.01613
"5429",9.06666666666667,-2.77777777777778,-0.555555555555555,5.6,0.18143,0.28373,0.18015,0.01575
"5430",10,-2.77777777777778,-0.555555555555555,5.6,0.17294,0.27148,0.17086,0.01615
"5431",1.6,-1.66666666666667,-0.555555555555555,5.6,0.37317,0.49764,0.2231,0.12763
"5432",2.53333333333333,-1.66666666666667,-0.555555555555555,5.6,0.32062,0.47521,0.27444,0.10132
"5433",3.46666666666667,-1.66666666666667,-0.555555555555555,5.6,0.28369,0.43331,0.2624,0.09235
"5434",4.4,-1.66666666666667,-0.555555555555555,5.6,0.25568,0.39803,0.24632,0.08684
"5435",5.33333333333333,-1.66666666666667,-0.555555555555555,5.6,0.23364,0.36677,0.23033,0.08434
"5436",6.26666666666667,-1.66666666666667,-0.555555555555555,5.6,0.21692,0.34156,0.21372,0.08278
"5437",7.2,-1.66666666666667,-0.555555555555555,5.6,0.20333,0.31991,0.20212,0.08244
"5438",8.13333333333333,-1.66666666666667,-0.555555555555555,5.6,0.1917,0.30228,0.19149,0.07998
"5439",9.06666666666667,-1.66666666666667,-0.555555555555555,5.6,0.18202,0.28721,0.18286,0.07957
"5440",10,-1.66666666666667,-0.555555555555555,5.6,0.17346,0.27453,0.17258,0.07919
"5441",1.6,-0.555555555555555,-0.555555555555555,5.6,0.40697,0.62622,0.3795,0.4457
"5442",2.53333333333333,-0.555555555555555,-0.555555555555555,5.6,0.33567,0.52346,0.32968,0.43423
"5443",3.46666666666667,-0.555555555555555,-0.555555555555555,5.6,0.29056,0.45548,0.28848,0.42785
"5444",4.4,-0.555555555555555,-0.555555555555555,5.6,0.25914,0.40816,0.26078,0.42556
"5445",5.33333333333333,-0.555555555555555,-0.555555555555555,5.6,0.23637,0.37235,0.23797,0.42403
"5446",6.26666666666667,-0.555555555555555,-0.555555555555555,5.6,0.21922,0.34561,0.22072,0.42266
"5447",7.2,-0.555555555555555,-0.555555555555555,5.6,0.20485,0.32401,0.2089,0.42211
"5448",8.13333333333333,-0.555555555555555,-0.555555555555555,5.6,0.19285,0.30606,0.19329,0.42194
"5449",9.06666666666667,-0.555555555555555,-0.555555555555555,5.6,0.18294,0.2898,0.18388,0.42186
"5450",10,-0.555555555555555,-0.555555555555555,5.6,0.17463,0.2764,0.17696,0.42133
"5451",1.6,0.555555555555555,-0.555555555555555,5.6,0.40817,0.62815,0.37865,0.4464
"5452",2.53333333333333,0.555555555555555,-0.555555555555555,5.6,0.33466,0.52348,0.32913,0.43344
"5453",3.46666666666667,0.555555555555555,-0.555555555555555,5.6,0.29112,0.45581,0.2885,0.42972
"5454",4.4,0.555555555555555,-0.555555555555555,5.6,0.26039,0.40888,0.25883,0.42704
"5455",5.33333333333333,0.555555555555555,-0.555555555555555,5.6,0.2378,0.37417,0.23775,0.42416
"5456",6.26666666666667,0.555555555555555,-0.555555555555555,5.6,0.2194,0.34674,0.21988,0.42416
"5457",7.2,0.555555555555555,-0.555555555555555,5.6,0.2056,0.32447,0.20809,0.42303
"5458",8.13333333333333,0.555555555555555,-0.555555555555555,5.6,0.19392,0.3057,0.19404,0.42176
"5459",9.06666666666667,0.555555555555555,-0.555555555555555,5.6,0.18383,0.29078,0.1858,0.42156
"5460",10,0.555555555555555,-0.555555555555555,5.6,0.17542,0.27731,0.1758,0.42194
"5461",1.6,1.66666666666667,-0.555555555555555,5.6,0.37316,0.50227,0.22334,0.12903
"5462",2.53333333333333,1.66666666666667,-0.555555555555555,5.6,0.32117,0.47768,0.273,0.1024
"5463",3.46666666666667,1.66666666666667,-0.555555555555555,5.6,0.2834,0.43305,0.26179,0.09146
"5464",4.4,1.66666666666667,-0.555555555555555,5.6,0.25687,0.39596,0.24561,0.08757
"5465",5.33333333333333,1.66666666666667,-0.555555555555555,5.6,0.23567,0.36542,0.23039,0.08452
"5466",6.26666666666667,1.66666666666667,-0.555555555555555,5.6,0.21912,0.34127,0.2135,0.08161
"5467",7.2,1.66666666666667,-0.555555555555555,5.6,0.20455,0.32125,0.20375,0.08154
"5468",8.13333333333333,1.66666666666667,-0.555555555555555,5.6,0.19292,0.30345,0.19067,0.08002
"5469",9.06666666666667,1.66666666666667,-0.555555555555555,5.6,0.18267,0.28895,0.18226,0.08007
"5470",10,1.66666666666667,-0.555555555555555,5.6,0.17455,0.27563,0.17324,0.07911
"5471",1.6,2.77777777777778,-0.555555555555555,5.6,0.32369,0.35838,0.11788,0.05245
"5472",2.53333333333333,2.77777777777778,-0.555555555555555,5.6,0.30008,0.40694,0.20195,0.03052
"5473",3.46666666666667,2.77777777777778,-0.555555555555555,5.6,0.27306,0.39667,0.22356,0.02374
"5474",4.4,2.77777777777778,-0.555555555555555,5.6,0.24959,0.37457,0.22069,0.02073
"5475",5.33333333333333,2.77777777777778,-0.555555555555555,5.6,0.23075,0.35204,0.21341,0.01934
"5476",6.26666666666667,2.77777777777778,-0.555555555555555,5.6,0.21491,0.33101,0.20529,0.01776
"5477",7.2,2.77777777777778,-0.555555555555555,5.6,0.20216,0.31319,0.19403,0.01708
"5478",8.13333333333333,2.77777777777778,-0.555555555555555,5.6,0.19129,0.29819,0.18501,0.01656
"5479",9.06666666666667,2.77777777777778,-0.555555555555555,5.6,0.18173,0.28467,0.17871,0.01623
"5480",10,2.77777777777778,-0.555555555555555,5.6,0.17337,0.27205,0.17237,0.01619
"5481",1.6,3.88888888888889,-0.555555555555555,5.6,0.27834,0.25007,0.06258,0.02685
"5482",2.53333333333333,3.88888888888889,-0.555555555555555,5.6,0.27288,0.33097,0.14123,0.01144
"5483",3.46666666666667,3.88888888888889,-0.555555555555555,5.6,0.25696,0.34994,0.17938,0.0074
"5484",4.4,3.88888888888889,-0.555555555555555,5.6,0.2396,0.34463,0.19342,0.00578
"5485",5.33333333333333,3.88888888888889,-0.555555555555555,5.6,0.22456,0.33114,0.19354,0.00478
"5486",6.26666666666667,3.88888888888889,-0.555555555555555,5.6,0.21044,0.3172,0.18916,0.00452
"5487",7.2,3.88888888888889,-0.555555555555555,5.6,0.19875,0.30286,0.18137,0.00384
"5488",8.13333333333333,3.88888888888889,-0.555555555555555,5.6,0.18852,0.28894,0.17823,0.00392
"5489",9.06666666666667,3.88888888888889,-0.555555555555555,5.6,0.17959,0.27787,0.17313,0.00355
"5490",10,3.88888888888889,-0.555555555555555,5.6,0.1719,0.26768,0.16598,0.00342
"5491",1.6,5,-0.555555555555555,5.6,0.23845,0.17943,0.03631,0.0169
"5492",2.53333333333333,5,-0.555555555555555,5.6,0.24747,0.2656,0.09678,0.00543
"5493",3.46666666666667,5,-0.555555555555555,5.6,0.24081,0.30175,0.14172,0.00256
"5494",4.4,5,-0.555555555555555,5.6,0.22897,0.31176,0.16036,0.00186
"5495",5.33333333333333,5,-0.555555555555555,5.6,0.21672,0.30843,0.17176,0.0015
"5496",6.26666666666667,5,-0.555555555555555,5.6,0.20545,0.30044,0.17246,0.00112
"5497",7.2,5,-0.555555555555555,5.6,0.19523,0.29045,0.17096,0.00107
"5498",8.13333333333333,5,-0.555555555555555,5.6,0.18648,0.27957,0.16824,0.00091
"5499",9.06666666666667,5,-0.555555555555555,5.6,0.17797,0.26901,0.16316,0.00085
"5500",10,5,-0.555555555555555,5.6,0.17018,0.25985,0.15818,0.00079
"5501",1.6,-5,0.555555555555555,5.6,0.23844,0.17683,0.03505,0.01615
"5502",2.53333333333333,-5,0.555555555555555,5.6,0.24701,0.26102,0.09813,0.00514
"5503",3.46666666666667,-5,0.555555555555555,5.6,0.23981,0.29868,0.1399,0.00256
"5504",4.4,-5,0.555555555555555,5.6,0.22901,0.30778,0.16326,0.00194
"5505",5.33333333333333,-5,0.555555555555555,5.6,0.21708,0.30595,0.17234,0.00146
"5506",6.26666666666667,-5,0.555555555555555,5.6,0.206,0.29858,0.17253,0.00113
"5507",7.2,-5,0.555555555555555,5.6,0.19607,0.28831,0.17259,0.00106
"5508",8.13333333333333,-5,0.555555555555555,5.6,0.18586,0.2782,0.16907,0.00095
"5509",9.06666666666667,-5,0.555555555555555,5.6,0.17741,0.26897,0.16356,0.00091
"5510",10,-5,0.555555555555555,5.6,0.17057,0.25957,0.16029,0.00096
"5511",1.6,-3.88888888888889,0.555555555555555,5.6,0.27807,0.24648,0.06258,0.0263
"5512",2.53333333333333,-3.88888888888889,0.555555555555555,5.6,0.27347,0.32712,0.14145,0.01177
"5513",3.46666666666667,-3.88888888888889,0.555555555555555,5.6,0.25829,0.34522,0.17936,0.00708
"5514",4.4,-3.88888888888889,0.555555555555555,5.6,0.24028,0.34122,0.19226,0.00597
"5515",5.33333333333333,-3.88888888888889,0.555555555555555,5.6,0.2246,0.32953,0.19194,0.00479
"5516",6.26666666666667,-3.88888888888889,0.555555555555555,5.6,0.21085,0.31624,0.18935,0.00437
"5517",7.2,-3.88888888888889,0.555555555555555,5.6,0.19867,0.30273,0.1836,0.00425
"5518",8.13333333333333,-3.88888888888889,0.555555555555555,5.6,0.18857,0.2889,0.17773,0.00393
"5519",9.06666666666667,-3.88888888888889,0.555555555555555,5.6,0.17995,0.27707,0.1727,0.00347
"5520",10,-3.88888888888889,0.555555555555555,5.6,0.172,0.26633,0.16617,0.00337
"5521",1.6,-2.77777777777778,0.555555555555555,5.6,0.3252,0.35347,0.11675,0.05286
"5522",2.53333333333333,-2.77777777777778,0.555555555555555,5.6,0.29965,0.40257,0.20273,0.03113
"5523",3.46666666666667,-2.77777777777778,0.555555555555555,5.6,0.27221,0.39322,0.22447,0.02414
"5524",4.4,-2.77777777777778,0.555555555555555,5.6,0.24905,0.373,0.22053,0.02072
"5525",5.33333333333333,-2.77777777777778,0.555555555555555,5.6,0.22997,0.35187,0.21465,0.0195
"5526",6.26666666666667,-2.77777777777778,0.555555555555555,5.6,0.21439,0.33088,0.20502,0.01792
"5527",7.2,-2.77777777777778,0.555555555555555,5.6,0.20205,0.3129,0.19534,0.01721
"5528",8.13333333333333,-2.77777777777778,0.555555555555555,5.6,0.19042,0.29777,0.18363,0.01637
"5529",9.06666666666667,-2.77777777777778,0.555555555555555,5.6,0.18143,0.28373,0.17877,0.0161
"5530",10,-2.77777777777778,0.555555555555555,5.6,0.17294,0.27148,0.17057,0.01616
"5531",1.6,-1.66666666666667,0.555555555555555,5.6,0.37317,0.49764,0.22341,0.12741
"5532",2.53333333333333,-1.66666666666667,0.555555555555555,5.6,0.32062,0.47521,0.27345,0.10135
"5533",3.46666666666667,-1.66666666666667,0.555555555555555,5.6,0.28369,0.43331,0.2639,0.09297
"5534",4.4,-1.66666666666667,0.555555555555555,5.6,0.25568,0.39803,0.24615,0.08763
"5535",5.33333333333333,-1.66666666666667,0.555555555555555,5.6,0.23364,0.36677,0.22963,0.08508
"5536",6.26666666666667,-1.66666666666667,0.555555555555555,5.6,0.21692,0.34156,0.21507,0.08311
"5537",7.2,-1.66666666666667,0.555555555555555,5.6,0.20333,0.31991,0.20324,0.08179
"5538",8.13333333333333,-1.66666666666667,0.555555555555555,5.6,0.1917,0.30228,0.19223,0.08045
"5539",9.06666666666667,-1.66666666666667,0.555555555555555,5.6,0.18202,0.28721,0.18328,0.07945
"5540",10,-1.66666666666667,0.555555555555555,5.6,0.17346,0.27453,0.17299,0.07943
"5541",1.6,-0.555555555555555,0.555555555555555,5.6,0.40697,0.62622,0.37677,0.44682
"5542",2.53333333333333,-0.555555555555555,0.555555555555555,5.6,0.33567,0.52346,0.33074,0.43513
"5543",3.46666666666667,-0.555555555555555,0.555555555555555,5.6,0.29056,0.45548,0.28724,0.42886
"5544",4.4,-0.555555555555555,0.555555555555555,5.6,0.25914,0.40816,0.2587,0.42723
"5545",5.33333333333333,-0.555555555555555,0.555555555555555,5.6,0.23637,0.37235,0.2384,0.42514
"5546",6.26666666666667,-0.555555555555555,0.555555555555555,5.6,0.21922,0.34561,0.21989,0.42319
"5547",7.2,-0.555555555555555,0.555555555555555,5.6,0.20485,0.32401,0.20448,0.423
"5548",8.13333333333333,-0.555555555555555,0.555555555555555,5.6,0.19285,0.30606,0.19651,0.42248
"5549",9.06666666666667,-0.555555555555555,0.555555555555555,5.6,0.18294,0.2898,0.18446,0.42211
"5550",10,-0.555555555555555,0.555555555555555,5.6,0.17463,0.2764,0.17607,0.42073
"5551",1.6,0.555555555555555,0.555555555555555,5.6,0.40817,0.62815,0.37999,0.44592
"5552",2.53333333333333,0.555555555555555,0.555555555555555,5.6,0.33466,0.52348,0.32867,0.43507
"5553",3.46666666666667,0.555555555555555,0.555555555555555,5.6,0.29112,0.45581,0.2889,0.42681
"5554",4.4,0.555555555555555,0.555555555555555,5.6,0.26039,0.40888,0.26016,0.42553
"5555",5.33333333333333,0.555555555555555,0.555555555555555,5.6,0.2378,0.37417,0.23917,0.42476
"5556",6.26666666666667,0.555555555555555,0.555555555555555,5.6,0.2194,0.34674,0.22005,0.42315
"5557",7.2,0.555555555555555,0.555555555555555,5.6,0.2056,0.32447,0.20584,0.4237
"5558",8.13333333333333,0.555555555555555,0.555555555555555,5.6,0.19392,0.3057,0.19509,0.42308
"5559",9.06666666666667,0.555555555555555,0.555555555555555,5.6,0.18383,0.29078,0.18376,0.42097
"5560",10,0.555555555555555,0.555555555555555,5.6,0.17542,0.27731,0.1758,0.42065
"5561",1.6,1.66666666666667,0.555555555555555,5.6,0.37316,0.50227,0.22456,0.12831
"5562",2.53333333333333,1.66666666666667,0.555555555555555,5.6,0.32117,0.47768,0.27203,0.1018
"5563",3.46666666666667,1.66666666666667,0.555555555555555,5.6,0.2834,0.43305,0.26349,0.09206
"5564",4.4,1.66666666666667,0.555555555555555,5.6,0.25687,0.39596,0.24599,0.08933
"5565",5.33333333333333,1.66666666666667,0.555555555555555,5.6,0.23567,0.36542,0.22757,0.08467
"5566",6.26666666666667,1.66666666666667,0.555555555555555,5.6,0.21912,0.34127,0.21504,0.08376
"5567",7.2,1.66666666666667,0.555555555555555,5.6,0.20455,0.32125,0.20046,0.08193
"5568",8.13333333333333,1.66666666666667,0.555555555555555,5.6,0.19292,0.30345,0.19078,0.08036
"5569",9.06666666666667,1.66666666666667,0.555555555555555,5.6,0.18267,0.28895,0.18261,0.07961
"5570",10,1.66666666666667,0.555555555555555,5.6,0.17455,0.27563,0.17559,0.07885
"5571",1.6,2.77777777777778,0.555555555555555,5.6,0.32369,0.35838,0.11664,0.05236
"5572",2.53333333333333,2.77777777777778,0.555555555555555,5.6,0.30008,0.40694,0.2002,0.02983
"5573",3.46666666666667,2.77777777777778,0.555555555555555,5.6,0.27306,0.39667,0.2235,0.02428
"5574",4.4,2.77777777777778,0.555555555555555,5.6,0.24959,0.37457,0.22345,0.02107
"5575",5.33333333333333,2.77777777777778,0.555555555555555,5.6,0.23075,0.35204,0.21169,0.01848
"5576",6.26666666666667,2.77777777777778,0.555555555555555,5.6,0.21491,0.33101,0.20357,0.01798
"5577",7.2,2.77777777777778,0.555555555555555,5.6,0.20216,0.31319,0.19237,0.01728
"5578",8.13333333333333,2.77777777777778,0.555555555555555,5.6,0.19129,0.29819,0.18699,0.01668
"5579",9.06666666666667,2.77777777777778,0.555555555555555,5.6,0.18173,0.28467,0.17963,0.01608
"5580",10,2.77777777777778,0.555555555555555,5.6,0.17337,0.27205,0.17318,0.01578
"5581",1.6,3.88888888888889,0.555555555555555,5.6,0.27834,0.25007,0.06221,0.02729
"5582",2.53333333333333,3.88888888888889,0.555555555555555,5.6,0.27288,0.33097,0.14136,0.01164
"5583",3.46666666666667,3.88888888888889,0.555555555555555,5.6,0.25696,0.34994,0.17883,0.00749
"5584",4.4,3.88888888888889,0.555555555555555,5.6,0.2396,0.34463,0.19087,0.00559
"5585",5.33333333333333,3.88888888888889,0.555555555555555,5.6,0.22456,0.33114,0.19472,0.00493
"5586",6.26666666666667,3.88888888888889,0.555555555555555,5.6,0.21044,0.3172,0.19046,0.00453
"5587",7.2,3.88888888888889,0.555555555555555,5.6,0.19875,0.30286,0.18541,0.00417
"5588",8.13333333333333,3.88888888888889,0.555555555555555,5.6,0.18852,0.28894,0.17618,0.0037
"5589",9.06666666666667,3.88888888888889,0.555555555555555,5.6,0.17959,0.27787,0.173,0.00361
"5590",10,3.88888888888889,0.555555555555555,5.6,0.1719,0.26768,0.16565,0.0033
"5591",1.6,5,0.555555555555555,5.6,0.23845,0.17943,0.03565,0.01609
"5592",2.53333333333333,5,0.555555555555555,5.6,0.24747,0.2656,0.09859,0.00513
"5593",3.46666666666667,5,0.555555555555555,5.6,0.24081,0.30175,0.14138,0.00272
"5594",4.4,5,0.555555555555555,5.6,0.22897,0.31176,0.16175,0.00201
"5595",5.33333333333333,5,0.555555555555555,5.6,0.21672,0.30843,0.17145,0.00132
"5596",6.26666666666667,5,0.555555555555555,5.6,0.20545,0.30044,0.17345,0.00116
"5597",7.2,5,0.555555555555555,5.6,0.19523,0.29045,0.17301,0.00104
"5598",8.13333333333333,5,0.555555555555555,5.6,0.18648,0.27957,0.16764,0.00089
"5599",9.06666666666667,5,0.555555555555555,5.6,0.17797,0.26901,0.1644,0.00084
"5600",10,5,0.555555555555555,5.6,0.17018,0.25985,0.16121,9e-04
"5601",1.6,-5,1.66666666666667,5.6,0.23844,0.17683,0.03535,0.01602
"5602",2.53333333333333,-5,1.66666666666667,5.6,0.24701,0.26102,0.09569,0.00496
"5603",3.46666666666667,-5,1.66666666666667,5.6,0.23981,0.29868,0.14078,0.00269
"5604",4.4,-5,1.66666666666667,5.6,0.22901,0.30778,0.16108,0.00206
"5605",5.33333333333333,-5,1.66666666666667,5.6,0.21708,0.30595,0.17072,0.00147
"5606",6.26666666666667,-5,1.66666666666667,5.6,0.206,0.29858,0.17409,0.00118
"5607",7.2,-5,1.66666666666667,5.6,0.19607,0.28831,0.17222,0.00115
"5608",8.13333333333333,-5,1.66666666666667,5.6,0.18586,0.2782,0.16726,0.00102
"5609",9.06666666666667,-5,1.66666666666667,5.6,0.17741,0.26897,0.16356,0.00093
"5610",10,-5,1.66666666666667,5.6,0.17057,0.25957,0.15851,0.00084
"5611",1.6,-3.88888888888889,1.66666666666667,5.6,0.27807,0.24648,0.06168,0.02714
"5612",2.53333333333333,-3.88888888888889,1.66666666666667,5.6,0.27347,0.32712,0.1407,0.01123
"5613",3.46666666666667,-3.88888888888889,1.66666666666667,5.6,0.25829,0.34522,0.18012,0.00725
"5614",4.4,-3.88888888888889,1.66666666666667,5.6,0.24028,0.34122,0.19387,0.00593
"5615",5.33333333333333,-3.88888888888889,1.66666666666667,5.6,0.2246,0.32953,0.19226,0.00469
"5616",6.26666666666667,-3.88888888888889,1.66666666666667,5.6,0.21085,0.31624,0.18869,0.00456
"5617",7.2,-3.88888888888889,1.66666666666667,5.6,0.19867,0.30273,0.18303,0.00413
"5618",8.13333333333333,-3.88888888888889,1.66666666666667,5.6,0.18857,0.2889,0.18025,0.00387
"5619",9.06666666666667,-3.88888888888889,1.66666666666667,5.6,0.17995,0.27707,0.1723,0.00374
"5620",10,-3.88888888888889,1.66666666666667,5.6,0.172,0.26633,0.1654,0.00349
"5621",1.6,-2.77777777777778,1.66666666666667,5.6,0.3252,0.35347,0.11698,0.05278
"5622",2.53333333333333,-2.77777777777778,1.66666666666667,5.6,0.29965,0.40257,0.20306,0.0307
"5623",3.46666666666667,-2.77777777777778,1.66666666666667,5.6,0.27221,0.39322,0.22138,0.0244
"5624",4.4,-2.77777777777778,1.66666666666667,5.6,0.24905,0.373,0.22089,0.02081
"5625",5.33333333333333,-2.77777777777778,1.66666666666667,5.6,0.22997,0.35187,0.21551,0.0187
"5626",6.26666666666667,-2.77777777777778,1.66666666666667,5.6,0.21439,0.33088,0.20478,0.01803
"5627",7.2,-2.77777777777778,1.66666666666667,5.6,0.20205,0.3129,0.19383,0.01704
"5628",8.13333333333333,-2.77777777777778,1.66666666666667,5.6,0.19042,0.29777,0.18714,0.01613
"5629",9.06666666666667,-2.77777777777778,1.66666666666667,5.6,0.18143,0.28373,0.17922,0.01618
"5630",10,-2.77777777777778,1.66666666666667,5.6,0.17294,0.27148,0.17161,0.01602
"5631",1.6,-1.66666666666667,1.66666666666667,5.6,0.37317,0.49764,0.22342,0.12792
"5632",2.53333333333333,-1.66666666666667,1.66666666666667,5.6,0.32062,0.47521,0.27535,0.10163
"5633",3.46666666666667,-1.66666666666667,1.66666666666667,5.6,0.28369,0.43331,0.26421,0.09172
"5634",4.4,-1.66666666666667,1.66666666666667,5.6,0.25568,0.39803,0.24733,0.08757
"5635",5.33333333333333,-1.66666666666667,1.66666666666667,5.6,0.23364,0.36677,0.22743,0.08573
"5636",6.26666666666667,-1.66666666666667,1.66666666666667,5.6,0.21692,0.34156,0.21849,0.08275
"5637",7.2,-1.66666666666667,1.66666666666667,5.6,0.20333,0.31991,0.20258,0.08059
"5638",8.13333333333333,-1.66666666666667,1.66666666666667,5.6,0.1917,0.30228,0.19103,0.0799
"5639",9.06666666666667,-1.66666666666667,1.66666666666667,5.6,0.18202,0.28721,0.18352,0.08013
"5640",10,-1.66666666666667,1.66666666666667,5.6,0.17346,0.27453,0.1753,0.07898
"5641",1.6,-0.555555555555555,1.66666666666667,5.6,0.40697,0.62622,0.37577,0.44693
"5642",2.53333333333333,-0.555555555555555,1.66666666666667,5.6,0.33567,0.52346,0.32796,0.43336
"5643",3.46666666666667,-0.555555555555555,1.66666666666667,5.6,0.29056,0.45548,0.28895,0.42939
"5644",4.4,-0.555555555555555,1.66666666666667,5.6,0.25914,0.40816,0.25827,0.42501
"5645",5.33333333333333,-0.555555555555555,1.66666666666667,5.6,0.23637,0.37235,0.23639,0.42538
"5646",6.26666666666667,-0.555555555555555,1.66666666666667,5.6,0.21922,0.34561,0.22157,0.42349
"5647",7.2,-0.555555555555555,1.66666666666667,5.6,0.20485,0.32401,0.2059,0.42363
"5648",8.13333333333333,-0.555555555555555,1.66666666666667,5.6,0.19285,0.30606,0.19437,0.42285
"5649",9.06666666666667,-0.555555555555555,1.66666666666667,5.6,0.18294,0.2898,0.18532,0.4219
"5650",10,-0.555555555555555,1.66666666666667,5.6,0.17463,0.2764,0.17736,0.42013
"5651",1.6,0.555555555555555,1.66666666666667,5.6,0.40817,0.62815,0.37738,0.44638
"5652",2.53333333333333,0.555555555555555,1.66666666666667,5.6,0.33466,0.52348,0.33023,0.43383
"5653",3.46666666666667,0.555555555555555,1.66666666666667,5.6,0.29112,0.45581,0.28969,0.42782
"5654",4.4,0.555555555555555,1.66666666666667,5.6,0.26039,0.40888,0.25996,0.42691
"5655",5.33333333333333,0.555555555555555,1.66666666666667,5.6,0.2378,0.37417,0.23645,0.42381
"5656",6.26666666666667,0.555555555555555,1.66666666666667,5.6,0.2194,0.34674,0.21915,0.42365
"5657",7.2,0.555555555555555,1.66666666666667,5.6,0.2056,0.32447,0.20556,0.423
"5658",8.13333333333333,0.555555555555555,1.66666666666667,5.6,0.19392,0.3057,0.19425,0.42204
"5659",9.06666666666667,0.555555555555555,1.66666666666667,5.6,0.18383,0.29078,0.18365,0.42199
"5660",10,0.555555555555555,1.66666666666667,5.6,0.17542,0.27731,0.17479,0.42148
"5661",1.6,1.66666666666667,1.66666666666667,5.6,0.37316,0.50227,0.22443,0.12678
"5662",2.53333333333333,1.66666666666667,1.66666666666667,5.6,0.32117,0.47768,0.27342,0.10202
"5663",3.46666666666667,1.66666666666667,1.66666666666667,5.6,0.2834,0.43305,0.26359,0.09257
"5664",4.4,1.66666666666667,1.66666666666667,5.6,0.25687,0.39596,0.24565,0.08728
"5665",5.33333333333333,1.66666666666667,1.66666666666667,5.6,0.23567,0.36542,0.22803,0.08414
"5666",6.26666666666667,1.66666666666667,1.66666666666667,5.6,0.21912,0.34127,0.21408,0.08197
"5667",7.2,1.66666666666667,1.66666666666667,5.6,0.20455,0.32125,0.20194,0.08104
"5668",8.13333333333333,1.66666666666667,1.66666666666667,5.6,0.19292,0.30345,0.19421,0.08001
"5669",9.06666666666667,1.66666666666667,1.66666666666667,5.6,0.18267,0.28895,0.18217,0.07934
"5670",10,1.66666666666667,1.66666666666667,5.6,0.17455,0.27563,0.17521,0.07925
"5671",1.6,2.77777777777778,1.66666666666667,5.6,0.32369,0.35838,0.11596,0.05335
"5672",2.53333333333333,2.77777777777778,1.66666666666667,5.6,0.30008,0.40694,0.20127,0.03031
"5673",3.46666666666667,2.77777777777778,1.66666666666667,5.6,0.27306,0.39667,0.221,0.02362
"5674",4.4,2.77777777777778,1.66666666666667,5.6,0.24959,0.37457,0.22122,0.02096
"5675",5.33333333333333,2.77777777777778,1.66666666666667,5.6,0.23075,0.35204,0.21612,0.01944
"5676",6.26666666666667,2.77777777777778,1.66666666666667,5.6,0.21491,0.33101,0.20149,0.01787
"5677",7.2,2.77777777777778,1.66666666666667,5.6,0.20216,0.31319,0.19445,0.01731
"5678",8.13333333333333,2.77777777777778,1.66666666666667,5.6,0.19129,0.29819,0.18582,0.01642
"5679",9.06666666666667,2.77777777777778,1.66666666666667,5.6,0.18173,0.28467,0.17667,0.01622
"5680",10,2.77777777777778,1.66666666666667,5.6,0.17337,0.27205,0.17107,0.01559
"5681",1.6,3.88888888888889,1.66666666666667,5.6,0.27834,0.25007,0.0625,0.02753
"5682",2.53333333333333,3.88888888888889,1.66666666666667,5.6,0.27288,0.33097,0.14176,0.01189
"5683",3.46666666666667,3.88888888888889,1.66666666666667,5.6,0.25696,0.34994,0.17946,0.00753
"5684",4.4,3.88888888888889,1.66666666666667,5.6,0.2396,0.34463,0.1918,0.00568
"5685",5.33333333333333,3.88888888888889,1.66666666666667,5.6,0.22456,0.33114,0.19433,0.00488
"5686",6.26666666666667,3.88888888888889,1.66666666666667,5.6,0.21044,0.3172,0.19082,0.00424
"5687",7.2,3.88888888888889,1.66666666666667,5.6,0.19875,0.30286,0.18278,0.00408
"5688",8.13333333333333,3.88888888888889,1.66666666666667,5.6,0.18852,0.28894,0.17836,0.00381
"5689",9.06666666666667,3.88888888888889,1.66666666666667,5.6,0.17959,0.27787,0.17128,0.00374
"5690",10,3.88888888888889,1.66666666666667,5.6,0.1719,0.26768,0.16651,0.00347
"5691",1.6,5,1.66666666666667,5.6,0.23845,0.17943,0.03546,0.01623
"5692",2.53333333333333,5,1.66666666666667,5.6,0.24747,0.2656,0.0974,0.00494
"5693",3.46666666666667,5,1.66666666666667,5.6,0.24081,0.30175,0.1408,0.00247
"5694",4.4,5,1.66666666666667,5.6,0.22897,0.31176,0.16345,0.00177
"5695",5.33333333333333,5,1.66666666666667,5.6,0.21672,0.30843,0.17162,0.00137
"5696",6.26666666666667,5,1.66666666666667,5.6,0.20545,0.30044,0.1719,0.00117
"5697",7.2,5,1.66666666666667,5.6,0.19523,0.29045,0.17263,0.00107
"5698",8.13333333333333,5,1.66666666666667,5.6,0.18648,0.27957,0.16862,0.00098
"5699",9.06666666666667,5,1.66666666666667,5.6,0.17797,0.26901,0.16201,0.00079
"5700",10,5,1.66666666666667,5.6,0.17018,0.25985,0.15935,0.00087
"5701",1.6,-5,2.77777777777778,5.6,0.23844,0.17683,0.03598,0.01656
"5702",2.53333333333333,-5,2.77777777777778,5.6,0.24701,0.26102,0.09706,0.0049
"5703",3.46666666666667,-5,2.77777777777778,5.6,0.23981,0.29868,0.14002,0.00239
"5704",4.4,-5,2.77777777777778,5.6,0.22901,0.30778,0.16357,0.00194
"5705",5.33333333333333,-5,2.77777777777778,5.6,0.21708,0.30595,0.17033,0.00145
"5706",6.26666666666667,-5,2.77777777777778,5.6,0.206,0.29858,0.17181,0.00121
"5707",7.2,-5,2.77777777777778,5.6,0.19607,0.28831,0.17182,0.00111
"5708",8.13333333333333,-5,2.77777777777778,5.6,0.18586,0.2782,0.16808,0.00096
"5709",9.06666666666667,-5,2.77777777777778,5.6,0.17741,0.26897,0.16605,0.00102
"5710",10,-5,2.77777777777778,5.6,0.17057,0.25957,0.1625,0.00094
"5711",1.6,-3.88888888888889,2.77777777777778,5.6,0.27807,0.24648,0.06206,0.02608
"5712",2.53333333333333,-3.88888888888889,2.77777777777778,5.6,0.27347,0.32712,0.14158,0.01224
"5713",3.46666666666667,-3.88888888888889,2.77777777777778,5.6,0.25829,0.34522,0.17893,0.00757
"5714",4.4,-3.88888888888889,2.77777777777778,5.6,0.24028,0.34122,0.19174,0.00556
"5715",5.33333333333333,-3.88888888888889,2.77777777777778,5.6,0.2246,0.32953,0.1922,0.00486
"5716",6.26666666666667,-3.88888888888889,2.77777777777778,5.6,0.21085,0.31624,0.19174,0.00419
"5717",7.2,-3.88888888888889,2.77777777777778,5.6,0.19867,0.30273,0.18431,0.00403
"5718",8.13333333333333,-3.88888888888889,2.77777777777778,5.6,0.18857,0.2889,0.17687,0.00362
"5719",9.06666666666667,-3.88888888888889,2.77777777777778,5.6,0.17995,0.27707,0.17266,0.00372
"5720",10,-3.88888888888889,2.77777777777778,5.6,0.172,0.26633,0.16756,0.00347
"5721",1.6,-2.77777777777778,2.77777777777778,5.6,0.3252,0.35347,0.11481,0.05234
"5722",2.53333333333333,-2.77777777777778,2.77777777777778,5.6,0.29965,0.40257,0.20148,0.03036
"5723",3.46666666666667,-2.77777777777778,2.77777777777778,5.6,0.27221,0.39322,0.22307,0.02359
"5724",4.4,-2.77777777777778,2.77777777777778,5.6,0.24905,0.373,0.22395,0.02116
"5725",5.33333333333333,-2.77777777777778,2.77777777777778,5.6,0.22997,0.35187,0.21595,0.01915
"5726",6.26666666666667,-2.77777777777778,2.77777777777778,5.6,0.21439,0.33088,0.20529,0.01785
"5727",7.2,-2.77777777777778,2.77777777777778,5.6,0.20205,0.3129,0.19416,0.0169
"5728",8.13333333333333,-2.77777777777778,2.77777777777778,5.6,0.19042,0.29777,0.18649,0.01648
"5729",9.06666666666667,-2.77777777777778,2.77777777777778,5.6,0.18143,0.28373,0.17815,0.01597
"5730",10,-2.77777777777778,2.77777777777778,5.6,0.17294,0.27148,0.17023,0.01574
"5731",1.6,-1.66666666666667,2.77777777777778,5.6,0.37317,0.49764,0.22456,0.12748
"5732",2.53333333333333,-1.66666666666667,2.77777777777778,5.6,0.32062,0.47521,0.27186,0.10114
"5733",3.46666666666667,-1.66666666666667,2.77777777777778,5.6,0.28369,0.43331,0.26422,0.09211
"5734",4.4,-1.66666666666667,2.77777777777778,5.6,0.25568,0.39803,0.24593,0.0868
"5735",5.33333333333333,-1.66666666666667,2.77777777777778,5.6,0.23364,0.36677,0.2296,0.08502
"5736",6.26666666666667,-1.66666666666667,2.77777777777778,5.6,0.21692,0.34156,0.21339,0.083
"5737",7.2,-1.66666666666667,2.77777777777778,5.6,0.20333,0.31991,0.20309,0.08191
"5738",8.13333333333333,-1.66666666666667,2.77777777777778,5.6,0.1917,0.30228,0.19126,0.08085
"5739",9.06666666666667,-1.66666666666667,2.77777777777778,5.6,0.18202,0.28721,0.18151,0.08002
"5740",10,-1.66666666666667,2.77777777777778,5.6,0.17346,0.27453,0.17268,0.07886
"5741",1.6,-0.555555555555555,2.77777777777778,5.6,0.40697,0.62622,0.38019,0.44645
"5742",2.53333333333333,-0.555555555555555,2.77777777777778,5.6,0.33567,0.52346,0.33026,0.4334
"5743",3.46666666666667,-0.555555555555555,2.77777777777778,5.6,0.29056,0.45548,0.29074,0.42808
"5744",4.4,-0.555555555555555,2.77777777777778,5.6,0.25914,0.40816,0.25934,0.42578
"5745",5.33333333333333,-0.555555555555555,2.77777777777778,5.6,0.23637,0.37235,0.23596,0.42389
"5746",6.26666666666667,-0.555555555555555,2.77777777777778,5.6,0.21922,0.34561,0.21998,0.42319
"5747",7.2,-0.555555555555555,2.77777777777778,5.6,0.20485,0.32401,0.20478,0.42322
"5748",8.13333333333333,-0.555555555555555,2.77777777777778,5.6,0.19285,0.30606,0.19512,0.42195
"5749",9.06666666666667,-0.555555555555555,2.77777777777778,5.6,0.18294,0.2898,0.18422,0.42246
"5750",10,-0.555555555555555,2.77777777777778,5.6,0.17463,0.2764,0.17706,0.42143
"5751",1.6,0.555555555555555,2.77777777777778,5.6,0.40817,0.62815,0.37965,0.44659
"5752",2.53333333333333,0.555555555555555,2.77777777777778,5.6,0.33466,0.52348,0.32985,0.433
"5753",3.46666666666667,0.555555555555555,2.77777777777778,5.6,0.29112,0.45581,0.28811,0.42983
"5754",4.4,0.555555555555555,2.77777777777778,5.6,0.26039,0.40888,0.26066,0.4252
"5755",5.33333333333333,0.555555555555555,2.77777777777778,5.6,0.2378,0.37417,0.23937,0.42505
"5756",6.26666666666667,0.555555555555555,2.77777777777778,5.6,0.2194,0.34674,0.21774,0.42385
"5757",7.2,0.555555555555555,2.77777777777778,5.6,0.2056,0.32447,0.20557,0.42396
"5758",8.13333333333333,0.555555555555555,2.77777777777778,5.6,0.19392,0.3057,0.19675,0.42247
"5759",9.06666666666667,0.555555555555555,2.77777777777778,5.6,0.18383,0.29078,0.18453,0.42125
"5760",10,0.555555555555555,2.77777777777778,5.6,0.17542,0.27731,0.1753,0.42096
"5761",1.6,1.66666666666667,2.77777777777778,5.6,0.37316,0.50227,0.22329,0.12814
"5762",2.53333333333333,1.66666666666667,2.77777777777778,5.6,0.32117,0.47768,0.27312,0.10229
"5763",3.46666666666667,1.66666666666667,2.77777777777778,5.6,0.2834,0.43305,0.26542,0.09267
"5764",4.4,1.66666666666667,2.77777777777778,5.6,0.25687,0.39596,0.24526,0.08686
"5765",5.33333333333333,1.66666666666667,2.77777777777778,5.6,0.23567,0.36542,0.22998,0.08511
"5766",6.26666666666667,1.66666666666667,2.77777777777778,5.6,0.21912,0.34127,0.21174,0.08234
"5767",7.2,1.66666666666667,2.77777777777778,5.6,0.20455,0.32125,0.20294,0.0816
"5768",8.13333333333333,1.66666666666667,2.77777777777778,5.6,0.19292,0.30345,0.19206,0.0808
"5769",9.06666666666667,1.66666666666667,2.77777777777778,5.6,0.18267,0.28895,0.18102,0.08026
"5770",10,1.66666666666667,2.77777777777778,5.6,0.17455,0.27563,0.17435,0.07892
"5771",1.6,2.77777777777778,2.77777777777778,5.6,0.32369,0.35838,0.11555,0.05266
"5772",2.53333333333333,2.77777777777778,2.77777777777778,5.6,0.30008,0.40694,0.20082,0.03057
"5773",3.46666666666667,2.77777777777778,2.77777777777778,5.6,0.27306,0.39667,0.22506,0.02387
"5774",4.4,2.77777777777778,2.77777777777778,5.6,0.24959,0.37457,0.22136,0.02068
"5775",5.33333333333333,2.77777777777778,2.77777777777778,5.6,0.23075,0.35204,0.21401,0.01966
"5776",6.26666666666667,2.77777777777778,2.77777777777778,5.6,0.21491,0.33101,0.20504,0.01809
"5777",7.2,2.77777777777778,2.77777777777778,5.6,0.20216,0.31319,0.19472,0.01685
"5778",8.13333333333333,2.77777777777778,2.77777777777778,5.6,0.19129,0.29819,0.1847,0.01592
"5779",9.06666666666667,2.77777777777778,2.77777777777778,5.6,0.18173,0.28467,0.17681,0.01612
"5780",10,2.77777777777778,2.77777777777778,5.6,0.17337,0.27205,0.17202,0.01573
"5781",1.6,3.88888888888889,2.77777777777778,5.6,0.27834,0.25007,0.06177,0.02635
"5782",2.53333333333333,3.88888888888889,2.77777777777778,5.6,0.27288,0.33097,0.14058,0.01149
"5783",3.46666666666667,3.88888888888889,2.77777777777778,5.6,0.25696,0.34994,0.17954,0.0079
"5784",4.4,3.88888888888889,2.77777777777778,5.6,0.2396,0.34463,0.1901,0.0061
"5785",5.33333333333333,3.88888888888889,2.77777777777778,5.6,0.22456,0.33114,0.19503,0.00488
"5786",6.26666666666667,3.88888888888889,2.77777777777778,5.6,0.21044,0.3172,0.19272,0.00438
"5787",7.2,3.88888888888889,2.77777777777778,5.6,0.19875,0.30286,0.1852,0.00394
"5788",8.13333333333333,3.88888888888889,2.77777777777778,5.6,0.18852,0.28894,0.1772,0.00381
"5789",9.06666666666667,3.88888888888889,2.77777777777778,5.6,0.17959,0.27787,0.17232,0.00373
"5790",10,3.88888888888889,2.77777777777778,5.6,0.1719,0.26768,0.16731,0.00342
"5791",1.6,5,2.77777777777778,5.6,0.23845,0.17943,0.03533,0.01548
"5792",2.53333333333333,5,2.77777777777778,5.6,0.24747,0.2656,0.09682,0.00494
"5793",3.46666666666667,5,2.77777777777778,5.6,0.24081,0.30175,0.14175,0.00286
"5794",4.4,5,2.77777777777778,5.6,0.22897,0.31176,0.16207,0.0016
"5795",5.33333333333333,5,2.77777777777778,5.6,0.21672,0.30843,0.1728,0.00129
"5796",6.26666666666667,5,2.77777777777778,5.6,0.20545,0.30044,0.1741,0.00126
"5797",7.2,5,2.77777777777778,5.6,0.19523,0.29045,0.17136,0.00107
"5798",8.13333333333333,5,2.77777777777778,5.6,0.18648,0.27957,0.16837,0.00092
"5799",9.06666666666667,5,2.77777777777778,5.6,0.17797,0.26901,0.16341,0.00091
"5800",10,5,2.77777777777778,5.6,0.17018,0.25985,0.1606,0.00081
"5801",1.6,-5,3.88888888888889,5.6,0.23844,0.17683,0.03639,0.01599
"5802",2.53333333333333,-5,3.88888888888889,5.6,0.24701,0.26102,0.09467,0.00521
"5803",3.46666666666667,-5,3.88888888888889,5.6,0.23981,0.29868,0.13878,0.00288
"5804",4.4,-5,3.88888888888889,5.6,0.22901,0.30778,0.16221,0.00179
"5805",5.33333333333333,-5,3.88888888888889,5.6,0.21708,0.30595,0.17134,0.00141
"5806",6.26666666666667,-5,3.88888888888889,5.6,0.206,0.29858,0.17226,0.00115
"5807",7.2,-5,3.88888888888889,5.6,0.19607,0.28831,0.17308,0.00113
"5808",8.13333333333333,-5,3.88888888888889,5.6,0.18586,0.2782,0.16949,0.00092
"5809",9.06666666666667,-5,3.88888888888889,5.6,0.17741,0.26897,0.16398,0.001
"5810",10,-5,3.88888888888889,5.6,0.17057,0.25957,0.15885,0.00077
"5811",1.6,-3.88888888888889,3.88888888888889,5.6,0.27807,0.24648,0.06258,0.02731
"5812",2.53333333333333,-3.88888888888889,3.88888888888889,5.6,0.27347,0.32712,0.14054,0.0113
"5813",3.46666666666667,-3.88888888888889,3.88888888888889,5.6,0.25829,0.34522,0.17864,0.0073
"5814",4.4,-3.88888888888889,3.88888888888889,5.6,0.24028,0.34122,0.19171,0.006
"5815",5.33333333333333,-3.88888888888889,3.88888888888889,5.6,0.2246,0.32953,0.19287,0.00481
"5816",6.26666666666667,-3.88888888888889,3.88888888888889,5.6,0.21085,0.31624,0.18868,0.00433
"5817",7.2,-3.88888888888889,3.88888888888889,5.6,0.19867,0.30273,0.18393,0.00412
"5818",8.13333333333333,-3.88888888888889,3.88888888888889,5.6,0.18857,0.2889,0.17868,0.0036
"5819",9.06666666666667,-3.88888888888889,3.88888888888889,5.6,0.17995,0.27707,0.17175,0.00368
"5820",10,-3.88888888888889,3.88888888888889,5.6,0.172,0.26633,0.1655,0.00357
"5821",1.6,-2.77777777777778,3.88888888888889,5.6,0.3252,0.35347,0.11673,0.05229
"5822",2.53333333333333,-2.77777777777778,3.88888888888889,5.6,0.29965,0.40257,0.20047,0.03072
"5823",3.46666666666667,-2.77777777777778,3.88888888888889,5.6,0.27221,0.39322,0.22312,0.02453
"5824",4.4,-2.77777777777778,3.88888888888889,5.6,0.24905,0.373,0.22053,0.02033
"5825",5.33333333333333,-2.77777777777778,3.88888888888889,5.6,0.22997,0.35187,0.21505,0.01843
"5826",6.26666666666667,-2.77777777777778,3.88888888888889,5.6,0.21439,0.33088,0.20535,0.01812
"5827",7.2,-2.77777777777778,3.88888888888889,5.6,0.20205,0.3129,0.19567,0.01724
"5828",8.13333333333333,-2.77777777777778,3.88888888888889,5.6,0.19042,0.29777,0.18549,0.01603
"5829",9.06666666666667,-2.77777777777778,3.88888888888889,5.6,0.18143,0.28373,0.17952,0.01622
"5830",10,-2.77777777777778,3.88888888888889,5.6,0.17294,0.27148,0.1703,0.01595
"5831",1.6,-1.66666666666667,3.88888888888889,5.6,0.37317,0.49764,0.225,0.12769
"5832",2.53333333333333,-1.66666666666667,3.88888888888889,5.6,0.32062,0.47521,0.27647,0.10198
"5833",3.46666666666667,-1.66666666666667,3.88888888888889,5.6,0.28369,0.43331,0.26495,0.09366
"5834",4.4,-1.66666666666667,3.88888888888889,5.6,0.25568,0.39803,0.2441,0.08746
"5835",5.33333333333333,-1.66666666666667,3.88888888888889,5.6,0.23364,0.36677,0.23296,0.08414
"5836",6.26666666666667,-1.66666666666667,3.88888888888889,5.6,0.21692,0.34156,0.21503,0.08254
"5837",7.2,-1.66666666666667,3.88888888888889,5.6,0.20333,0.31991,0.20147,0.08152
"5838",8.13333333333333,-1.66666666666667,3.88888888888889,5.6,0.1917,0.30228,0.19137,0.07965
"5839",9.06666666666667,-1.66666666666667,3.88888888888889,5.6,0.18202,0.28721,0.18285,0.08
"5840",10,-1.66666666666667,3.88888888888889,5.6,0.17346,0.27453,0.17289,0.07916
"5841",1.6,-0.555555555555555,3.88888888888889,5.6,0.40697,0.62622,0.38023,0.44578
"5842",2.53333333333333,-0.555555555555555,3.88888888888889,5.6,0.33567,0.52346,0.32723,0.43565
"5843",3.46666666666667,-0.555555555555555,3.88888888888889,5.6,0.29056,0.45548,0.28963,0.42731
"5844",4.4,-0.555555555555555,3.88888888888889,5.6,0.25914,0.40816,0.2599,0.42692
"5845",5.33333333333333,-0.555555555555555,3.88888888888889,5.6,0.23637,0.37235,0.2378,0.42495
"5846",6.26666666666667,-0.555555555555555,3.88888888888889,5.6,0.21922,0.34561,0.22049,0.42383
"5847",7.2,-0.555555555555555,3.88888888888889,5.6,0.20485,0.32401,0.2046,0.42186
"5848",8.13333333333333,-0.555555555555555,3.88888888888889,5.6,0.19285,0.30606,0.1936,0.4221
"5849",9.06666666666667,-0.555555555555555,3.88888888888889,5.6,0.18294,0.2898,0.18651,0.42161
"5850",10,-0.555555555555555,3.88888888888889,5.6,0.17463,0.2764,0.17614,0.42128
"5851",1.6,0.555555555555555,3.88888888888889,5.6,0.40817,0.62815,0.37702,0.44677
"5852",2.53333333333333,0.555555555555555,3.88888888888889,5.6,0.33466,0.52348,0.32851,0.4335
"5853",3.46666666666667,0.555555555555555,3.88888888888889,5.6,0.29112,0.45581,0.28881,0.42774
"5854",4.4,0.555555555555555,3.88888888888889,5.6,0.26039,0.40888,0.25939,0.42761
"5855",5.33333333333333,0.555555555555555,3.88888888888889,5.6,0.2378,0.37417,0.23729,0.42465
"5856",6.26666666666667,0.555555555555555,3.88888888888889,5.6,0.2194,0.34674,0.21904,0.42327
"5857",7.2,0.555555555555555,3.88888888888889,5.6,0.2056,0.32447,0.20971,0.4224
"5858",8.13333333333333,0.555555555555555,3.88888888888889,5.6,0.19392,0.3057,0.19681,0.42271
"5859",9.06666666666667,0.555555555555555,3.88888888888889,5.6,0.18383,0.29078,0.18486,0.42111
"5860",10,0.555555555555555,3.88888888888889,5.6,0.17542,0.27731,0.17628,0.42082
"5861",1.6,1.66666666666667,3.88888888888889,5.6,0.37316,0.50227,0.22473,0.1294
"5862",2.53333333333333,1.66666666666667,3.88888888888889,5.6,0.32117,0.47768,0.27431,0.10257
"5863",3.46666666666667,1.66666666666667,3.88888888888889,5.6,0.2834,0.43305,0.26336,0.09259
"5864",4.4,1.66666666666667,3.88888888888889,5.6,0.25687,0.39596,0.24662,0.08836
"5865",5.33333333333333,1.66666666666667,3.88888888888889,5.6,0.23567,0.36542,0.22892,0.0845
"5866",6.26666666666667,1.66666666666667,3.88888888888889,5.6,0.21912,0.34127,0.2186,0.08243
"5867",7.2,1.66666666666667,3.88888888888889,5.6,0.20455,0.32125,0.20463,0.08142
"5868",8.13333333333333,1.66666666666667,3.88888888888889,5.6,0.19292,0.30345,0.19197,0.0799
"5869",9.06666666666667,1.66666666666667,3.88888888888889,5.6,0.18267,0.28895,0.18381,0.07945
"5870",10,1.66666666666667,3.88888888888889,5.6,0.17455,0.27563,0.17418,0.07906
"5871",1.6,2.77777777777778,3.88888888888889,5.6,0.32369,0.35838,0.11523,0.05145
"5872",2.53333333333333,2.77777777777778,3.88888888888889,5.6,0.30008,0.40694,0.20088,0.03099
"5873",3.46666666666667,2.77777777777778,3.88888888888889,5.6,0.27306,0.39667,0.22334,0.0237
"5874",4.4,2.77777777777778,3.88888888888889,5.6,0.24959,0.37457,0.22034,0.02091
"5875",5.33333333333333,2.77777777777778,3.88888888888889,5.6,0.23075,0.35204,0.21294,0.01893
"5876",6.26666666666667,2.77777777777778,3.88888888888889,5.6,0.21491,0.33101,0.20709,0.01776
"5877",7.2,2.77777777777778,3.88888888888889,5.6,0.20216,0.31319,0.1946,0.01709
"5878",8.13333333333333,2.77777777777778,3.88888888888889,5.6,0.19129,0.29819,0.187,0.01654
"5879",9.06666666666667,2.77777777777778,3.88888888888889,5.6,0.18173,0.28467,0.17955,0.01663
"5880",10,2.77777777777778,3.88888888888889,5.6,0.17337,0.27205,0.17064,0.01579
"5881",1.6,3.88888888888889,3.88888888888889,5.6,0.27834,0.25007,0.0621,0.02812
"5882",2.53333333333333,3.88888888888889,3.88888888888889,5.6,0.27288,0.33097,0.14057,0.01102
"5883",3.46666666666667,3.88888888888889,3.88888888888889,5.6,0.25696,0.34994,0.18097,0.00738
"5884",4.4,3.88888888888889,3.88888888888889,5.6,0.2396,0.34463,0.19228,0.00571
"5885",5.33333333333333,3.88888888888889,3.88888888888889,5.6,0.22456,0.33114,0.19383,0.0048
"5886",6.26666666666667,3.88888888888889,3.88888888888889,5.6,0.21044,0.3172,0.18908,0.0041
"5887",7.2,3.88888888888889,3.88888888888889,5.6,0.19875,0.30286,0.18386,0.00392
"5888",8.13333333333333,3.88888888888889,3.88888888888889,5.6,0.18852,0.28894,0.17938,0.00383
"5889",9.06666666666667,3.88888888888889,3.88888888888889,5.6,0.17959,0.27787,0.17301,0.00359
"5890",10,3.88888888888889,3.88888888888889,5.6,0.1719,0.26768,0.16658,0.00342
"5891",1.6,5,3.88888888888889,5.6,0.23845,0.17943,0.03506,0.0157
"5892",2.53333333333333,5,3.88888888888889,5.6,0.24747,0.2656,0.09785,0.0051
"5893",3.46666666666667,5,3.88888888888889,5.6,0.24081,0.30175,0.14106,0.00282
"5894",4.4,5,3.88888888888889,5.6,0.22897,0.31176,0.16221,0.00192
"5895",5.33333333333333,5,3.88888888888889,5.6,0.21672,0.30843,0.17085,0.00152
"5896",6.26666666666667,5,3.88888888888889,5.6,0.20545,0.30044,0.17218,0.00126
"5897",7.2,5,3.88888888888889,5.6,0.19523,0.29045,0.17317,0.00112
"5898",8.13333333333333,5,3.88888888888889,5.6,0.18648,0.27957,0.16873,0.00105
"5899",9.06666666666667,5,3.88888888888889,5.6,0.17797,0.26901,0.16555,0.00085
"5900",10,5,3.88888888888889,5.6,0.17018,0.25985,0.16075,0.00088
"5901",1.6,-5,5,5.6,0.23844,0.17683,0.03612,0.01618
"5902",2.53333333333333,-5,5,5.6,0.24701,0.26102,0.09774,0.00523
"5903",3.46666666666667,-5,5,5.6,0.23981,0.29868,0.14043,0.00251
"5904",4.4,-5,5,5.6,0.22901,0.30778,0.16207,0.00183
"5905",5.33333333333333,-5,5,5.6,0.21708,0.30595,0.17118,0.00178
"5906",6.26666666666667,-5,5,5.6,0.206,0.29858,0.172,0.00106
"5907",7.2,-5,5,5.6,0.19607,0.28831,0.17283,0.00094
"5908",8.13333333333333,-5,5,5.6,0.18586,0.2782,0.17063,0.00095
"5909",9.06666666666667,-5,5,5.6,0.17741,0.26897,0.16391,0.00086
"5910",10,-5,5,5.6,0.17057,0.25957,0.15992,0.00085
"5911",1.6,-3.88888888888889,5,5.6,0.27807,0.24648,0.06188,0.02741
"5912",2.53333333333333,-3.88888888888889,5,5.6,0.27347,0.32712,0.14128,0.01182
"5913",3.46666666666667,-3.88888888888889,5,5.6,0.25829,0.34522,0.17708,0.0072
"5914",4.4,-3.88888888888889,5,5.6,0.24028,0.34122,0.19194,0.00605
"5915",5.33333333333333,-3.88888888888889,5,5.6,0.2246,0.32953,0.19324,0.00495
"5916",6.26666666666667,-3.88888888888889,5,5.6,0.21085,0.31624,0.18936,0.00418
"5917",7.2,-3.88888888888889,5,5.6,0.19867,0.30273,0.18389,0.00406
"5918",8.13333333333333,-3.88888888888889,5,5.6,0.18857,0.2889,0.17657,0.00385
"5919",9.06666666666667,-3.88888888888889,5,5.6,0.17995,0.27707,0.17383,0.00369
"5920",10,-3.88888888888889,5,5.6,0.172,0.26633,0.16669,0.00353
"5921",1.6,-2.77777777777778,5,5.6,0.3252,0.35347,0.11477,0.05214
"5922",2.53333333333333,-2.77777777777778,5,5.6,0.29965,0.40257,0.20051,0.03041
"5923",3.46666666666667,-2.77777777777778,5,5.6,0.27221,0.39322,0.22333,0.024
"5924",4.4,-2.77777777777778,5,5.6,0.24905,0.373,0.22277,0.02079
"5925",5.33333333333333,-2.77777777777778,5,5.6,0.22997,0.35187,0.21229,0.01958
"5926",6.26666666666667,-2.77777777777778,5,5.6,0.21439,0.33088,0.20112,0.01797
"5927",7.2,-2.77777777777778,5,5.6,0.20205,0.3129,0.19373,0.01732
"5928",8.13333333333333,-2.77777777777778,5,5.6,0.19042,0.29777,0.18757,0.01636
"5929",9.06666666666667,-2.77777777777778,5,5.6,0.18143,0.28373,0.18029,0.01647
"5930",10,-2.77777777777778,5,5.6,0.17294,0.27148,0.17141,0.01595
"5931",1.6,-1.66666666666667,5,5.6,0.37317,0.49764,0.22375,0.12616
"5932",2.53333333333333,-1.66666666666667,5,5.6,0.32062,0.47521,0.27503,0.10142
"5933",3.46666666666667,-1.66666666666667,5,5.6,0.28369,0.43331,0.26345,0.09217
"5934",4.4,-1.66666666666667,5,5.6,0.25568,0.39803,0.2467,0.08761
"5935",5.33333333333333,-1.66666666666667,5,5.6,0.23364,0.36677,0.22663,0.08446
"5936",6.26666666666667,-1.66666666666667,5,5.6,0.21692,0.34156,0.21617,0.08224
"5937",7.2,-1.66666666666667,5,5.6,0.20333,0.31991,0.20298,0.08167
"5938",8.13333333333333,-1.66666666666667,5,5.6,0.1917,0.30228,0.19298,0.08033
"5939",9.06666666666667,-1.66666666666667,5,5.6,0.18202,0.28721,0.18197,0.0796
"5940",10,-1.66666666666667,5,5.6,0.17346,0.27453,0.17422,0.07974
"5941",1.6,-0.555555555555555,5,5.6,0.40697,0.62622,0.37657,0.44602
"5942",2.53333333333333,-0.555555555555555,5,5.6,0.33567,0.52346,0.32805,0.43386
"5943",3.46666666666667,-0.555555555555555,5,5.6,0.29056,0.45548,0.28829,0.42908
"5944",4.4,-0.555555555555555,5,5.6,0.25914,0.40816,0.26021,0.42643
"5945",5.33333333333333,-0.555555555555555,5,5.6,0.23637,0.37235,0.23834,0.42523
"5946",6.26666666666667,-0.555555555555555,5,5.6,0.21922,0.34561,0.22182,0.42197
"5947",7.2,-0.555555555555555,5,5.6,0.20485,0.32401,0.20556,0.42163
"5948",8.13333333333333,-0.555555555555555,5,5.6,0.19285,0.30606,0.19676,0.4214
"5949",9.06666666666667,-0.555555555555555,5,5.6,0.18294,0.2898,0.18525,0.42197
"5950",10,-0.555555555555555,5,5.6,0.17463,0.2764,0.17355,0.42111
"5951",1.6,0.555555555555555,5,5.6,0.40817,0.62815,0.3815,0.44542
"5952",2.53333333333333,0.555555555555555,5,5.6,0.33466,0.52348,0.32633,0.43478
"5953",3.46666666666667,0.555555555555555,5,5.6,0.29112,0.45581,0.28949,0.42896
"5954",4.4,0.555555555555555,5,5.6,0.26039,0.40888,0.25869,0.42672
"5955",5.33333333333333,0.555555555555555,5,5.6,0.2378,0.37417,0.24122,0.42391
"5956",6.26666666666667,0.555555555555555,5,5.6,0.2194,0.34674,0.22307,0.42378
"5957",7.2,0.555555555555555,5,5.6,0.2056,0.32447,0.20506,0.42369
"5958",8.13333333333333,0.555555555555555,5,5.6,0.19392,0.3057,0.1945,0.4222
"5959",9.06666666666667,0.555555555555555,5,5.6,0.18383,0.29078,0.18478,0.42257
"5960",10,0.555555555555555,5,5.6,0.17542,0.27731,0.17522,0.42217
"5961",1.6,1.66666666666667,5,5.6,0.37316,0.50227,0.2217,0.12809
"5962",2.53333333333333,1.66666666666667,5,5.6,0.32117,0.47768,0.27203,0.10166
"5963",3.46666666666667,1.66666666666667,5,5.6,0.2834,0.43305,0.26438,0.09341
"5964",4.4,1.66666666666667,5,5.6,0.25687,0.39596,0.24598,0.08723
"5965",5.33333333333333,1.66666666666667,5,5.6,0.23567,0.36542,0.22935,0.08437
"5966",6.26666666666667,1.66666666666667,5,5.6,0.21912,0.34127,0.21518,0.08347
"5967",7.2,1.66666666666667,5,5.6,0.20455,0.32125,0.20324,0.08143
"5968",8.13333333333333,1.66666666666667,5,5.6,0.19292,0.30345,0.18933,0.08002
"5969",9.06666666666667,1.66666666666667,5,5.6,0.18267,0.28895,0.18173,0.07975
"5970",10,1.66666666666667,5,5.6,0.17455,0.27563,0.17369,0.07963
"5971",1.6,2.77777777777778,5,5.6,0.32369,0.35838,0.11541,0.05302
"5972",2.53333333333333,2.77777777777778,5,5.6,0.30008,0.40694,0.2028,0.03115
"5973",3.46666666666667,2.77777777777778,5,5.6,0.27306,0.39667,0.22537,0.02433
"5974",4.4,2.77777777777778,5,5.6,0.24959,0.37457,0.22218,0.02047
"5975",5.33333333333333,2.77777777777778,5,5.6,0.23075,0.35204,0.21265,0.01906
"5976",6.26666666666667,2.77777777777778,5,5.6,0.21491,0.33101,0.20293,0.01789
"5977",7.2,2.77777777777778,5,5.6,0.20216,0.31319,0.19404,0.0174
"5978",8.13333333333333,2.77777777777778,5,5.6,0.19129,0.29819,0.18763,0.01611
"5979",9.06666666666667,2.77777777777778,5,5.6,0.18173,0.28467,0.1771,0.01574
"5980",10,2.77777777777778,5,5.6,0.17337,0.27205,0.17063,0.01598
"5981",1.6,3.88888888888889,5,5.6,0.27834,0.25007,0.06228,0.02698
"5982",2.53333333333333,3.88888888888889,5,5.6,0.27288,0.33097,0.14077,0.01184
"5983",3.46666666666667,3.88888888888889,5,5.6,0.25696,0.34994,0.18063,0.00763
"5984",4.4,3.88888888888889,5,5.6,0.2396,0.34463,0.19357,0.00557
"5985",5.33333333333333,3.88888888888889,5,5.6,0.22456,0.33114,0.19287,0.00503
"5986",6.26666666666667,3.88888888888889,5,5.6,0.21044,0.3172,0.19002,0.00451
"5987",7.2,3.88888888888889,5,5.6,0.19875,0.30286,0.18431,0.00423
"5988",8.13333333333333,3.88888888888889,5,5.6,0.18852,0.28894,0.17851,0.0038
"5989",9.06666666666667,3.88888888888889,5,5.6,0.17959,0.27787,0.17305,0.0033
"5990",10,3.88888888888889,5,5.6,0.1719,0.26768,0.16791,0.00357
"5991",1.6,5,5,5.6,0.23845,0.17943,0.0366,0.01627
"5992",2.53333333333333,5,5,5.6,0.24747,0.2656,0.09744,0.00507
"5993",3.46666666666667,5,5,5.6,0.24081,0.30175,0.14095,0.00272
"5994",4.4,5,5,5.6,0.22897,0.31176,0.16327,0.00185
"5995",5.33333333333333,5,5,5.6,0.21672,0.30843,0.17305,0.00145
"5996",6.26666666666667,5,5,5.6,0.20545,0.30044,0.17154,0.00114
"5997",7.2,5,5,5.6,0.19523,0.29045,0.17216,0.0011
"5998",8.13333333333333,5,5,5.6,0.18648,0.27957,0.16923,9e-04
"5999",9.06666666666667,5,5,5.6,0.17797,0.26901,0.16353,0.00097
"6000",10,5,5,5.6,0.17018,0.25985,0.16028,0.00075
"6001",1.6,-5,-5,6.7,0.23844,0.17683,0.03535,0.01586
"6002",2.53333333333333,-5,-5,6.7,0.24701,0.26102,0.09643,0.00511
"6003",3.46666666666667,-5,-5,6.7,0.23981,0.29868,0.14015,0.00279
"6004",4.4,-5,-5,6.7,0.22901,0.30778,0.15973,0.00164
"6005",5.33333333333333,-5,-5,6.7,0.21708,0.30595,0.17057,0.00123
"6006",6.26666666666667,-5,-5,6.7,0.206,0.29858,0.17501,0.00131
"6007",7.2,-5,-5,6.7,0.19607,0.28831,0.17064,0.00115
"6008",8.13333333333333,-5,-5,6.7,0.18586,0.2782,0.1696,0.00103
"6009",9.06666666666667,-5,-5,6.7,0.17741,0.26897,0.16431,9e-04
"6010",10,-5,-5,6.7,0.17057,0.25957,0.15979,0.00091
"6011",1.6,-3.88888888888889,-5,6.7,0.27807,0.24648,0.06156,0.02699
"6012",2.53333333333333,-3.88888888888889,-5,6.7,0.27347,0.32712,0.14037,0.01149
"6013",3.46666666666667,-3.88888888888889,-5,6.7,0.25829,0.34522,0.17966,0.00739
"6014",4.4,-3.88888888888889,-5,6.7,0.24028,0.34122,0.19259,0.00569
"6015",5.33333333333333,-3.88888888888889,-5,6.7,0.2246,0.32953,0.19476,0.00489
"6016",6.26666666666667,-3.88888888888889,-5,6.7,0.21085,0.31624,0.19096,0.00435
"6017",7.2,-3.88888888888889,-5,6.7,0.19867,0.30273,0.18576,0.00389
"6018",8.13333333333333,-3.88888888888889,-5,6.7,0.18857,0.2889,0.18009,0.00375
"6019",9.06666666666667,-3.88888888888889,-5,6.7,0.17995,0.27707,0.17294,0.00372
"6020",10,-3.88888888888889,-5,6.7,0.172,0.26633,0.16681,0.00348
"6021",1.6,-2.77777777777778,-5,6.7,0.3252,0.35347,0.11667,0.05132
"6022",2.53333333333333,-2.77777777777778,-5,6.7,0.29965,0.40257,0.20105,0.03023
"6023",3.46666666666667,-2.77777777777778,-5,6.7,0.27221,0.39322,0.22501,0.02349
"6024",4.4,-2.77777777777778,-5,6.7,0.24905,0.373,0.22232,0.02114
"6025",5.33333333333333,-2.77777777777778,-5,6.7,0.22997,0.35187,0.21583,0.0188
"6026",6.26666666666667,-2.77777777777778,-5,6.7,0.21439,0.33088,0.2056,0.0181
"6027",7.2,-2.77777777777778,-5,6.7,0.20205,0.3129,0.19591,0.01722
"6028",8.13333333333333,-2.77777777777778,-5,6.7,0.19042,0.29777,0.18482,0.01672
"6029",9.06666666666667,-2.77777777777778,-5,6.7,0.18143,0.28373,0.17935,0.01654
"6030",10,-2.77777777777778,-5,6.7,0.17294,0.27148,0.17273,0.01579
"6031",1.6,-1.66666666666667,-5,6.7,0.37317,0.49764,0.22266,0.12711
"6032",2.53333333333333,-1.66666666666667,-5,6.7,0.32062,0.47521,0.27497,0.10213
"6033",3.46666666666667,-1.66666666666667,-5,6.7,0.28369,0.43331,0.26142,0.09246
"6034",4.4,-1.66666666666667,-5,6.7,0.25568,0.39803,0.24638,0.08689
"6035",5.33333333333333,-1.66666666666667,-5,6.7,0.23364,0.36677,0.22872,0.0853
"6036",6.26666666666667,-1.66666666666667,-5,6.7,0.21692,0.34156,0.21564,0.08259
"6037",7.2,-1.66666666666667,-5,6.7,0.20333,0.31991,0.20313,0.08182
"6038",8.13333333333333,-1.66666666666667,-5,6.7,0.1917,0.30228,0.19244,0.08057
"6039",9.06666666666667,-1.66666666666667,-5,6.7,0.18202,0.28721,0.18614,0.07993
"6040",10,-1.66666666666667,-5,6.7,0.17346,0.27453,0.17349,0.07945
"6041",1.6,-0.555555555555555,-5,6.7,0.40697,0.62622,0.37836,0.4455
"6042",2.53333333333333,-0.555555555555555,-5,6.7,0.33567,0.52346,0.32931,0.43406
"6043",3.46666666666667,-0.555555555555555,-5,6.7,0.29056,0.45548,0.28865,0.42839
"6044",4.4,-0.555555555555555,-5,6.7,0.25914,0.40816,0.26116,0.42512
"6045",5.33333333333333,-0.555555555555555,-5,6.7,0.23637,0.37235,0.23728,0.42494
"6046",6.26666666666667,-0.555555555555555,-5,6.7,0.21922,0.34561,0.2185,0.4232
"6047",7.2,-0.555555555555555,-5,6.7,0.20485,0.32401,0.2052,0.42224
"6048",8.13333333333333,-0.555555555555555,-5,6.7,0.19285,0.30606,0.19362,0.42154
"6049",9.06666666666667,-0.555555555555555,-5,6.7,0.18294,0.2898,0.1834,0.4218
"6050",10,-0.555555555555555,-5,6.7,0.17463,0.2764,0.17592,0.42136
"6051",1.6,0.555555555555555,-5,6.7,0.40817,0.62815,0.37681,0.44402
"6052",2.53333333333333,0.555555555555555,-5,6.7,0.33466,0.52348,0.32996,0.434
"6053",3.46666666666667,0.555555555555555,-5,6.7,0.29112,0.45581,0.28722,0.4281
"6054",4.4,0.555555555555555,-5,6.7,0.26039,0.40888,0.25959,0.42629
"6055",5.33333333333333,0.555555555555555,-5,6.7,0.2378,0.37417,0.23641,0.42529
"6056",6.26666666666667,0.555555555555555,-5,6.7,0.2194,0.34674,0.21892,0.42365
"6057",7.2,0.555555555555555,-5,6.7,0.2056,0.32447,0.2076,0.42212
"6058",8.13333333333333,0.555555555555555,-5,6.7,0.19392,0.3057,0.19312,0.42069
"6059",9.06666666666667,0.555555555555555,-5,6.7,0.18383,0.29078,0.1849,0.42147
"6060",10,0.555555555555555,-5,6.7,0.17542,0.27731,0.17585,0.42045
"6061",1.6,1.66666666666667,-5,6.7,0.37316,0.50227,0.22447,0.12742
"6062",2.53333333333333,1.66666666666667,-5,6.7,0.32117,0.47768,0.27442,0.10225
"6063",3.46666666666667,1.66666666666667,-5,6.7,0.2834,0.43305,0.26352,0.09283
"6064",4.4,1.66666666666667,-5,6.7,0.25687,0.39596,0.24369,0.08753
"6065",5.33333333333333,1.66666666666667,-5,6.7,0.23567,0.36542,0.22766,0.0835
"6066",6.26666666666667,1.66666666666667,-5,6.7,0.21912,0.34127,0.21497,0.08254
"6067",7.2,1.66666666666667,-5,6.7,0.20455,0.32125,0.20198,0.08101
"6068",8.13333333333333,1.66666666666667,-5,6.7,0.19292,0.30345,0.19186,0.08043
"6069",9.06666666666667,1.66666666666667,-5,6.7,0.18267,0.28895,0.18473,0.07935
"6070",10,1.66666666666667,-5,6.7,0.17455,0.27563,0.17384,0.07976
"6071",1.6,2.77777777777778,-5,6.7,0.32369,0.35838,0.11605,0.05241
"6072",2.53333333333333,2.77777777777778,-5,6.7,0.30008,0.40694,0.19959,0.03056
"6073",3.46666666666667,2.77777777777778,-5,6.7,0.27306,0.39667,0.22627,0.02422
"6074",4.4,2.77777777777778,-5,6.7,0.24959,0.37457,0.22222,0.02079
"6075",5.33333333333333,2.77777777777778,-5,6.7,0.23075,0.35204,0.21488,0.01902
"6076",6.26666666666667,2.77777777777778,-5,6.7,0.21491,0.33101,0.2038,0.01796
"6077",7.2,2.77777777777778,-5,6.7,0.20216,0.31319,0.19444,0.01726
"6078",8.13333333333333,2.77777777777778,-5,6.7,0.19129,0.29819,0.18486,0.01664
"6079",9.06666666666667,2.77777777777778,-5,6.7,0.18173,0.28467,0.17694,0.01627
"6080",10,2.77777777777778,-5,6.7,0.17337,0.27205,0.17233,0.01567
"6081",1.6,3.88888888888889,-5,6.7,0.27834,0.25007,0.06123,0.02654
"6082",2.53333333333333,3.88888888888889,-5,6.7,0.27288,0.33097,0.14129,0.01128
"6083",3.46666666666667,3.88888888888889,-5,6.7,0.25696,0.34994,0.17934,0.00754
"6084",4.4,3.88888888888889,-5,6.7,0.2396,0.34463,0.1928,0.00558
"6085",5.33333333333333,3.88888888888889,-5,6.7,0.22456,0.33114,0.19465,0.00497
"6086",6.26666666666667,3.88888888888889,-5,6.7,0.21044,0.3172,0.19028,0.00468
"6087",7.2,3.88888888888889,-5,6.7,0.19875,0.30286,0.18589,0.00394
"6088",8.13333333333333,3.88888888888889,-5,6.7,0.18852,0.28894,0.17799,0.00327
"6089",9.06666666666667,3.88888888888889,-5,6.7,0.17959,0.27787,0.1724,0.00369
"6090",10,3.88888888888889,-5,6.7,0.1719,0.26768,0.16661,0.00348
"6091",1.6,5,-5,6.7,0.23845,0.17943,0.03561,0.0163
"6092",2.53333333333333,5,-5,6.7,0.24747,0.2656,0.09824,0.00501
"6093",3.46666666666667,5,-5,6.7,0.24081,0.30175,0.14205,0.00274
"6094",4.4,5,-5,6.7,0.22897,0.31176,0.1614,0.00185
"6095",5.33333333333333,5,-5,6.7,0.21672,0.30843,0.17244,0.00143
"6096",6.26666666666667,5,-5,6.7,0.20545,0.30044,0.17294,0.00108
"6097",7.2,5,-5,6.7,0.19523,0.29045,0.17178,0.00092
"6098",8.13333333333333,5,-5,6.7,0.18648,0.27957,0.16724,0.00089
"6099",9.06666666666667,5,-5,6.7,0.17797,0.26901,0.16409,0.00087
"6100",10,5,-5,6.7,0.17018,0.25985,0.16007,0.00086
"6101",1.6,-5,-3.88888888888889,6.7,0.23844,0.17683,0.03495,0.01638
"6102",2.53333333333333,-5,-3.88888888888889,6.7,0.24701,0.26102,0.09733,0.00505
"6103",3.46666666666667,-5,-3.88888888888889,6.7,0.23981,0.29868,0.14025,0.00253
"6104",4.4,-5,-3.88888888888889,6.7,0.22901,0.30778,0.16226,0.00199
"6105",5.33333333333333,-5,-3.88888888888889,6.7,0.21708,0.30595,0.17174,0.00137
"6106",6.26666666666667,-5,-3.88888888888889,6.7,0.206,0.29858,0.17148,0.00139
"6107",7.2,-5,-3.88888888888889,6.7,0.19607,0.28831,0.17132,0.00101
"6108",8.13333333333333,-5,-3.88888888888889,6.7,0.18586,0.2782,0.16679,0.00087
"6109",9.06666666666667,-5,-3.88888888888889,6.7,0.17741,0.26897,0.16415,0.00093
"6110",10,-5,-3.88888888888889,6.7,0.17057,0.25957,0.1598,0.00089
"6111",1.6,-3.88888888888889,-3.88888888888889,6.7,0.27807,0.24648,0.06153,0.02693
"6112",2.53333333333333,-3.88888888888889,-3.88888888888889,6.7,0.27347,0.32712,0.14051,0.01154
"6113",3.46666666666667,-3.88888888888889,-3.88888888888889,6.7,0.25829,0.34522,0.17979,0.00732
"6114",4.4,-3.88888888888889,-3.88888888888889,6.7,0.24028,0.34122,0.19436,0.00552
"6115",5.33333333333333,-3.88888888888889,-3.88888888888889,6.7,0.2246,0.32953,0.19474,0.005
"6116",6.26666666666667,-3.88888888888889,-3.88888888888889,6.7,0.21085,0.31624,0.19072,0.00422
"6117",7.2,-3.88888888888889,-3.88888888888889,6.7,0.19867,0.30273,0.18403,0.00388
"6118",8.13333333333333,-3.88888888888889,-3.88888888888889,6.7,0.18857,0.2889,0.17747,0.00392
"6119",9.06666666666667,-3.88888888888889,-3.88888888888889,6.7,0.17995,0.27707,0.17079,0.00369
"6120",10,-3.88888888888889,-3.88888888888889,6.7,0.172,0.26633,0.16717,0.0035
"6121",1.6,-2.77777777777778,-3.88888888888889,6.7,0.3252,0.35347,0.1163,0.05221
"6122",2.53333333333333,-2.77777777777778,-3.88888888888889,6.7,0.29965,0.40257,0.20157,0.03039
"6123",3.46666666666667,-2.77777777777778,-3.88888888888889,6.7,0.27221,0.39322,0.22338,0.02388
"6124",4.4,-2.77777777777778,-3.88888888888889,6.7,0.24905,0.373,0.2214,0.02023
"6125",5.33333333333333,-2.77777777777778,-3.88888888888889,6.7,0.22997,0.35187,0.21343,0.01873
"6126",6.26666666666667,-2.77777777777778,-3.88888888888889,6.7,0.21439,0.33088,0.2022,0.01861
"6127",7.2,-2.77777777777778,-3.88888888888889,6.7,0.20205,0.3129,0.19505,0.01773
"6128",8.13333333333333,-2.77777777777778,-3.88888888888889,6.7,0.19042,0.29777,0.18517,0.01689
"6129",9.06666666666667,-2.77777777777778,-3.88888888888889,6.7,0.18143,0.28373,0.17797,0.01606
"6130",10,-2.77777777777778,-3.88888888888889,6.7,0.17294,0.27148,0.17018,0.01606
"6131",1.6,-1.66666666666667,-3.88888888888889,6.7,0.37317,0.49764,0.22475,0.12719
"6132",2.53333333333333,-1.66666666666667,-3.88888888888889,6.7,0.32062,0.47521,0.2756,0.10278
"6133",3.46666666666667,-1.66666666666667,-3.88888888888889,6.7,0.28369,0.43331,0.26309,0.09252
"6134",4.4,-1.66666666666667,-3.88888888888889,6.7,0.25568,0.39803,0.24651,0.08801
"6135",5.33333333333333,-1.66666666666667,-3.88888888888889,6.7,0.23364,0.36677,0.22877,0.08538
"6136",6.26666666666667,-1.66666666666667,-3.88888888888889,6.7,0.21692,0.34156,0.21446,0.08308
"6137",7.2,-1.66666666666667,-3.88888888888889,6.7,0.20333,0.31991,0.20319,0.08222
"6138",8.13333333333333,-1.66666666666667,-3.88888888888889,6.7,0.1917,0.30228,0.19401,0.08036
"6139",9.06666666666667,-1.66666666666667,-3.88888888888889,6.7,0.18202,0.28721,0.18141,0.07976
"6140",10,-1.66666666666667,-3.88888888888889,6.7,0.17346,0.27453,0.17215,0.07982
"6141",1.6,-0.555555555555555,-3.88888888888889,6.7,0.40697,0.62622,0.37622,0.44681
"6142",2.53333333333333,-0.555555555555555,-3.88888888888889,6.7,0.33567,0.52346,0.32691,0.43373
"6143",3.46666666666667,-0.555555555555555,-3.88888888888889,6.7,0.29056,0.45548,0.29061,0.42741
"6144",4.4,-0.555555555555555,-3.88888888888889,6.7,0.25914,0.40816,0.25812,0.42651
"6145",5.33333333333333,-0.555555555555555,-3.88888888888889,6.7,0.23637,0.37235,0.24064,0.42425
"6146",6.26666666666667,-0.555555555555555,-3.88888888888889,6.7,0.21922,0.34561,0.2207,0.42331
"6147",7.2,-0.555555555555555,-3.88888888888889,6.7,0.20485,0.32401,0.20591,0.42227
"6148",8.13333333333333,-0.555555555555555,-3.88888888888889,6.7,0.19285,0.30606,0.19419,0.42247
"6149",9.06666666666667,-0.555555555555555,-3.88888888888889,6.7,0.18294,0.2898,0.18445,0.42209
"6150",10,-0.555555555555555,-3.88888888888889,6.7,0.17463,0.2764,0.17645,0.42126
"6151",1.6,0.555555555555555,-3.88888888888889,6.7,0.40817,0.62815,0.37707,0.44663
"6152",2.53333333333333,0.555555555555555,-3.88888888888889,6.7,0.33466,0.52348,0.32914,0.43398
"6153",3.46666666666667,0.555555555555555,-3.88888888888889,6.7,0.29112,0.45581,0.29227,0.42827
"6154",4.4,0.555555555555555,-3.88888888888889,6.7,0.26039,0.40888,0.26009,0.42575
"6155",5.33333333333333,0.555555555555555,-3.88888888888889,6.7,0.2378,0.37417,0.23747,0.42516
"6156",6.26666666666667,0.555555555555555,-3.88888888888889,6.7,0.2194,0.34674,0.22297,0.4236
"6157",7.2,0.555555555555555,-3.88888888888889,6.7,0.2056,0.32447,0.20596,0.42251
"6158",8.13333333333333,0.555555555555555,-3.88888888888889,6.7,0.19392,0.3057,0.19398,0.42321
"6159",9.06666666666667,0.555555555555555,-3.88888888888889,6.7,0.18383,0.29078,0.18429,0.42174
"6160",10,0.555555555555555,-3.88888888888889,6.7,0.17542,0.27731,0.17657,0.42013
"6161",1.6,1.66666666666667,-3.88888888888889,6.7,0.37316,0.50227,0.22286,0.12768
"6162",2.53333333333333,1.66666666666667,-3.88888888888889,6.7,0.32117,0.47768,0.27447,0.10206
"6163",3.46666666666667,1.66666666666667,-3.88888888888889,6.7,0.2834,0.43305,0.26628,0.0925
"6164",4.4,1.66666666666667,-3.88888888888889,6.7,0.25687,0.39596,0.24545,0.088
"6165",5.33333333333333,1.66666666666667,-3.88888888888889,6.7,0.23567,0.36542,0.22844,0.08407
"6166",6.26666666666667,1.66666666666667,-3.88888888888889,6.7,0.21912,0.34127,0.21573,0.08208
"6167",7.2,1.66666666666667,-3.88888888888889,6.7,0.20455,0.32125,0.20364,0.08166
"6168",8.13333333333333,1.66666666666667,-3.88888888888889,6.7,0.19292,0.30345,0.19384,0.08053
"6169",9.06666666666667,1.66666666666667,-3.88888888888889,6.7,0.18267,0.28895,0.18236,0.07986
"6170",10,1.66666666666667,-3.88888888888889,6.7,0.17455,0.27563,0.17436,0.07879
"6171",1.6,2.77777777777778,-3.88888888888889,6.7,0.32369,0.35838,0.11616,0.0527
"6172",2.53333333333333,2.77777777777778,-3.88888888888889,6.7,0.30008,0.40694,0.2018,0.03066
"6173",3.46666666666667,2.77777777777778,-3.88888888888889,6.7,0.27306,0.39667,0.22303,0.02372
"6174",4.4,2.77777777777778,-3.88888888888889,6.7,0.24959,0.37457,0.22056,0.02096
"6175",5.33333333333333,2.77777777777778,-3.88888888888889,6.7,0.23075,0.35204,0.21269,0.01898
"6176",6.26666666666667,2.77777777777778,-3.88888888888889,6.7,0.21491,0.33101,0.20432,0.01817
"6177",7.2,2.77777777777778,-3.88888888888889,6.7,0.20216,0.31319,0.19221,0.01711
"6178",8.13333333333333,2.77777777777778,-3.88888888888889,6.7,0.19129,0.29819,0.18752,0.01675
"6179",9.06666666666667,2.77777777777778,-3.88888888888889,6.7,0.18173,0.28467,0.17748,0.0165
"6180",10,2.77777777777778,-3.88888888888889,6.7,0.17337,0.27205,0.1711,0.01576
"6181",1.6,3.88888888888889,-3.88888888888889,6.7,0.27834,0.25007,0.06131,0.02712
"6182",2.53333333333333,3.88888888888889,-3.88888888888889,6.7,0.27288,0.33097,0.14053,0.01123
"6183",3.46666666666667,3.88888888888889,-3.88888888888889,6.7,0.25696,0.34994,0.17946,0.00762
"6184",4.4,3.88888888888889,-3.88888888888889,6.7,0.2396,0.34463,0.19176,0.00582
"6185",5.33333333333333,3.88888888888889,-3.88888888888889,6.7,0.22456,0.33114,0.19434,0.00506
"6186",6.26666666666667,3.88888888888889,-3.88888888888889,6.7,0.21044,0.3172,0.18989,0.00421
"6187",7.2,3.88888888888889,-3.88888888888889,6.7,0.19875,0.30286,0.18526,0.00408
"6188",8.13333333333333,3.88888888888889,-3.88888888888889,6.7,0.18852,0.28894,0.17763,0.00337
"6189",9.06666666666667,3.88888888888889,-3.88888888888889,6.7,0.17959,0.27787,0.17072,0.00379
"6190",10,3.88888888888889,-3.88888888888889,6.7,0.1719,0.26768,0.16504,0.00326
"6191",1.6,5,-3.88888888888889,6.7,0.23845,0.17943,0.03477,0.01636
"6192",2.53333333333333,5,-3.88888888888889,6.7,0.24747,0.2656,0.09735,0.00506
"6193",3.46666666666667,5,-3.88888888888889,6.7,0.24081,0.30175,0.1393,0.00275
"6194",4.4,5,-3.88888888888889,6.7,0.22897,0.31176,0.16064,0.00166
"6195",5.33333333333333,5,-3.88888888888889,6.7,0.21672,0.30843,0.17064,0.00147
"6196",6.26666666666667,5,-3.88888888888889,6.7,0.20545,0.30044,0.17232,0.00115
"6197",7.2,5,-3.88888888888889,6.7,0.19523,0.29045,0.17124,0.00093
"6198",8.13333333333333,5,-3.88888888888889,6.7,0.18648,0.27957,0.16777,0.00091
"6199",9.06666666666667,5,-3.88888888888889,6.7,0.17797,0.26901,0.16549,0.00104
"6200",10,5,-3.88888888888889,6.7,0.17018,0.25985,0.16016,0.00083
"6201",1.6,-5,-2.77777777777778,6.7,0.23844,0.17683,0.03553,0.01645
"6202",2.53333333333333,-5,-2.77777777777778,6.7,0.24701,0.26102,0.09773,0.00512
"6203",3.46666666666667,-5,-2.77777777777778,6.7,0.23981,0.29868,0.14047,0.0026
"6204",4.4,-5,-2.77777777777778,6.7,0.22901,0.30778,0.16154,0.00179
"6205",5.33333333333333,-5,-2.77777777777778,6.7,0.21708,0.30595,0.17111,0.00147
"6206",6.26666666666667,-5,-2.77777777777778,6.7,0.206,0.29858,0.17422,0.0011
"6207",7.2,-5,-2.77777777777778,6.7,0.19607,0.28831,0.17221,0.00109
"6208",8.13333333333333,-5,-2.77777777777778,6.7,0.18586,0.2782,0.16938,0.00096
"6209",9.06666666666667,-5,-2.77777777777778,6.7,0.17741,0.26897,0.16611,0.00089
"6210",10,-5,-2.77777777777778,6.7,0.17057,0.25957,0.16212,0.00087
"6211",1.6,-3.88888888888889,-2.77777777777778,6.7,0.27807,0.24648,0.06137,0.02769
"6212",2.53333333333333,-3.88888888888889,-2.77777777777778,6.7,0.27347,0.32712,0.14172,0.0112
"6213",3.46666666666667,-3.88888888888889,-2.77777777777778,6.7,0.25829,0.34522,0.17944,0.00787
"6214",4.4,-3.88888888888889,-2.77777777777778,6.7,0.24028,0.34122,0.19177,0.00593
"6215",5.33333333333333,-3.88888888888889,-2.77777777777778,6.7,0.2246,0.32953,0.19265,0.00452
"6216",6.26666666666667,-3.88888888888889,-2.77777777777778,6.7,0.21085,0.31624,0.19009,0.0041
"6217",7.2,-3.88888888888889,-2.77777777777778,6.7,0.19867,0.30273,0.18553,0.0042
"6218",8.13333333333333,-3.88888888888889,-2.77777777777778,6.7,0.18857,0.2889,0.17861,0.00383
"6219",9.06666666666667,-3.88888888888889,-2.77777777777778,6.7,0.17995,0.27707,0.17378,0.00357
"6220",10,-3.88888888888889,-2.77777777777778,6.7,0.172,0.26633,0.16794,0.00347
"6221",1.6,-2.77777777777778,-2.77777777777778,6.7,0.3252,0.35347,0.11671,0.05164
"6222",2.53333333333333,-2.77777777777778,-2.77777777777778,6.7,0.29965,0.40257,0.20249,0.03096
"6223",3.46666666666667,-2.77777777777778,-2.77777777777778,6.7,0.27221,0.39322,0.22415,0.02423
"6224",4.4,-2.77777777777778,-2.77777777777778,6.7,0.24905,0.373,0.22174,0.02085
"6225",5.33333333333333,-2.77777777777778,-2.77777777777778,6.7,0.22997,0.35187,0.2139,0.01946
"6226",6.26666666666667,-2.77777777777778,-2.77777777777778,6.7,0.21439,0.33088,0.20359,0.01785
"6227",7.2,-2.77777777777778,-2.77777777777778,6.7,0.20205,0.3129,0.19176,0.01731
"6228",8.13333333333333,-2.77777777777778,-2.77777777777778,6.7,0.19042,0.29777,0.18469,0.01646
"6229",9.06666666666667,-2.77777777777778,-2.77777777777778,6.7,0.18143,0.28373,0.17657,0.01636
"6230",10,-2.77777777777778,-2.77777777777778,6.7,0.17294,0.27148,0.169,0.01549
"6231",1.6,-1.66666666666667,-2.77777777777778,6.7,0.37317,0.49764,0.22218,0.12784
"6232",2.53333333333333,-1.66666666666667,-2.77777777777778,6.7,0.32062,0.47521,0.2738,0.10152
"6233",3.46666666666667,-1.66666666666667,-2.77777777777778,6.7,0.28369,0.43331,0.26352,0.09251
"6234",4.4,-1.66666666666667,-2.77777777777778,6.7,0.25568,0.39803,0.24478,0.08727
"6235",5.33333333333333,-1.66666666666667,-2.77777777777778,6.7,0.23364,0.36677,0.22994,0.08527
"6236",6.26666666666667,-1.66666666666667,-2.77777777777778,6.7,0.21692,0.34156,0.21243,0.08266
"6237",7.2,-1.66666666666667,-2.77777777777778,6.7,0.20333,0.31991,0.20336,0.08198
"6238",8.13333333333333,-1.66666666666667,-2.77777777777778,6.7,0.1917,0.30228,0.19073,0.08036
"6239",9.06666666666667,-1.66666666666667,-2.77777777777778,6.7,0.18202,0.28721,0.18183,0.07952
"6240",10,-1.66666666666667,-2.77777777777778,6.7,0.17346,0.27453,0.17515,0.07909
"6241",1.6,-0.555555555555555,-2.77777777777778,6.7,0.40697,0.62622,0.37952,0.44693
"6242",2.53333333333333,-0.555555555555555,-2.77777777777778,6.7,0.33567,0.52346,0.32959,0.43276
"6243",3.46666666666667,-0.555555555555555,-2.77777777777778,6.7,0.29056,0.45548,0.28952,0.42996
"6244",4.4,-0.555555555555555,-2.77777777777778,6.7,0.25914,0.40816,0.25942,0.42611
"6245",5.33333333333333,-0.555555555555555,-2.77777777777778,6.7,0.23637,0.37235,0.23974,0.42411
"6246",6.26666666666667,-0.555555555555555,-2.77777777777778,6.7,0.21922,0.34561,0.21862,0.42286
"6247",7.2,-0.555555555555555,-2.77777777777778,6.7,0.20485,0.32401,0.20633,0.42293
"6248",8.13333333333333,-0.555555555555555,-2.77777777777778,6.7,0.19285,0.30606,0.19474,0.42079
"6249",9.06666666666667,-0.555555555555555,-2.77777777777778,6.7,0.18294,0.2898,0.18562,0.42208
"6250",10,-0.555555555555555,-2.77777777777778,6.7,0.17463,0.2764,0.17749,0.42188
"6251",1.6,0.555555555555555,-2.77777777777778,6.7,0.40817,0.62815,0.3796,0.44516
"6252",2.53333333333333,0.555555555555555,-2.77777777777778,6.7,0.33466,0.52348,0.32916,0.43417
"6253",3.46666666666667,0.555555555555555,-2.77777777777778,6.7,0.29112,0.45581,0.28891,0.42817
"6254",4.4,0.555555555555555,-2.77777777777778,6.7,0.26039,0.40888,0.26049,0.42557
"6255",5.33333333333333,0.555555555555555,-2.77777777777778,6.7,0.2378,0.37417,0.23853,0.42519
"6256",6.26666666666667,0.555555555555555,-2.77777777777778,6.7,0.2194,0.34674,0.22181,0.4235
"6257",7.2,0.555555555555555,-2.77777777777778,6.7,0.2056,0.32447,0.20497,0.42254
"6258",8.13333333333333,0.555555555555555,-2.77777777777778,6.7,0.19392,0.3057,0.19501,0.42106
"6259",9.06666666666667,0.555555555555555,-2.77777777777778,6.7,0.18383,0.29078,0.18491,0.42151
"6260",10,0.555555555555555,-2.77777777777778,6.7,0.17542,0.27731,0.17418,0.42151
"6261",1.6,1.66666666666667,-2.77777777777778,6.7,0.37316,0.50227,0.22291,0.12724
"6262",2.53333333333333,1.66666666666667,-2.77777777777778,6.7,0.32117,0.47768,0.27369,0.10026
"6263",3.46666666666667,1.66666666666667,-2.77777777777778,6.7,0.2834,0.43305,0.2621,0.09213
"6264",4.4,1.66666666666667,-2.77777777777778,6.7,0.25687,0.39596,0.24576,0.08764
"6265",5.33333333333333,1.66666666666667,-2.77777777777778,6.7,0.23567,0.36542,0.22898,0.08513
"6266",6.26666666666667,1.66666666666667,-2.77777777777778,6.7,0.21912,0.34127,0.21588,0.08252
"6267",7.2,1.66666666666667,-2.77777777777778,6.7,0.20455,0.32125,0.20096,0.08102
"6268",8.13333333333333,1.66666666666667,-2.77777777777778,6.7,0.19292,0.30345,0.19257,0.08028
"6269",9.06666666666667,1.66666666666667,-2.77777777777778,6.7,0.18267,0.28895,0.18266,0.07986
"6270",10,1.66666666666667,-2.77777777777778,6.7,0.17455,0.27563,0.17386,0.07971
"6271",1.6,2.77777777777778,-2.77777777777778,6.7,0.32369,0.35838,0.11624,0.05197
"6272",2.53333333333333,2.77777777777778,-2.77777777777778,6.7,0.30008,0.40694,0.20057,0.0306
"6273",3.46666666666667,2.77777777777778,-2.77777777777778,6.7,0.27306,0.39667,0.22375,0.02393
"6274",4.4,2.77777777777778,-2.77777777777778,6.7,0.24959,0.37457,0.22112,0.02061
"6275",5.33333333333333,2.77777777777778,-2.77777777777778,6.7,0.23075,0.35204,0.21244,0.01915
"6276",6.26666666666667,2.77777777777778,-2.77777777777778,6.7,0.21491,0.33101,0.20505,0.01794
"6277",7.2,2.77777777777778,-2.77777777777778,6.7,0.20216,0.31319,0.19475,0.01753
"6278",8.13333333333333,2.77777777777778,-2.77777777777778,6.7,0.19129,0.29819,0.1857,0.01676
"6279",9.06666666666667,2.77777777777778,-2.77777777777778,6.7,0.18173,0.28467,0.17812,0.01625
"6280",10,2.77777777777778,-2.77777777777778,6.7,0.17337,0.27205,0.17139,0.01545
"6281",1.6,3.88888888888889,-2.77777777777778,6.7,0.27834,0.25007,0.06266,0.02689
"6282",2.53333333333333,3.88888888888889,-2.77777777777778,6.7,0.27288,0.33097,0.1396,0.012
"6283",3.46666666666667,3.88888888888889,-2.77777777777778,6.7,0.25696,0.34994,0.18057,0.00711
"6284",4.4,3.88888888888889,-2.77777777777778,6.7,0.2396,0.34463,0.19088,0.00556
"6285",5.33333333333333,3.88888888888889,-2.77777777777778,6.7,0.22456,0.33114,0.19446,0.00494
"6286",6.26666666666667,3.88888888888889,-2.77777777777778,6.7,0.21044,0.3172,0.18969,0.00451
"6287",7.2,3.88888888888889,-2.77777777777778,6.7,0.19875,0.30286,0.18215,0.00379
"6288",8.13333333333333,3.88888888888889,-2.77777777777778,6.7,0.18852,0.28894,0.17838,0.00381
"6289",9.06666666666667,3.88888888888889,-2.77777777777778,6.7,0.17959,0.27787,0.17442,0.00379
"6290",10,3.88888888888889,-2.77777777777778,6.7,0.1719,0.26768,0.16589,0.00344
"6291",1.6,5,-2.77777777777778,6.7,0.23845,0.17943,0.0349,0.01596
"6292",2.53333333333333,5,-2.77777777777778,6.7,0.24747,0.2656,0.09651,0.0051
"6293",3.46666666666667,5,-2.77777777777778,6.7,0.24081,0.30175,0.13935,0.00254
"6294",4.4,5,-2.77777777777778,6.7,0.22897,0.31176,0.16192,0.00179
"6295",5.33333333333333,5,-2.77777777777778,6.7,0.21672,0.30843,0.17139,0.00154
"6296",6.26666666666667,5,-2.77777777777778,6.7,0.20545,0.30044,0.17515,0.00117
"6297",7.2,5,-2.77777777777778,6.7,0.19523,0.29045,0.17167,0.00112
"6298",8.13333333333333,5,-2.77777777777778,6.7,0.18648,0.27957,0.17038,0.00098
"6299",9.06666666666667,5,-2.77777777777778,6.7,0.17797,0.26901,0.16392,0.001
"6300",10,5,-2.77777777777778,6.7,0.17018,0.25985,0.16191,0.00084
"6301",1.6,-5,-1.66666666666667,6.7,0.23844,0.17683,0.03594,0.01588
"6302",2.53333333333333,-5,-1.66666666666667,6.7,0.24701,0.26102,0.09536,0.00504
"6303",3.46666666666667,-5,-1.66666666666667,6.7,0.23981,0.29868,0.13937,0.00288
"6304",4.4,-5,-1.66666666666667,6.7,0.22901,0.30778,0.16255,0.00177
"6305",5.33333333333333,-5,-1.66666666666667,6.7,0.21708,0.30595,0.17295,0.00154
"6306",6.26666666666667,-5,-1.66666666666667,6.7,0.206,0.29858,0.17316,0.00111
"6307",7.2,-5,-1.66666666666667,6.7,0.19607,0.28831,0.17142,0.00097
"6308",8.13333333333333,-5,-1.66666666666667,6.7,0.18586,0.2782,0.16968,0.00109
"6309",9.06666666666667,-5,-1.66666666666667,6.7,0.17741,0.26897,0.16426,0.00092
"6310",10,-5,-1.66666666666667,6.7,0.17057,0.25957,0.15839,0.00078
"6311",1.6,-3.88888888888889,-1.66666666666667,6.7,0.27807,0.24648,0.06243,0.02647
"6312",2.53333333333333,-3.88888888888889,-1.66666666666667,6.7,0.27347,0.32712,0.14048,0.0113
"6313",3.46666666666667,-3.88888888888889,-1.66666666666667,6.7,0.25829,0.34522,0.18032,0.00748
"6314",4.4,-3.88888888888889,-1.66666666666667,6.7,0.24028,0.34122,0.19355,0.00597
"6315",5.33333333333333,-3.88888888888889,-1.66666666666667,6.7,0.2246,0.32953,0.19241,0.00496
"6316",6.26666666666667,-3.88888888888889,-1.66666666666667,6.7,0.21085,0.31624,0.1883,0.00468
"6317",7.2,-3.88888888888889,-1.66666666666667,6.7,0.19867,0.30273,0.18313,0.00389
"6318",8.13333333333333,-3.88888888888889,-1.66666666666667,6.7,0.18857,0.2889,0.17559,0.00369
"6319",9.06666666666667,-3.88888888888889,-1.66666666666667,6.7,0.17995,0.27707,0.17305,0.00364
"6320",10,-3.88888888888889,-1.66666666666667,6.7,0.172,0.26633,0.16894,0.00358
"6321",1.6,-2.77777777777778,-1.66666666666667,6.7,0.3252,0.35347,0.11508,0.05227
"6322",2.53333333333333,-2.77777777777778,-1.66666666666667,6.7,0.29965,0.40257,0.20031,0.03062
"6323",3.46666666666667,-2.77777777777778,-1.66666666666667,6.7,0.27221,0.39322,0.22224,0.02412
"6324",4.4,-2.77777777777778,-1.66666666666667,6.7,0.24905,0.373,0.22313,0.02113
"6325",5.33333333333333,-2.77777777777778,-1.66666666666667,6.7,0.22997,0.35187,0.21433,0.01876
"6326",6.26666666666667,-2.77777777777778,-1.66666666666667,6.7,0.21439,0.33088,0.20656,0.018
"6327",7.2,-2.77777777777778,-1.66666666666667,6.7,0.20205,0.3129,0.1958,0.01723
"6328",8.13333333333333,-2.77777777777778,-1.66666666666667,6.7,0.19042,0.29777,0.18715,0.01658
"6329",9.06666666666667,-2.77777777777778,-1.66666666666667,6.7,0.18143,0.28373,0.17862,0.01573
"6330",10,-2.77777777777778,-1.66666666666667,6.7,0.17294,0.27148,0.17251,0.01596
"6331",1.6,-1.66666666666667,-1.66666666666667,6.7,0.37317,0.49764,0.22187,0.12821
"6332",2.53333333333333,-1.66666666666667,-1.66666666666667,6.7,0.32062,0.47521,0.2731,0.10091
"6333",3.46666666666667,-1.66666666666667,-1.66666666666667,6.7,0.28369,0.43331,0.26391,0.09183
"6334",4.4,-1.66666666666667,-1.66666666666667,6.7,0.25568,0.39803,0.24327,0.08737
"6335",5.33333333333333,-1.66666666666667,-1.66666666666667,6.7,0.23364,0.36677,0.22993,0.08445
"6336",6.26666666666667,-1.66666666666667,-1.66666666666667,6.7,0.21692,0.34156,0.21471,0.08331
"6337",7.2,-1.66666666666667,-1.66666666666667,6.7,0.20333,0.31991,0.20188,0.08058
"6338",8.13333333333333,-1.66666666666667,-1.66666666666667,6.7,0.1917,0.30228,0.1931,0.07979
"6339",9.06666666666667,-1.66666666666667,-1.66666666666667,6.7,0.18202,0.28721,0.18433,0.07961
"6340",10,-1.66666666666667,-1.66666666666667,6.7,0.17346,0.27453,0.17502,0.07816
"6341",1.6,-0.555555555555555,-1.66666666666667,6.7,0.40697,0.62622,0.37836,0.44502
"6342",2.53333333333333,-0.555555555555555,-1.66666666666667,6.7,0.33567,0.52346,0.32723,0.43355
"6343",3.46666666666667,-0.555555555555555,-1.66666666666667,6.7,0.29056,0.45548,0.28826,0.42913
"6344",4.4,-0.555555555555555,-1.66666666666667,6.7,0.25914,0.40816,0.25916,0.42462
"6345",5.33333333333333,-0.555555555555555,-1.66666666666667,6.7,0.23637,0.37235,0.23621,0.42418
"6346",6.26666666666667,-0.555555555555555,-1.66666666666667,6.7,0.21922,0.34561,0.21975,0.42365
"6347",7.2,-0.555555555555555,-1.66666666666667,6.7,0.20485,0.32401,0.2061,0.42214
"6348",8.13333333333333,-0.555555555555555,-1.66666666666667,6.7,0.19285,0.30606,0.19484,0.42254
"6349",9.06666666666667,-0.555555555555555,-1.66666666666667,6.7,0.18294,0.2898,0.18484,0.42147
"6350",10,-0.555555555555555,-1.66666666666667,6.7,0.17463,0.2764,0.17794,0.42095
"6351",1.6,0.555555555555555,-1.66666666666667,6.7,0.40817,0.62815,0.37721,0.44771
"6352",2.53333333333333,0.555555555555555,-1.66666666666667,6.7,0.33466,0.52348,0.32648,0.43372
"6353",3.46666666666667,0.555555555555555,-1.66666666666667,6.7,0.29112,0.45581,0.29098,0.42907
"6354",4.4,0.555555555555555,-1.66666666666667,6.7,0.26039,0.40888,0.26035,0.42516
"6355",5.33333333333333,0.555555555555555,-1.66666666666667,6.7,0.2378,0.37417,0.23739,0.42476
"6356",6.26666666666667,0.555555555555555,-1.66666666666667,6.7,0.2194,0.34674,0.21898,0.42293
"6357",7.2,0.555555555555555,-1.66666666666667,6.7,0.2056,0.32447,0.20516,0.42289
"6358",8.13333333333333,0.555555555555555,-1.66666666666667,6.7,0.19392,0.3057,0.19515,0.4224
"6359",9.06666666666667,0.555555555555555,-1.66666666666667,6.7,0.18383,0.29078,0.18517,0.42129
"6360",10,0.555555555555555,-1.66666666666667,6.7,0.17542,0.27731,0.17423,0.42119
"6361",1.6,1.66666666666667,-1.66666666666667,6.7,0.37316,0.50227,0.22331,0.12853
"6362",2.53333333333333,1.66666666666667,-1.66666666666667,6.7,0.32117,0.47768,0.2715,0.10075
"6363",3.46666666666667,1.66666666666667,-1.66666666666667,6.7,0.2834,0.43305,0.26343,0.09316
"6364",4.4,1.66666666666667,-1.66666666666667,6.7,0.25687,0.39596,0.24592,0.08728
"6365",5.33333333333333,1.66666666666667,-1.66666666666667,6.7,0.23567,0.36542,0.22991,0.08573
"6366",6.26666666666667,1.66666666666667,-1.66666666666667,6.7,0.21912,0.34127,0.2141,0.08309
"6367",7.2,1.66666666666667,-1.66666666666667,6.7,0.20455,0.32125,0.20351,0.0823
"6368",8.13333333333333,1.66666666666667,-1.66666666666667,6.7,0.19292,0.30345,0.18814,0.08058
"6369",9.06666666666667,1.66666666666667,-1.66666666666667,6.7,0.18267,0.28895,0.18287,0.07992
"6370",10,1.66666666666667,-1.66666666666667,6.7,0.17455,0.27563,0.17255,0.07947
"6371",1.6,2.77777777777778,-1.66666666666667,6.7,0.32369,0.35838,0.11595,0.05287
"6372",2.53333333333333,2.77777777777778,-1.66666666666667,6.7,0.30008,0.40694,0.20213,0.03134
"6373",3.46666666666667,2.77777777777778,-1.66666666666667,6.7,0.27306,0.39667,0.22539,0.02404
"6374",4.4,2.77777777777778,-1.66666666666667,6.7,0.24959,0.37457,0.22092,0.02119
"6375",5.33333333333333,2.77777777777778,-1.66666666666667,6.7,0.23075,0.35204,0.21374,0.01901
"6376",6.26666666666667,2.77777777777778,-1.66666666666667,6.7,0.21491,0.33101,0.20507,0.01804
"6377",7.2,2.77777777777778,-1.66666666666667,6.7,0.20216,0.31319,0.19314,0.01689
"6378",8.13333333333333,2.77777777777778,-1.66666666666667,6.7,0.19129,0.29819,0.18422,0.01657
"6379",9.06666666666667,2.77777777777778,-1.66666666666667,6.7,0.18173,0.28467,0.1804,0.0163
"6380",10,2.77777777777778,-1.66666666666667,6.7,0.17337,0.27205,0.17074,0.01575
"6381",1.6,3.88888888888889,-1.66666666666667,6.7,0.27834,0.25007,0.06063,0.0263
"6382",2.53333333333333,3.88888888888889,-1.66666666666667,6.7,0.27288,0.33097,0.14177,0.01173
"6383",3.46666666666667,3.88888888888889,-1.66666666666667,6.7,0.25696,0.34994,0.17829,0.00752
"6384",4.4,3.88888888888889,-1.66666666666667,6.7,0.2396,0.34463,0.19366,0.00594
"6385",5.33333333333333,3.88888888888889,-1.66666666666667,6.7,0.22456,0.33114,0.19228,0.00492
"6386",6.26666666666667,3.88888888888889,-1.66666666666667,6.7,0.21044,0.3172,0.18966,0.00449
"6387",7.2,3.88888888888889,-1.66666666666667,6.7,0.19875,0.30286,0.18472,0.00406
"6388",8.13333333333333,3.88888888888889,-1.66666666666667,6.7,0.18852,0.28894,0.18029,0.0036
"6389",9.06666666666667,3.88888888888889,-1.66666666666667,6.7,0.17959,0.27787,0.17314,0.00363
"6390",10,3.88888888888889,-1.66666666666667,6.7,0.1719,0.26768,0.16463,0.00339
"6391",1.6,5,-1.66666666666667,6.7,0.23845,0.17943,0.03596,0.01639
"6392",2.53333333333333,5,-1.66666666666667,6.7,0.24747,0.2656,0.09707,0.00546
"6393",3.46666666666667,5,-1.66666666666667,6.7,0.24081,0.30175,0.14084,0.00287
"6394",4.4,5,-1.66666666666667,6.7,0.22897,0.31176,0.16225,0.00182
"6395",5.33333333333333,5,-1.66666666666667,6.7,0.21672,0.30843,0.17224,0.00144
"6396",6.26666666666667,5,-1.66666666666667,6.7,0.20545,0.30044,0.17166,0.00118
"6397",7.2,5,-1.66666666666667,6.7,0.19523,0.29045,0.17041,0.00103
"6398",8.13333333333333,5,-1.66666666666667,6.7,0.18648,0.27957,0.16871,0.00111
"6399",9.06666666666667,5,-1.66666666666667,6.7,0.17797,0.26901,0.1652,0.00097
"6400",10,5,-1.66666666666667,6.7,0.17018,0.25985,0.15923,0.00107
"6401",1.6,-5,-0.555555555555555,6.7,0.23844,0.17683,0.0346,0.01667
"6402",2.53333333333333,-5,-0.555555555555555,6.7,0.24701,0.26102,0.09748,0.00515
"6403",3.46666666666667,-5,-0.555555555555555,6.7,0.23981,0.29868,0.13891,0.00268
"6404",4.4,-5,-0.555555555555555,6.7,0.22901,0.30778,0.16275,0.00179
"6405",5.33333333333333,-5,-0.555555555555555,6.7,0.21708,0.30595,0.17049,0.00152
"6406",6.26666666666667,-5,-0.555555555555555,6.7,0.206,0.29858,0.17226,0.00126
"6407",7.2,-5,-0.555555555555555,6.7,0.19607,0.28831,0.17092,0.00102
"6408",8.13333333333333,-5,-0.555555555555555,6.7,0.18586,0.2782,0.16867,9e-04
"6409",9.06666666666667,-5,-0.555555555555555,6.7,0.17741,0.26897,0.16394,9e-04
"6410",10,-5,-0.555555555555555,6.7,0.17057,0.25957,0.16045,0.00082
"6411",1.6,-3.88888888888889,-0.555555555555555,6.7,0.27807,0.24648,0.06236,0.02719
"6412",2.53333333333333,-3.88888888888889,-0.555555555555555,6.7,0.27347,0.32712,0.14069,0.01143
"6413",3.46666666666667,-3.88888888888889,-0.555555555555555,6.7,0.25829,0.34522,0.17926,0.00778
"6414",4.4,-3.88888888888889,-0.555555555555555,6.7,0.24028,0.34122,0.19297,0.00581
"6415",5.33333333333333,-3.88888888888889,-0.555555555555555,6.7,0.2246,0.32953,0.19535,0.00495
"6416",6.26666666666667,-3.88888888888889,-0.555555555555555,6.7,0.21085,0.31624,0.18862,0.00409
"6417",7.2,-3.88888888888889,-0.555555555555555,6.7,0.19867,0.30273,0.18524,0.0039
"6418",8.13333333333333,-3.88888888888889,-0.555555555555555,6.7,0.18857,0.2889,0.17862,0.00379
"6419",9.06666666666667,-3.88888888888889,-0.555555555555555,6.7,0.17995,0.27707,0.17269,0.00369
"6420",10,-3.88888888888889,-0.555555555555555,6.7,0.172,0.26633,0.16461,0.00348
"6421",1.6,-2.77777777777778,-0.555555555555555,6.7,0.3252,0.35347,0.11674,0.0524
"6422",2.53333333333333,-2.77777777777778,-0.555555555555555,6.7,0.29965,0.40257,0.20264,0.03087
"6423",3.46666666666667,-2.77777777777778,-0.555555555555555,6.7,0.27221,0.39322,0.22195,0.02382
"6424",4.4,-2.77777777777778,-0.555555555555555,6.7,0.24905,0.373,0.22181,0.0207
"6425",5.33333333333333,-2.77777777777778,-0.555555555555555,6.7,0.22997,0.35187,0.21136,0.01902
"6426",6.26666666666667,-2.77777777777778,-0.555555555555555,6.7,0.21439,0.33088,0.20229,0.01804
"6427",7.2,-2.77777777777778,-0.555555555555555,6.7,0.20205,0.3129,0.19382,0.01722
"6428",8.13333333333333,-2.77777777777778,-0.555555555555555,6.7,0.19042,0.29777,0.18673,0.01677
"6429",9.06666666666667,-2.77777777777778,-0.555555555555555,6.7,0.18143,0.28373,0.17831,0.01644
"6430",10,-2.77777777777778,-0.555555555555555,6.7,0.17294,0.27148,0.16831,0.01569
"6431",1.6,-1.66666666666667,-0.555555555555555,6.7,0.37317,0.49764,0.22269,0.12828
"6432",2.53333333333333,-1.66666666666667,-0.555555555555555,6.7,0.32062,0.47521,0.27503,0.10182
"6433",3.46666666666667,-1.66666666666667,-0.555555555555555,6.7,0.28369,0.43331,0.26461,0.09118
"6434",4.4,-1.66666666666667,-0.555555555555555,6.7,0.25568,0.39803,0.24633,0.08714
"6435",5.33333333333333,-1.66666666666667,-0.555555555555555,6.7,0.23364,0.36677,0.22694,0.08454
"6436",6.26666666666667,-1.66666666666667,-0.555555555555555,6.7,0.21692,0.34156,0.21574,0.08211
"6437",7.2,-1.66666666666667,-0.555555555555555,6.7,0.20333,0.31991,0.20301,0.08166
"6438",8.13333333333333,-1.66666666666667,-0.555555555555555,6.7,0.1917,0.30228,0.19219,0.08055
"6439",9.06666666666667,-1.66666666666667,-0.555555555555555,6.7,0.18202,0.28721,0.18324,0.08006
"6440",10,-1.66666666666667,-0.555555555555555,6.7,0.17346,0.27453,0.17625,0.07937
"6441",1.6,-0.555555555555555,-0.555555555555555,6.7,0.40697,0.62622,0.37665,0.44627
"6442",2.53333333333333,-0.555555555555555,-0.555555555555555,6.7,0.33567,0.52346,0.33015,0.43418
"6443",3.46666666666667,-0.555555555555555,-0.555555555555555,6.7,0.29056,0.45548,0.28839,0.42996
"6444",4.4,-0.555555555555555,-0.555555555555555,6.7,0.25914,0.40816,0.25953,0.42654
"6445",5.33333333333333,-0.555555555555555,-0.555555555555555,6.7,0.23637,0.37235,0.23813,0.42485
"6446",6.26666666666667,-0.555555555555555,-0.555555555555555,6.7,0.21922,0.34561,0.22138,0.42325
"6447",7.2,-0.555555555555555,-0.555555555555555,6.7,0.20485,0.32401,0.2067,0.42286
"6448",8.13333333333333,-0.555555555555555,-0.555555555555555,6.7,0.19285,0.30606,0.19374,0.4208
"6449",9.06666666666667,-0.555555555555555,-0.555555555555555,6.7,0.18294,0.2898,0.18319,0.42289
"6450",10,-0.555555555555555,-0.555555555555555,6.7,0.17463,0.2764,0.1758,0.42057
"6451",1.6,0.555555555555555,-0.555555555555555,6.7,0.40817,0.62815,0.3797,0.44665
"6452",2.53333333333333,0.555555555555555,-0.555555555555555,6.7,0.33466,0.52348,0.3299,0.43391
"6453",3.46666666666667,0.555555555555555,-0.555555555555555,6.7,0.29112,0.45581,0.29059,0.42904
"6454",4.4,0.555555555555555,-0.555555555555555,6.7,0.26039,0.40888,0.26056,0.4274
"6455",5.33333333333333,0.555555555555555,-0.555555555555555,6.7,0.2378,0.37417,0.2379,0.42465
"6456",6.26666666666667,0.555555555555555,-0.555555555555555,6.7,0.2194,0.34674,0.22007,0.42347
"6457",7.2,0.555555555555555,-0.555555555555555,6.7,0.2056,0.32447,0.20592,0.42352
"6458",8.13333333333333,0.555555555555555,-0.555555555555555,6.7,0.19392,0.3057,0.19324,0.42266
"6459",9.06666666666667,0.555555555555555,-0.555555555555555,6.7,0.18383,0.29078,0.18533,0.4219
"6460",10,0.555555555555555,-0.555555555555555,6.7,0.17542,0.27731,0.17754,0.42107
"6461",1.6,1.66666666666667,-0.555555555555555,6.7,0.37316,0.50227,0.22587,0.1273
"6462",2.53333333333333,1.66666666666667,-0.555555555555555,6.7,0.32117,0.47768,0.2724,0.10189
"6463",3.46666666666667,1.66666666666667,-0.555555555555555,6.7,0.2834,0.43305,0.26491,0.09221
"6464",4.4,1.66666666666667,-0.555555555555555,6.7,0.25687,0.39596,0.24742,0.08763
"6465",5.33333333333333,1.66666666666667,-0.555555555555555,6.7,0.23567,0.36542,0.22746,0.08434
"6466",6.26666666666667,1.66666666666667,-0.555555555555555,6.7,0.21912,0.34127,0.21316,0.08235
"6467",7.2,1.66666666666667,-0.555555555555555,6.7,0.20455,0.32125,0.20274,0.08077
"6468",8.13333333333333,1.66666666666667,-0.555555555555555,6.7,0.19292,0.30345,0.19034,0.08101
"6469",9.06666666666667,1.66666666666667,-0.555555555555555,6.7,0.18267,0.28895,0.18122,0.07977
"6470",10,1.66666666666667,-0.555555555555555,6.7,0.17455,0.27563,0.17415,0.07905
"6471",1.6,2.77777777777778,-0.555555555555555,6.7,0.32369,0.35838,0.1162,0.05287
"6472",2.53333333333333,2.77777777777778,-0.555555555555555,6.7,0.30008,0.40694,0.20222,0.03021
"6473",3.46666666666667,2.77777777777778,-0.555555555555555,6.7,0.27306,0.39667,0.22347,0.02356
"6474",4.4,2.77777777777778,-0.555555555555555,6.7,0.24959,0.37457,0.22321,0.02075
"6475",5.33333333333333,2.77777777777778,-0.555555555555555,6.7,0.23075,0.35204,0.21451,0.01894
"6476",6.26666666666667,2.77777777777778,-0.555555555555555,6.7,0.21491,0.33101,0.20679,0.01787
"6477",7.2,2.77777777777778,-0.555555555555555,6.7,0.20216,0.31319,0.1959,0.01721
"6478",8.13333333333333,2.77777777777778,-0.555555555555555,6.7,0.19129,0.29819,0.18603,0.01651
"6479",9.06666666666667,2.77777777777778,-0.555555555555555,6.7,0.18173,0.28467,0.17938,0.01583
"6480",10,2.77777777777778,-0.555555555555555,6.7,0.17337,0.27205,0.17081,0.01595
"6481",1.6,3.88888888888889,-0.555555555555555,6.7,0.27834,0.25007,0.06263,0.02664
"6482",2.53333333333333,3.88888888888889,-0.555555555555555,6.7,0.27288,0.33097,0.14167,0.01125
"6483",3.46666666666667,3.88888888888889,-0.555555555555555,6.7,0.25696,0.34994,0.17983,0.00741
"6484",4.4,3.88888888888889,-0.555555555555555,6.7,0.2396,0.34463,0.19254,0.00577
"6485",5.33333333333333,3.88888888888889,-0.555555555555555,6.7,0.22456,0.33114,0.19475,0.00476
"6486",6.26666666666667,3.88888888888889,-0.555555555555555,6.7,0.21044,0.3172,0.18915,0.00447
"6487",7.2,3.88888888888889,-0.555555555555555,6.7,0.19875,0.30286,0.18334,0.0042
"6488",8.13333333333333,3.88888888888889,-0.555555555555555,6.7,0.18852,0.28894,0.17814,0.00381
"6489",9.06666666666667,3.88888888888889,-0.555555555555555,6.7,0.17959,0.27787,0.17072,0.00357
"6490",10,3.88888888888889,-0.555555555555555,6.7,0.1719,0.26768,0.16549,0.00341
"6491",1.6,5,-0.555555555555555,6.7,0.23845,0.17943,0.03551,0.01655
"6492",2.53333333333333,5,-0.555555555555555,6.7,0.24747,0.2656,0.09713,0.00512
"6493",3.46666666666667,5,-0.555555555555555,6.7,0.24081,0.30175,0.13991,0.00267
"6494",4.4,5,-0.555555555555555,6.7,0.22897,0.31176,0.16326,0.00188
"6495",5.33333333333333,5,-0.555555555555555,6.7,0.21672,0.30843,0.17038,0.00125
"6496",6.26666666666667,5,-0.555555555555555,6.7,0.20545,0.30044,0.17345,0.00118
"6497",7.2,5,-0.555555555555555,6.7,0.19523,0.29045,0.17165,0.00107
"6498",8.13333333333333,5,-0.555555555555555,6.7,0.18648,0.27957,0.16806,0.00091
"6499",9.06666666666667,5,-0.555555555555555,6.7,0.17797,0.26901,0.1634,0.00084
"6500",10,5,-0.555555555555555,6.7,0.17018,0.25985,0.15852,0.00085
"6501",1.6,-5,0.555555555555555,6.7,0.23844,0.17683,0.03603,0.01693
"6502",2.53333333333333,-5,0.555555555555555,6.7,0.24701,0.26102,0.09825,0.00459
"6503",3.46666666666667,-5,0.555555555555555,6.7,0.23981,0.29868,0.13869,0.00263
"6504",4.4,-5,0.555555555555555,6.7,0.22901,0.30778,0.16414,0.0017
"6505",5.33333333333333,-5,0.555555555555555,6.7,0.21708,0.30595,0.17082,0.00133
"6506",6.26666666666667,-5,0.555555555555555,6.7,0.206,0.29858,0.17202,0.0013
"6507",7.2,-5,0.555555555555555,6.7,0.19607,0.28831,0.17287,0.00096
"6508",8.13333333333333,-5,0.555555555555555,6.7,0.18586,0.2782,0.16672,0.00103
"6509",9.06666666666667,-5,0.555555555555555,6.7,0.17741,0.26897,0.16415,0.00081
"6510",10,-5,0.555555555555555,6.7,0.17057,0.25957,0.16136,0.00084
"6511",1.6,-3.88888888888889,0.555555555555555,6.7,0.27807,0.24648,0.06265,0.02672
"6512",2.53333333333333,-3.88888888888889,0.555555555555555,6.7,0.27347,0.32712,0.14077,0.0112
"6513",3.46666666666667,-3.88888888888889,0.555555555555555,6.7,0.25829,0.34522,0.17954,0.00751
"6514",4.4,-3.88888888888889,0.555555555555555,6.7,0.24028,0.34122,0.19314,0.00561
"6515",5.33333333333333,-3.88888888888889,0.555555555555555,6.7,0.2246,0.32953,0.19413,0.00485
"6516",6.26666666666667,-3.88888888888889,0.555555555555555,6.7,0.21085,0.31624,0.18893,0.00439
"6517",7.2,-3.88888888888889,0.555555555555555,6.7,0.19867,0.30273,0.1828,0.00399
"6518",8.13333333333333,-3.88888888888889,0.555555555555555,6.7,0.18857,0.2889,0.17838,0.00376
"6519",9.06666666666667,-3.88888888888889,0.555555555555555,6.7,0.17995,0.27707,0.1721,0.00368
"6520",10,-3.88888888888889,0.555555555555555,6.7,0.172,0.26633,0.16604,0.00354
"6521",1.6,-2.77777777777778,0.555555555555555,6.7,0.3252,0.35347,0.1167,0.05224
"6522",2.53333333333333,-2.77777777777778,0.555555555555555,6.7,0.29965,0.40257,0.20216,0.03123
"6523",3.46666666666667,-2.77777777777778,0.555555555555555,6.7,0.27221,0.39322,0.22423,0.02382
"6524",4.4,-2.77777777777778,0.555555555555555,6.7,0.24905,0.373,0.22254,0.02053
"6525",5.33333333333333,-2.77777777777778,0.555555555555555,6.7,0.22997,0.35187,0.21301,0.01837
"6526",6.26666666666667,-2.77777777777778,0.555555555555555,6.7,0.21439,0.33088,0.20559,0.01804
"6527",7.2,-2.77777777777778,0.555555555555555,6.7,0.20205,0.3129,0.19493,0.01691
"6528",8.13333333333333,-2.77777777777778,0.555555555555555,6.7,0.19042,0.29777,0.18642,0.01648
"6529",9.06666666666667,-2.77777777777778,0.555555555555555,6.7,0.18143,0.28373,0.17888,0.01605
"6530",10,-2.77777777777778,0.555555555555555,6.7,0.17294,0.27148,0.17339,0.01571
"6531",1.6,-1.66666666666667,0.555555555555555,6.7,0.37317,0.49764,0.22338,0.1286
"6532",2.53333333333333,-1.66666666666667,0.555555555555555,6.7,0.32062,0.47521,0.27453,0.10137
"6533",3.46666666666667,-1.66666666666667,0.555555555555555,6.7,0.28369,0.43331,0.26595,0.09146
"6534",4.4,-1.66666666666667,0.555555555555555,6.7,0.25568,0.39803,0.24832,0.08836
"6535",5.33333333333333,-1.66666666666667,0.555555555555555,6.7,0.23364,0.36677,0.22669,0.0844
"6536",6.26666666666667,-1.66666666666667,0.555555555555555,6.7,0.21692,0.34156,0.21613,0.08272
"6537",7.2,-1.66666666666667,0.555555555555555,6.7,0.20333,0.31991,0.20269,0.08184
"6538",8.13333333333333,-1.66666666666667,0.555555555555555,6.7,0.1917,0.30228,0.19177,0.08118
"6539",9.06666666666667,-1.66666666666667,0.555555555555555,6.7,0.18202,0.28721,0.18253,0.07988
"6540",10,-1.66666666666667,0.555555555555555,6.7,0.17346,0.27453,0.17529,0.07857
"6541",1.6,-0.555555555555555,0.555555555555555,6.7,0.40697,0.62622,0.37857,0.44623
"6542",2.53333333333333,-0.555555555555555,0.555555555555555,6.7,0.33567,0.52346,0.32958,0.43347
"6543",3.46666666666667,-0.555555555555555,0.555555555555555,6.7,0.29056,0.45548,0.28956,0.42898
"6544",4.4,-0.555555555555555,0.555555555555555,6.7,0.25914,0.40816,0.26035,0.42608
"6545",5.33333333333333,-0.555555555555555,0.555555555555555,6.7,0.23637,0.37235,0.2362,0.4245
"6546",6.26666666666667,-0.555555555555555,0.555555555555555,6.7,0.21922,0.34561,0.22009,0.42461
"6547",7.2,-0.555555555555555,0.555555555555555,6.7,0.20485,0.32401,0.20586,0.42259
"6548",8.13333333333333,-0.555555555555555,0.555555555555555,6.7,0.19285,0.30606,0.19417,0.42159
"6549",9.06666666666667,-0.555555555555555,0.555555555555555,6.7,0.18294,0.2898,0.18344,0.42161
"6550",10,-0.555555555555555,0.555555555555555,6.7,0.17463,0.2764,0.17697,0.4213
"6551",1.6,0.555555555555555,0.555555555555555,6.7,0.40817,0.62815,0.37871,0.44627
"6552",2.53333333333333,0.555555555555555,0.555555555555555,6.7,0.33466,0.52348,0.3306,0.43465
"6553",3.46666666666667,0.555555555555555,0.555555555555555,6.7,0.29112,0.45581,0.29155,0.42937
"6554",4.4,0.555555555555555,0.555555555555555,6.7,0.26039,0.40888,0.25984,0.42635
"6555",5.33333333333333,0.555555555555555,0.555555555555555,6.7,0.2378,0.37417,0.23502,0.42511
"6556",6.26666666666667,0.555555555555555,0.555555555555555,6.7,0.2194,0.34674,0.22093,0.42395
"6557",7.2,0.555555555555555,0.555555555555555,6.7,0.2056,0.32447,0.20797,0.42307
"6558",8.13333333333333,0.555555555555555,0.555555555555555,6.7,0.19392,0.3057,0.19373,0.42232
"6559",9.06666666666667,0.555555555555555,0.555555555555555,6.7,0.18383,0.29078,0.18557,0.4216
"6560",10,0.555555555555555,0.555555555555555,6.7,0.17542,0.27731,0.17875,0.42142
"6561",1.6,1.66666666666667,0.555555555555555,6.7,0.37316,0.50227,0.22128,0.12624
"6562",2.53333333333333,1.66666666666667,0.555555555555555,6.7,0.32117,0.47768,0.27487,0.1017
"6563",3.46666666666667,1.66666666666667,0.555555555555555,6.7,0.2834,0.43305,0.26525,0.09164
"6564",4.4,1.66666666666667,0.555555555555555,6.7,0.25687,0.39596,0.24648,0.08705
"6565",5.33333333333333,1.66666666666667,0.555555555555555,6.7,0.23567,0.36542,0.22979,0.08488
"6566",6.26666666666667,1.66666666666667,0.555555555555555,6.7,0.21912,0.34127,0.21547,0.08346
"6567",7.2,1.66666666666667,0.555555555555555,6.7,0.20455,0.32125,0.20098,0.08138
"6568",8.13333333333333,1.66666666666667,0.555555555555555,6.7,0.19292,0.30345,0.18978,0.08067
"6569",9.06666666666667,1.66666666666667,0.555555555555555,6.7,0.18267,0.28895,0.18215,0.07973
"6570",10,1.66666666666667,0.555555555555555,6.7,0.17455,0.27563,0.17454,0.07936
"6571",1.6,2.77777777777778,0.555555555555555,6.7,0.32369,0.35838,0.11544,0.05256
"6572",2.53333333333333,2.77777777777778,0.555555555555555,6.7,0.30008,0.40694,0.20342,0.03112
"6573",3.46666666666667,2.77777777777778,0.555555555555555,6.7,0.27306,0.39667,0.22272,0.02398
"6574",4.4,2.77777777777778,0.555555555555555,6.7,0.24959,0.37457,0.22431,0.01989
"6575",5.33333333333333,2.77777777777778,0.555555555555555,6.7,0.23075,0.35204,0.21336,0.01908
"6576",6.26666666666667,2.77777777777778,0.555555555555555,6.7,0.21491,0.33101,0.20559,0.01809
"6577",7.2,2.77777777777778,0.555555555555555,6.7,0.20216,0.31319,0.19387,0.01705
"6578",8.13333333333333,2.77777777777778,0.555555555555555,6.7,0.19129,0.29819,0.18658,0.01661
"6579",9.06666666666667,2.77777777777778,0.555555555555555,6.7,0.18173,0.28467,0.17776,0.01605
"6580",10,2.77777777777778,0.555555555555555,6.7,0.17337,0.27205,0.17183,0.01602
"6581",1.6,3.88888888888889,0.555555555555555,6.7,0.27834,0.25007,0.06366,0.02677
"6582",2.53333333333333,3.88888888888889,0.555555555555555,6.7,0.27288,0.33097,0.13957,0.01164
"6583",3.46666666666667,3.88888888888889,0.555555555555555,6.7,0.25696,0.34994,0.18049,0.00762
"6584",4.4,3.88888888888889,0.555555555555555,6.7,0.2396,0.34463,0.194,0.00636
"6585",5.33333333333333,3.88888888888889,0.555555555555555,6.7,0.22456,0.33114,0.19358,0.00528
"6586",6.26666666666667,3.88888888888889,0.555555555555555,6.7,0.21044,0.3172,0.19016,0.00416
"6587",7.2,3.88888888888889,0.555555555555555,6.7,0.19875,0.30286,0.18516,0.00401
"6588",8.13333333333333,3.88888888888889,0.555555555555555,6.7,0.18852,0.28894,0.17847,0.00385
"6589",9.06666666666667,3.88888888888889,0.555555555555555,6.7,0.17959,0.27787,0.17057,0.00344
"6590",10,3.88888888888889,0.555555555555555,6.7,0.1719,0.26768,0.16562,0.00349
"6591",1.6,5,0.555555555555555,6.7,0.23845,0.17943,0.03679,0.0155
"6592",2.53333333333333,5,0.555555555555555,6.7,0.24747,0.2656,0.09797,0.00518
"6593",3.46666666666667,5,0.555555555555555,6.7,0.24081,0.30175,0.14012,0.00289
"6594",4.4,5,0.555555555555555,6.7,0.22897,0.31176,0.16261,0.00167
"6595",5.33333333333333,5,0.555555555555555,6.7,0.21672,0.30843,0.17079,0.00137
"6596",6.26666666666667,5,0.555555555555555,6.7,0.20545,0.30044,0.17152,0.00131
"6597",7.2,5,0.555555555555555,6.7,0.19523,0.29045,0.17022,0.001
"6598",8.13333333333333,5,0.555555555555555,6.7,0.18648,0.27957,0.17095,0.00107
"6599",9.06666666666667,5,0.555555555555555,6.7,0.17797,0.26901,0.16351,0.00091
"6600",10,5,0.555555555555555,6.7,0.17018,0.25985,0.15872,9e-04
"6601",1.6,-5,1.66666666666667,6.7,0.23844,0.17683,0.03499,0.01611
"6602",2.53333333333333,-5,1.66666666666667,6.7,0.24701,0.26102,0.09715,0.00505
"6603",3.46666666666667,-5,1.66666666666667,6.7,0.23981,0.29868,0.14103,0.00297
"6604",4.4,-5,1.66666666666667,6.7,0.22901,0.30778,0.16185,0.00189
"6605",5.33333333333333,-5,1.66666666666667,6.7,0.21708,0.30595,0.17109,0.00116
"6606",6.26666666666667,-5,1.66666666666667,6.7,0.206,0.29858,0.17341,0.00124
"6607",7.2,-5,1.66666666666667,6.7,0.19607,0.28831,0.17144,0.00109
"6608",8.13333333333333,-5,1.66666666666667,6.7,0.18586,0.2782,0.16627,0.00098
"6609",9.06666666666667,-5,1.66666666666667,6.7,0.17741,0.26897,0.16517,0.00093
"6610",10,-5,1.66666666666667,6.7,0.17057,0.25957,0.15996,0.00085
"6611",1.6,-3.88888888888889,1.66666666666667,6.7,0.27807,0.24648,0.06174,0.02682
"6612",2.53333333333333,-3.88888888888889,1.66666666666667,6.7,0.27347,0.32712,0.13998,0.01142
"6613",3.46666666666667,-3.88888888888889,1.66666666666667,6.7,0.25829,0.34522,0.17955,0.00718
"6614",4.4,-3.88888888888889,1.66666666666667,6.7,0.24028,0.34122,0.19223,0.00608
"6615",5.33333333333333,-3.88888888888889,1.66666666666667,6.7,0.2246,0.32953,0.19356,0.00477
"6616",6.26666666666667,-3.88888888888889,1.66666666666667,6.7,0.21085,0.31624,0.19245,0.00468
"6617",7.2,-3.88888888888889,1.66666666666667,6.7,0.19867,0.30273,0.18596,0.00395
"6618",8.13333333333333,-3.88888888888889,1.66666666666667,6.7,0.18857,0.2889,0.17794,0.00386
"6619",9.06666666666667,-3.88888888888889,1.66666666666667,6.7,0.17995,0.27707,0.17193,0.00368
"6620",10,-3.88888888888889,1.66666666666667,6.7,0.172,0.26633,0.16514,0.00356
"6621",1.6,-2.77777777777778,1.66666666666667,6.7,0.3252,0.35347,0.11722,0.05219
"6622",2.53333333333333,-2.77777777777778,1.66666666666667,6.7,0.29965,0.40257,0.20379,0.03085
"6623",3.46666666666667,-2.77777777777778,1.66666666666667,6.7,0.27221,0.39322,0.22111,0.02428
"6624",4.4,-2.77777777777778,1.66666666666667,6.7,0.24905,0.373,0.22273,0.0208
"6625",5.33333333333333,-2.77777777777778,1.66666666666667,6.7,0.22997,0.35187,0.21274,0.01868
"6626",6.26666666666667,-2.77777777777778,1.66666666666667,6.7,0.21439,0.33088,0.201,0.01777
"6627",7.2,-2.77777777777778,1.66666666666667,6.7,0.20205,0.3129,0.19391,0.0171
"6628",8.13333333333333,-2.77777777777778,1.66666666666667,6.7,0.19042,0.29777,0.18477,0.01643
"6629",9.06666666666667,-2.77777777777778,1.66666666666667,6.7,0.18143,0.28373,0.17853,0.01631
"6630",10,-2.77777777777778,1.66666666666667,6.7,0.17294,0.27148,0.16896,0.01602
"6631",1.6,-1.66666666666667,1.66666666666667,6.7,0.37317,0.49764,0.22308,0.12782
"6632",2.53333333333333,-1.66666666666667,1.66666666666667,6.7,0.32062,0.47521,0.27578,0.10177
"6633",3.46666666666667,-1.66666666666667,1.66666666666667,6.7,0.28369,0.43331,0.26228,0.09279
"6634",4.4,-1.66666666666667,1.66666666666667,6.7,0.25568,0.39803,0.24359,0.08711
"6635",5.33333333333333,-1.66666666666667,1.66666666666667,6.7,0.23364,0.36677,0.2302,0.0844
"6636",6.26666666666667,-1.66666666666667,1.66666666666667,6.7,0.21692,0.34156,0.21513,0.08343
"6637",7.2,-1.66666666666667,1.66666666666667,6.7,0.20333,0.31991,0.20312,0.08131
"6638",8.13333333333333,-1.66666666666667,1.66666666666667,6.7,0.1917,0.30228,0.19078,0.08001
"6639",9.06666666666667,-1.66666666666667,1.66666666666667,6.7,0.18202,0.28721,0.18243,0.08053
"6640",10,-1.66666666666667,1.66666666666667,6.7,0.17346,0.27453,0.17417,0.07946
"6641",1.6,-0.555555555555555,1.66666666666667,6.7,0.40697,0.62622,0.37791,0.44736
"6642",2.53333333333333,-0.555555555555555,1.66666666666667,6.7,0.33567,0.52346,0.32993,0.43287
"6643",3.46666666666667,-0.555555555555555,1.66666666666667,6.7,0.29056,0.45548,0.29053,0.42832
"6644",4.4,-0.555555555555555,1.66666666666667,6.7,0.25914,0.40816,0.26024,0.42735
"6645",5.33333333333333,-0.555555555555555,1.66666666666667,6.7,0.23637,0.37235,0.23788,0.42441
"6646",6.26666666666667,-0.555555555555555,1.66666666666667,6.7,0.21922,0.34561,0.21939,0.42371
"6647",7.2,-0.555555555555555,1.66666666666667,6.7,0.20485,0.32401,0.20532,0.42323
"6648",8.13333333333333,-0.555555555555555,1.66666666666667,6.7,0.19285,0.30606,0.19485,0.42077
"6649",9.06666666666667,-0.555555555555555,1.66666666666667,6.7,0.18294,0.2898,0.18446,0.42199
"6650",10,-0.555555555555555,1.66666666666667,6.7,0.17463,0.2764,0.1742,0.42115
"6651",1.6,0.555555555555555,1.66666666666667,6.7,0.40817,0.62815,0.37737,0.44763
"6652",2.53333333333333,0.555555555555555,1.66666666666667,6.7,0.33466,0.52348,0.33071,0.43374
"6653",3.46666666666667,0.555555555555555,1.66666666666667,6.7,0.29112,0.45581,0.28963,0.42923
"6654",4.4,0.555555555555555,1.66666666666667,6.7,0.26039,0.40888,0.25974,0.4271
"6655",5.33333333333333,0.555555555555555,1.66666666666667,6.7,0.2378,0.37417,0.23821,0.42427
"6656",6.26666666666667,0.555555555555555,1.66666666666667,6.7,0.2194,0.34674,0.22048,0.42379
"6657",7.2,0.555555555555555,1.66666666666667,6.7,0.2056,0.32447,0.20782,0.42122
"6658",8.13333333333333,0.555555555555555,1.66666666666667,6.7,0.19392,0.3057,0.19408,0.42215
"6659",9.06666666666667,0.555555555555555,1.66666666666667,6.7,0.18383,0.29078,0.18506,0.42212
"6660",10,0.555555555555555,1.66666666666667,6.7,0.17542,0.27731,0.17519,0.42032
"6661",1.6,1.66666666666667,1.66666666666667,6.7,0.37316,0.50227,0.22322,0.1273
"6662",2.53333333333333,1.66666666666667,1.66666666666667,6.7,0.32117,0.47768,0.27326,0.10161
"6663",3.46666666666667,1.66666666666667,1.66666666666667,6.7,0.2834,0.43305,0.26417,0.09361
"6664",4.4,1.66666666666667,1.66666666666667,6.7,0.25687,0.39596,0.24551,0.08659
"6665",5.33333333333333,1.66666666666667,1.66666666666667,6.7,0.23567,0.36542,0.22959,0.08454
"6666",6.26666666666667,1.66666666666667,1.66666666666667,6.7,0.21912,0.34127,0.21529,0.082
"6667",7.2,1.66666666666667,1.66666666666667,6.7,0.20455,0.32125,0.20122,0.08117
"6668",8.13333333333333,1.66666666666667,1.66666666666667,6.7,0.19292,0.30345,0.19146,0.07999
"6669",9.06666666666667,1.66666666666667,1.66666666666667,6.7,0.18267,0.28895,0.18289,0.0797
"6670",10,1.66666666666667,1.66666666666667,6.7,0.17455,0.27563,0.17297,0.07863
"6671",1.6,2.77777777777778,1.66666666666667,6.7,0.32369,0.35838,0.11673,0.05341
"6672",2.53333333333333,2.77777777777778,1.66666666666667,6.7,0.30008,0.40694,0.20218,0.0305
"6673",3.46666666666667,2.77777777777778,1.66666666666667,6.7,0.27306,0.39667,0.22398,0.02433
"6674",4.4,2.77777777777778,1.66666666666667,6.7,0.24959,0.37457,0.22216,0.02046
"6675",5.33333333333333,2.77777777777778,1.66666666666667,6.7,0.23075,0.35204,0.21405,0.01901
"6676",6.26666666666667,2.77777777777778,1.66666666666667,6.7,0.21491,0.33101,0.2037,0.01839
"6677",7.2,2.77777777777778,1.66666666666667,6.7,0.20216,0.31319,0.19528,0.01724
"6678",8.13333333333333,2.77777777777778,1.66666666666667,6.7,0.19129,0.29819,0.1857,0.01613
"6679",9.06666666666667,2.77777777777778,1.66666666666667,6.7,0.18173,0.28467,0.17773,0.01615
"6680",10,2.77777777777778,1.66666666666667,6.7,0.17337,0.27205,0.17119,0.01586
"6681",1.6,3.88888888888889,1.66666666666667,6.7,0.27834,0.25007,0.06276,0.02637
"6682",2.53333333333333,3.88888888888889,1.66666666666667,6.7,0.27288,0.33097,0.14018,0.01116
"6683",3.46666666666667,3.88888888888889,1.66666666666667,6.7,0.25696,0.34994,0.17939,0.00768
"6684",4.4,3.88888888888889,1.66666666666667,6.7,0.2396,0.34463,0.19246,0.00588
"6685",5.33333333333333,3.88888888888889,1.66666666666667,6.7,0.22456,0.33114,0.19335,0.00495
"6686",6.26666666666667,3.88888888888889,1.66666666666667,6.7,0.21044,0.3172,0.18998,0.00442
"6687",7.2,3.88888888888889,1.66666666666667,6.7,0.19875,0.30286,0.18402,0.00399
"6688",8.13333333333333,3.88888888888889,1.66666666666667,6.7,0.18852,0.28894,0.1798,0.00377
"6689",9.06666666666667,3.88888888888889,1.66666666666667,6.7,0.17959,0.27787,0.17125,0.00354
"6690",10,3.88888888888889,1.66666666666667,6.7,0.1719,0.26768,0.16452,0.0033
"6691",1.6,5,1.66666666666667,6.7,0.23845,0.17943,0.03601,0.01583
"6692",2.53333333333333,5,1.66666666666667,6.7,0.24747,0.2656,0.09703,0.00488
"6693",3.46666666666667,5,1.66666666666667,6.7,0.24081,0.30175,0.14057,0.0029
"6694",4.4,5,1.66666666666667,6.7,0.22897,0.31176,0.16177,0.00172
"6695",5.33333333333333,5,1.66666666666667,6.7,0.21672,0.30843,0.17002,0.00124
"6696",6.26666666666667,5,1.66666666666667,6.7,0.20545,0.30044,0.17377,0.00116
"6697",7.2,5,1.66666666666667,6.7,0.19523,0.29045,0.16999,0.00104
"6698",8.13333333333333,5,1.66666666666667,6.7,0.18648,0.27957,0.16966,0.00096
"6699",9.06666666666667,5,1.66666666666667,6.7,0.17797,0.26901,0.1644,0.00099
"6700",10,5,1.66666666666667,6.7,0.17018,0.25985,0.15977,0.00088
"6701",1.6,-5,2.77777777777778,6.7,0.23844,0.17683,0.03703,0.01658
"6702",2.53333333333333,-5,2.77777777777778,6.7,0.24701,0.26102,0.09635,0.00515
"6703",3.46666666666667,-5,2.77777777777778,6.7,0.23981,0.29868,0.14256,0.00273
"6704",4.4,-5,2.77777777777778,6.7,0.22901,0.30778,0.16233,0.00199
"6705",5.33333333333333,-5,2.77777777777778,6.7,0.21708,0.30595,0.17065,0.00122
"6706",6.26666666666667,-5,2.77777777777778,6.7,0.206,0.29858,0.17445,0.0013
"6707",7.2,-5,2.77777777777778,6.7,0.19607,0.28831,0.17218,0.00115
"6708",8.13333333333333,-5,2.77777777777778,6.7,0.18586,0.2782,0.16864,0.00112
"6709",9.06666666666667,-5,2.77777777777778,6.7,0.17741,0.26897,0.16626,0.00096
"6710",10,-5,2.77777777777778,6.7,0.17057,0.25957,0.16028,0.00081
"6711",1.6,-3.88888888888889,2.77777777777778,6.7,0.27807,0.24648,0.06166,0.02774
"6712",2.53333333333333,-3.88888888888889,2.77777777777778,6.7,0.27347,0.32712,0.14109,0.01129
"6713",3.46666666666667,-3.88888888888889,2.77777777777778,6.7,0.25829,0.34522,0.178,0.00747
"6714",4.4,-3.88888888888889,2.77777777777778,6.7,0.24028,0.34122,0.19217,0.00592
"6715",5.33333333333333,-3.88888888888889,2.77777777777778,6.7,0.2246,0.32953,0.19348,0.00523
"6716",6.26666666666667,-3.88888888888889,2.77777777777778,6.7,0.21085,0.31624,0.18782,0.00452
"6717",7.2,-3.88888888888889,2.77777777777778,6.7,0.19867,0.30273,0.18494,0.00421
"6718",8.13333333333333,-3.88888888888889,2.77777777777778,6.7,0.18857,0.2889,0.17741,0.00394
"6719",9.06666666666667,-3.88888888888889,2.77777777777778,6.7,0.17995,0.27707,0.1718,0.00373
"6720",10,-3.88888888888889,2.77777777777778,6.7,0.172,0.26633,0.16809,0.00314
"6721",1.6,-2.77777777777778,2.77777777777778,6.7,0.3252,0.35347,0.11585,0.05253
"6722",2.53333333333333,-2.77777777777778,2.77777777777778,6.7,0.29965,0.40257,0.20215,0.03184
"6723",3.46666666666667,-2.77777777777778,2.77777777777778,6.7,0.27221,0.39322,0.22391,0.02377
"6724",4.4,-2.77777777777778,2.77777777777778,6.7,0.24905,0.373,0.22254,0.02128
"6725",5.33333333333333,-2.77777777777778,2.77777777777778,6.7,0.22997,0.35187,0.21385,0.01932
"6726",6.26666666666667,-2.77777777777778,2.77777777777778,6.7,0.21439,0.33088,0.20229,0.01742
"6727",7.2,-2.77777777777778,2.77777777777778,6.7,0.20205,0.3129,0.19372,0.01719
"6728",8.13333333333333,-2.77777777777778,2.77777777777778,6.7,0.19042,0.29777,0.18658,0.01649
"6729",9.06666666666667,-2.77777777777778,2.77777777777778,6.7,0.18143,0.28373,0.17892,0.01604
"6730",10,-2.77777777777778,2.77777777777778,6.7,0.17294,0.27148,0.17074,0.0153
"6731",1.6,-1.66666666666667,2.77777777777778,6.7,0.37317,0.49764,0.22295,0.12769
"6732",2.53333333333333,-1.66666666666667,2.77777777777778,6.7,0.32062,0.47521,0.27562,0.10212
"6733",3.46666666666667,-1.66666666666667,2.77777777777778,6.7,0.28369,0.43331,0.2634,0.09236
"6734",4.4,-1.66666666666667,2.77777777777778,6.7,0.25568,0.39803,0.2475,0.08754
"6735",5.33333333333333,-1.66666666666667,2.77777777777778,6.7,0.23364,0.36677,0.23054,0.08375
"6736",6.26666666666667,-1.66666666666667,2.77777777777778,6.7,0.21692,0.34156,0.21463,0.08226
"6737",7.2,-1.66666666666667,2.77777777777778,6.7,0.20333,0.31991,0.20366,0.08151
"6738",8.13333333333333,-1.66666666666667,2.77777777777778,6.7,0.1917,0.30228,0.19286,0.0805
"6739",9.06666666666667,-1.66666666666667,2.77777777777778,6.7,0.18202,0.28721,0.18122,0.07988
"6740",10,-1.66666666666667,2.77777777777778,6.7,0.17346,0.27453,0.1737,0.07926
"6741",1.6,-0.555555555555555,2.77777777777778,6.7,0.40697,0.62622,0.37639,0.44711
"6742",2.53333333333333,-0.555555555555555,2.77777777777778,6.7,0.33567,0.52346,0.32662,0.43401
"6743",3.46666666666667,-0.555555555555555,2.77777777777778,6.7,0.29056,0.45548,0.28902,0.42889
"6744",4.4,-0.555555555555555,2.77777777777778,6.7,0.25914,0.40816,0.26067,0.42587
"6745",5.33333333333333,-0.555555555555555,2.77777777777778,6.7,0.23637,0.37235,0.23771,0.42434
"6746",6.26666666666667,-0.555555555555555,2.77777777777778,6.7,0.21922,0.34561,0.22206,0.4229
"6747",7.2,-0.555555555555555,2.77777777777778,6.7,0.20485,0.32401,0.20625,0.42318
"6748",8.13333333333333,-0.555555555555555,2.77777777777778,6.7,0.19285,0.30606,0.19444,0.42278
"6749",9.06666666666667,-0.555555555555555,2.77777777777778,6.7,0.18294,0.2898,0.18401,0.42208
"6750",10,-0.555555555555555,2.77777777777778,6.7,0.17463,0.2764,0.17664,0.42094
"6751",1.6,0.555555555555555,2.77777777777778,6.7,0.40817,0.62815,0.37806,0.44639
"6752",2.53333333333333,0.555555555555555,2.77777777777778,6.7,0.33466,0.52348,0.32737,0.43445
"6753",3.46666666666667,0.555555555555555,2.77777777777778,6.7,0.29112,0.45581,0.2904,0.4301
"6754",4.4,0.555555555555555,2.77777777777778,6.7,0.26039,0.40888,0.26044,0.42677
"6755",5.33333333333333,0.555555555555555,2.77777777777778,6.7,0.2378,0.37417,0.23986,0.42482
"6756",6.26666666666667,0.555555555555555,2.77777777777778,6.7,0.2194,0.34674,0.2196,0.42256
"6757",7.2,0.555555555555555,2.77777777777778,6.7,0.2056,0.32447,0.20681,0.42237
"6758",8.13333333333333,0.555555555555555,2.77777777777778,6.7,0.19392,0.3057,0.19424,0.42106
"6759",9.06666666666667,0.555555555555555,2.77777777777778,6.7,0.18383,0.29078,0.18446,0.42158
"6760",10,0.555555555555555,2.77777777777778,6.7,0.17542,0.27731,0.1773,0.4196
"6761",1.6,1.66666666666667,2.77777777777778,6.7,0.37316,0.50227,0.225,0.12694
"6762",2.53333333333333,1.66666666666667,2.77777777777778,6.7,0.32117,0.47768,0.27428,0.10196
"6763",3.46666666666667,1.66666666666667,2.77777777777778,6.7,0.2834,0.43305,0.26315,0.09202
"6764",4.4,1.66666666666667,2.77777777777778,6.7,0.25687,0.39596,0.24441,0.0878
"6765",5.33333333333333,1.66666666666667,2.77777777777778,6.7,0.23567,0.36542,0.23173,0.08425
"6766",6.26666666666667,1.66666666666667,2.77777777777778,6.7,0.21912,0.34127,0.21566,0.08296
"6767",7.2,1.66666666666667,2.77777777777778,6.7,0.20455,0.32125,0.20447,0.08167
"6768",8.13333333333333,1.66666666666667,2.77777777777778,6.7,0.19292,0.30345,0.19109,0.08072
"6769",9.06666666666667,1.66666666666667,2.77777777777778,6.7,0.18267,0.28895,0.1829,0.07977
"6770",10,1.66666666666667,2.77777777777778,6.7,0.17455,0.27563,0.17317,0.07881
"6771",1.6,2.77777777777778,2.77777777777778,6.7,0.32369,0.35838,0.1167,0.05341
"6772",2.53333333333333,2.77777777777778,2.77777777777778,6.7,0.30008,0.40694,0.20127,0.03011
"6773",3.46666666666667,2.77777777777778,2.77777777777778,6.7,0.27306,0.39667,0.22377,0.02359
"6774",4.4,2.77777777777778,2.77777777777778,6.7,0.24959,0.37457,0.222,0.0208
"6775",5.33333333333333,2.77777777777778,2.77777777777778,6.7,0.23075,0.35204,0.21229,0.01901
"6776",6.26666666666667,2.77777777777778,2.77777777777778,6.7,0.21491,0.33101,0.20388,0.01809
"6777",7.2,2.77777777777778,2.77777777777778,6.7,0.20216,0.31319,0.19623,0.0169
"6778",8.13333333333333,2.77777777777778,2.77777777777778,6.7,0.19129,0.29819,0.18646,0.01625
"6779",9.06666666666667,2.77777777777778,2.77777777777778,6.7,0.18173,0.28467,0.17713,0.01604
"6780",10,2.77777777777778,2.77777777777778,6.7,0.17337,0.27205,0.16975,0.01556
"6781",1.6,3.88888888888889,2.77777777777778,6.7,0.27834,0.25007,0.06125,0.02717
"6782",2.53333333333333,3.88888888888889,2.77777777777778,6.7,0.27288,0.33097,0.14077,0.0109
"6783",3.46666666666667,3.88888888888889,2.77777777777778,6.7,0.25696,0.34994,0.17973,0.00762
"6784",4.4,3.88888888888889,2.77777777777778,6.7,0.2396,0.34463,0.19197,0.00561
"6785",5.33333333333333,3.88888888888889,2.77777777777778,6.7,0.22456,0.33114,0.19235,0.00502
"6786",6.26666666666667,3.88888888888889,2.77777777777778,6.7,0.21044,0.3172,0.19033,0.00452
"6787",7.2,3.88888888888889,2.77777777777778,6.7,0.19875,0.30286,0.18351,0.00411
"6788",8.13333333333333,3.88888888888889,2.77777777777778,6.7,0.18852,0.28894,0.17851,0.00368
"6789",9.06666666666667,3.88888888888889,2.77777777777778,6.7,0.17959,0.27787,0.17234,0.00381
"6790",10,3.88888888888889,2.77777777777778,6.7,0.1719,0.26768,0.16393,0.00352
"6791",1.6,5,2.77777777777778,6.7,0.23845,0.17943,0.03609,0.01599
"6792",2.53333333333333,5,2.77777777777778,6.7,0.24747,0.2656,0.0975,0.00494
"6793",3.46666666666667,5,2.77777777777778,6.7,0.24081,0.30175,0.13903,0.00272
"6794",4.4,5,2.77777777777778,6.7,0.22897,0.31176,0.16137,0.0018
"6795",5.33333333333333,5,2.77777777777778,6.7,0.21672,0.30843,0.17046,0.00134
"6796",6.26666666666667,5,2.77777777777778,6.7,0.20545,0.30044,0.17206,0.00124
"6797",7.2,5,2.77777777777778,6.7,0.19523,0.29045,0.17006,0.00106
"6798",8.13333333333333,5,2.77777777777778,6.7,0.18648,0.27957,0.16968,0.00094
"6799",9.06666666666667,5,2.77777777777778,6.7,0.17797,0.26901,0.16468,0.00087
"6800",10,5,2.77777777777778,6.7,0.17018,0.25985,0.1582,0.00084
"6801",1.6,-5,3.88888888888889,6.7,0.23844,0.17683,0.03459,0.01628
"6802",2.53333333333333,-5,3.88888888888889,6.7,0.24701,0.26102,0.09646,0.00496
"6803",3.46666666666667,-5,3.88888888888889,6.7,0.23981,0.29868,0.14174,0.00288
"6804",4.4,-5,3.88888888888889,6.7,0.22901,0.30778,0.16338,0.00175
"6805",5.33333333333333,-5,3.88888888888889,6.7,0.21708,0.30595,0.17191,0.00139
"6806",6.26666666666667,-5,3.88888888888889,6.7,0.206,0.29858,0.17319,0.00123
"6807",7.2,-5,3.88888888888889,6.7,0.19607,0.28831,0.17114,0.00101
"6808",8.13333333333333,-5,3.88888888888889,6.7,0.18586,0.2782,0.16794,0.00114
"6809",9.06666666666667,-5,3.88888888888889,6.7,0.17741,0.26897,0.16489,0.00085
"6810",10,-5,3.88888888888889,6.7,0.17057,0.25957,0.16003,0.00086
"6811",1.6,-3.88888888888889,3.88888888888889,6.7,0.27807,0.24648,0.0624,0.02723
"6812",2.53333333333333,-3.88888888888889,3.88888888888889,6.7,0.27347,0.32712,0.14147,0.01124
"6813",3.46666666666667,-3.88888888888889,3.88888888888889,6.7,0.25829,0.34522,0.18006,0.00729
"6814",4.4,-3.88888888888889,3.88888888888889,6.7,0.24028,0.34122,0.1926,0.00605
"6815",5.33333333333333,-3.88888888888889,3.88888888888889,6.7,0.2246,0.32953,0.19367,0.00514
"6816",6.26666666666667,-3.88888888888889,3.88888888888889,6.7,0.21085,0.31624,0.19001,0.00434
"6817",7.2,-3.88888888888889,3.88888888888889,6.7,0.19867,0.30273,0.18448,0.00439
"6818",8.13333333333333,-3.88888888888889,3.88888888888889,6.7,0.18857,0.2889,0.17862,0.0041
"6819",9.06666666666667,-3.88888888888889,3.88888888888889,6.7,0.17995,0.27707,0.17263,0.00392
"6820",10,-3.88888888888889,3.88888888888889,6.7,0.172,0.26633,0.16654,0.00344
"6821",1.6,-2.77777777777778,3.88888888888889,6.7,0.3252,0.35347,0.11597,0.05297
"6822",2.53333333333333,-2.77777777777778,3.88888888888889,6.7,0.29965,0.40257,0.20243,0.03086
"6823",3.46666666666667,-2.77777777777778,3.88888888888889,6.7,0.27221,0.39322,0.22317,0.02385
"6824",4.4,-2.77777777777778,3.88888888888889,6.7,0.24905,0.373,0.21996,0.02124
"6825",5.33333333333333,-2.77777777777778,3.88888888888889,6.7,0.22997,0.35187,0.21437,0.01909
"6826",6.26666666666667,-2.77777777777778,3.88888888888889,6.7,0.21439,0.33088,0.20266,0.01813
"6827",7.2,-2.77777777777778,3.88888888888889,6.7,0.20205,0.3129,0.19619,0.01779
"6828",8.13333333333333,-2.77777777777778,3.88888888888889,6.7,0.19042,0.29777,0.18676,0.0166
"6829",9.06666666666667,-2.77777777777778,3.88888888888889,6.7,0.18143,0.28373,0.17904,0.01638
"6830",10,-2.77777777777778,3.88888888888889,6.7,0.17294,0.27148,0.17049,0.01595
"6831",1.6,-1.66666666666667,3.88888888888889,6.7,0.37317,0.49764,0.22453,0.12794
"6832",2.53333333333333,-1.66666666666667,3.88888888888889,6.7,0.32062,0.47521,0.2756,0.10052
"6833",3.46666666666667,-1.66666666666667,3.88888888888889,6.7,0.28369,0.43331,0.26425,0.09221
"6834",4.4,-1.66666666666667,3.88888888888889,6.7,0.25568,0.39803,0.24602,0.08741
"6835",5.33333333333333,-1.66666666666667,3.88888888888889,6.7,0.23364,0.36677,0.22936,0.08548
"6836",6.26666666666667,-1.66666666666667,3.88888888888889,6.7,0.21692,0.34156,0.21421,0.08301
"6837",7.2,-1.66666666666667,3.88888888888889,6.7,0.20333,0.31991,0.20393,0.08116
"6838",8.13333333333333,-1.66666666666667,3.88888888888889,6.7,0.1917,0.30228,0.19285,0.08041
"6839",9.06666666666667,-1.66666666666667,3.88888888888889,6.7,0.18202,0.28721,0.18278,0.07951
"6840",10,-1.66666666666667,3.88888888888889,6.7,0.17346,0.27453,0.17527,0.07863
"6841",1.6,-0.555555555555555,3.88888888888889,6.7,0.40697,0.62622,0.37752,0.44657
"6842",2.53333333333333,-0.555555555555555,3.88888888888889,6.7,0.33567,0.52346,0.33029,0.43358
"6843",3.46666666666667,-0.555555555555555,3.88888888888889,6.7,0.29056,0.45548,0.2875,0.42902
"6844",4.4,-0.555555555555555,3.88888888888889,6.7,0.25914,0.40816,0.25916,0.42676
"6845",5.33333333333333,-0.555555555555555,3.88888888888889,6.7,0.23637,0.37235,0.236,0.42523
"6846",6.26666666666667,-0.555555555555555,3.88888888888889,6.7,0.21922,0.34561,0.22097,0.42343
"6847",7.2,-0.555555555555555,3.88888888888889,6.7,0.20485,0.32401,0.20643,0.42297
"6848",8.13333333333333,-0.555555555555555,3.88888888888889,6.7,0.19285,0.30606,0.19437,0.42233
"6849",9.06666666666667,-0.555555555555555,3.88888888888889,6.7,0.18294,0.2898,0.18533,0.4217
"6850",10,-0.555555555555555,3.88888888888889,6.7,0.17463,0.2764,0.17791,0.42121
"6851",1.6,0.555555555555555,3.88888888888889,6.7,0.40817,0.62815,0.37788,0.44547
"6852",2.53333333333333,0.555555555555555,3.88888888888889,6.7,0.33466,0.52348,0.33061,0.43419
"6853",3.46666666666667,0.555555555555555,3.88888888888889,6.7,0.29112,0.45581,0.28806,0.42855
"6854",4.4,0.555555555555555,3.88888888888889,6.7,0.26039,0.40888,0.25989,0.42624
"6855",5.33333333333333,0.555555555555555,3.88888888888889,6.7,0.2378,0.37417,0.23838,0.42478
"6856",6.26666666666667,0.555555555555555,3.88888888888889,6.7,0.2194,0.34674,0.22056,0.42258
"6857",7.2,0.555555555555555,3.88888888888889,6.7,0.2056,0.32447,0.20493,0.42168
"6858",8.13333333333333,0.555555555555555,3.88888888888889,6.7,0.19392,0.3057,0.1933,0.42159
"6859",9.06666666666667,0.555555555555555,3.88888888888889,6.7,0.18383,0.29078,0.1849,0.42199
"6860",10,0.555555555555555,3.88888888888889,6.7,0.17542,0.27731,0.17502,0.42132
"6861",1.6,1.66666666666667,3.88888888888889,6.7,0.37316,0.50227,0.22229,0.12707
"6862",2.53333333333333,1.66666666666667,3.88888888888889,6.7,0.32117,0.47768,0.27511,0.10178
"6863",3.46666666666667,1.66666666666667,3.88888888888889,6.7,0.2834,0.43305,0.2682,0.09323
"6864",4.4,1.66666666666667,3.88888888888889,6.7,0.25687,0.39596,0.24499,0.08761
"6865",5.33333333333333,1.66666666666667,3.88888888888889,6.7,0.23567,0.36542,0.22958,0.08467
"6866",6.26666666666667,1.66666666666667,3.88888888888889,6.7,0.21912,0.34127,0.21535,0.08279
"6867",7.2,1.66666666666667,3.88888888888889,6.7,0.20455,0.32125,0.20464,0.0813
"6868",8.13333333333333,1.66666666666667,3.88888888888889,6.7,0.19292,0.30345,0.19054,0.08043
"6869",9.06666666666667,1.66666666666667,3.88888888888889,6.7,0.18267,0.28895,0.18159,0.07928
"6870",10,1.66666666666667,3.88888888888889,6.7,0.17455,0.27563,0.17501,0.07885
"6871",1.6,2.77777777777778,3.88888888888889,6.7,0.32369,0.35838,0.11605,0.05297
"6872",2.53333333333333,2.77777777777778,3.88888888888889,6.7,0.30008,0.40694,0.20127,0.03058
"6873",3.46666666666667,2.77777777777778,3.88888888888889,6.7,0.27306,0.39667,0.22292,0.02421
"6874",4.4,2.77777777777778,3.88888888888889,6.7,0.24959,0.37457,0.22256,0.02089
"6875",5.33333333333333,2.77777777777778,3.88888888888889,6.7,0.23075,0.35204,0.21355,0.0187
"6876",6.26666666666667,2.77777777777778,3.88888888888889,6.7,0.21491,0.33101,0.20472,0.01795
"6877",7.2,2.77777777777778,3.88888888888889,6.7,0.20216,0.31319,0.19411,0.01714
"6878",8.13333333333333,2.77777777777778,3.88888888888889,6.7,0.19129,0.29819,0.18548,0.01658
"6879",9.06666666666667,2.77777777777778,3.88888888888889,6.7,0.18173,0.28467,0.1777,0.01587
"6880",10,2.77777777777778,3.88888888888889,6.7,0.17337,0.27205,0.16969,0.01587
"6881",1.6,3.88888888888889,3.88888888888889,6.7,0.27834,0.25007,0.0621,0.02611
"6882",2.53333333333333,3.88888888888889,3.88888888888889,6.7,0.27288,0.33097,0.14048,0.01133
"6883",3.46666666666667,3.88888888888889,3.88888888888889,6.7,0.25696,0.34994,0.17832,0.00721
"6884",4.4,3.88888888888889,3.88888888888889,6.7,0.2396,0.34463,0.19269,0.00588
"6885",5.33333333333333,3.88888888888889,3.88888888888889,6.7,0.22456,0.33114,0.19326,0.00471
"6886",6.26666666666667,3.88888888888889,3.88888888888889,6.7,0.21044,0.3172,0.18917,0.00439
"6887",7.2,3.88888888888889,3.88888888888889,6.7,0.19875,0.30286,0.18431,0.00413
"6888",8.13333333333333,3.88888888888889,3.88888888888889,6.7,0.18852,0.28894,0.17959,0.00372
"6889",9.06666666666667,3.88888888888889,3.88888888888889,6.7,0.17959,0.27787,0.17149,0.00349
"6890",10,3.88888888888889,3.88888888888889,6.7,0.1719,0.26768,0.1661,0.00344
"6891",1.6,5,3.88888888888889,6.7,0.23845,0.17943,0.03545,0.01614
"6892",2.53333333333333,5,3.88888888888889,6.7,0.24747,0.2656,0.09615,0.00534
"6893",3.46666666666667,5,3.88888888888889,6.7,0.24081,0.30175,0.14071,0.00256
"6894",4.4,5,3.88888888888889,6.7,0.22897,0.31176,0.16178,0.00159
"6895",5.33333333333333,5,3.88888888888889,6.7,0.21672,0.30843,0.17103,0.00131
"6896",6.26666666666667,5,3.88888888888889,6.7,0.20545,0.30044,0.17296,0.00131
"6897",7.2,5,3.88888888888889,6.7,0.19523,0.29045,0.17124,0.00109
"6898",8.13333333333333,5,3.88888888888889,6.7,0.18648,0.27957,0.16661,0.00086
"6899",9.06666666666667,5,3.88888888888889,6.7,0.17797,0.26901,0.16349,0.00091
"6900",10,5,3.88888888888889,6.7,0.17018,0.25985,0.16083,0.00087
"6901",1.6,-5,5,6.7,0.23844,0.17683,0.03599,0.01668
"6902",2.53333333333333,-5,5,6.7,0.24701,0.26102,0.09705,0.00512
"6903",3.46666666666667,-5,5,6.7,0.23981,0.29868,0.14204,0.00274
"6904",4.4,-5,5,6.7,0.22901,0.30778,0.16206,0.00214
"6905",5.33333333333333,-5,5,6.7,0.21708,0.30595,0.17261,0.00159
"6906",6.26666666666667,-5,5,6.7,0.206,0.29858,0.17125,0.00105
"6907",7.2,-5,5,6.7,0.19607,0.28831,0.17303,0.00112
"6908",8.13333333333333,-5,5,6.7,0.18586,0.2782,0.16843,0.00111
"6909",9.06666666666667,-5,5,6.7,0.17741,0.26897,0.16419,0.00087
"6910",10,-5,5,6.7,0.17057,0.25957,0.16025,0.00075
"6911",1.6,-3.88888888888889,5,6.7,0.27807,0.24648,0.06176,0.02733
"6912",2.53333333333333,-3.88888888888889,5,6.7,0.27347,0.32712,0.13987,0.0116
"6913",3.46666666666667,-3.88888888888889,5,6.7,0.25829,0.34522,0.17936,0.0074
"6914",4.4,-3.88888888888889,5,6.7,0.24028,0.34122,0.19216,0.00578
"6915",5.33333333333333,-3.88888888888889,5,6.7,0.2246,0.32953,0.19537,0.00498
"6916",6.26666666666667,-3.88888888888889,5,6.7,0.21085,0.31624,0.19142,0.00413
"6917",7.2,-3.88888888888889,5,6.7,0.19867,0.30273,0.18539,0.0041
"6918",8.13333333333333,-3.88888888888889,5,6.7,0.18857,0.2889,0.17751,0.00393
"6919",9.06666666666667,-3.88888888888889,5,6.7,0.17995,0.27707,0.17321,0.00361
"6920",10,-3.88888888888889,5,6.7,0.172,0.26633,0.16657,0.00348
"6921",1.6,-2.77777777777778,5,6.7,0.3252,0.35347,0.11631,0.05269
"6922",2.53333333333333,-2.77777777777778,5,6.7,0.29965,0.40257,0.20247,0.03085
"6923",3.46666666666667,-2.77777777777778,5,6.7,0.27221,0.39322,0.22593,0.02473
"6924",4.4,-2.77777777777778,5,6.7,0.24905,0.373,0.22254,0.02068
"6925",5.33333333333333,-2.77777777777778,5,6.7,0.22997,0.35187,0.21141,0.01923
"6926",6.26666666666667,-2.77777777777778,5,6.7,0.21439,0.33088,0.20405,0.01826
"6927",7.2,-2.77777777777778,5,6.7,0.20205,0.3129,0.19532,0.01736
"6928",8.13333333333333,-2.77777777777778,5,6.7,0.19042,0.29777,0.18633,0.01668
"6929",9.06666666666667,-2.77777777777778,5,6.7,0.18143,0.28373,0.17715,0.01589
"6930",10,-2.77777777777778,5,6.7,0.17294,0.27148,0.16925,0.01562
"6931",1.6,-1.66666666666667,5,6.7,0.37317,0.49764,0.22276,0.12855
"6932",2.53333333333333,-1.66666666666667,5,6.7,0.32062,0.47521,0.27404,0.10201
"6933",3.46666666666667,-1.66666666666667,5,6.7,0.28369,0.43331,0.26525,0.09043
"6934",4.4,-1.66666666666667,5,6.7,0.25568,0.39803,0.24723,0.08765
"6935",5.33333333333333,-1.66666666666667,5,6.7,0.23364,0.36677,0.22903,0.08397
"6936",6.26666666666667,-1.66666666666667,5,6.7,0.21692,0.34156,0.21415,0.08333
"6937",7.2,-1.66666666666667,5,6.7,0.20333,0.31991,0.19891,0.08197
"6938",8.13333333333333,-1.66666666666667,5,6.7,0.1917,0.30228,0.19131,0.07997
"6939",9.06666666666667,-1.66666666666667,5,6.7,0.18202,0.28721,0.18306,0.07975
"6940",10,-1.66666666666667,5,6.7,0.17346,0.27453,0.1758,0.07927
"6941",1.6,-0.555555555555555,5,6.7,0.40697,0.62622,0.37892,0.44731
"6942",2.53333333333333,-0.555555555555555,5,6.7,0.33567,0.52346,0.3317,0.43418
"6943",3.46666666666667,-0.555555555555555,5,6.7,0.29056,0.45548,0.29045,0.4297
"6944",4.4,-0.555555555555555,5,6.7,0.25914,0.40816,0.25923,0.42512
"6945",5.33333333333333,-0.555555555555555,5,6.7,0.23637,0.37235,0.23602,0.4239
"6946",6.26666666666667,-0.555555555555555,5,6.7,0.21922,0.34561,0.21949,0.42398
"6947",7.2,-0.555555555555555,5,6.7,0.20485,0.32401,0.20673,0.42248
"6948",8.13333333333333,-0.555555555555555,5,6.7,0.19285,0.30606,0.19495,0.42217
"6949",9.06666666666667,-0.555555555555555,5,6.7,0.18294,0.2898,0.18305,0.42205
"6950",10,-0.555555555555555,5,6.7,0.17463,0.2764,0.17662,0.42087
"6951",1.6,0.555555555555555,5,6.7,0.40817,0.62815,0.37586,0.44542
"6952",2.53333333333333,0.555555555555555,5,6.7,0.33466,0.52348,0.32911,0.43577
"6953",3.46666666666667,0.555555555555555,5,6.7,0.29112,0.45581,0.28872,0.42987
"6954",4.4,0.555555555555555,5,6.7,0.26039,0.40888,0.25843,0.42544
"6955",5.33333333333333,0.555555555555555,5,6.7,0.2378,0.37417,0.23776,0.42501
"6956",6.26666666666667,0.555555555555555,5,6.7,0.2194,0.34674,0.21978,0.42289
"6957",7.2,0.555555555555555,5,6.7,0.2056,0.32447,0.2072,0.42267
"6958",8.13333333333333,0.555555555555555,5,6.7,0.19392,0.3057,0.19346,0.42192
"6959",9.06666666666667,0.555555555555555,5,6.7,0.18383,0.29078,0.18416,0.42177
"6960",10,0.555555555555555,5,6.7,0.17542,0.27731,0.17564,0.42116
"6961",1.6,1.66666666666667,5,6.7,0.37316,0.50227,0.22364,0.12842
"6962",2.53333333333333,1.66666666666667,5,6.7,0.32117,0.47768,0.27359,0.10117
"6963",3.46666666666667,1.66666666666667,5,6.7,0.2834,0.43305,0.26047,0.0918
"6964",4.4,1.66666666666667,5,6.7,0.25687,0.39596,0.24549,0.08772
"6965",5.33333333333333,1.66666666666667,5,6.7,0.23567,0.36542,0.2302,0.08511
"6966",6.26666666666667,1.66666666666667,5,6.7,0.21912,0.34127,0.21423,0.08351
"6967",7.2,1.66666666666667,5,6.7,0.20455,0.32125,0.20045,0.08052
"6968",8.13333333333333,1.66666666666667,5,6.7,0.19292,0.30345,0.19074,0.08001
"6969",9.06666666666667,1.66666666666667,5,6.7,0.18267,0.28895,0.18052,0.07939
"6970",10,1.66666666666667,5,6.7,0.17455,0.27563,0.17303,0.07921
"6971",1.6,2.77777777777778,5,6.7,0.32369,0.35838,0.1151,0.05261
"6972",2.53333333333333,2.77777777777778,5,6.7,0.30008,0.40694,0.20204,0.03069
"6973",3.46666666666667,2.77777777777778,5,6.7,0.27306,0.39667,0.22226,0.02384
"6974",4.4,2.77777777777778,5,6.7,0.24959,0.37457,0.22351,0.02124
"6975",5.33333333333333,2.77777777777778,5,6.7,0.23075,0.35204,0.2124,0.01916
"6976",6.26666666666667,2.77777777777778,5,6.7,0.21491,0.33101,0.20239,0.0181
"6977",7.2,2.77777777777778,5,6.7,0.20216,0.31319,0.19389,0.01707
"6978",8.13333333333333,2.77777777777778,5,6.7,0.19129,0.29819,0.18604,0.01659
"6979",9.06666666666667,2.77777777777778,5,6.7,0.18173,0.28467,0.17734,0.01602
"6980",10,2.77777777777778,5,6.7,0.17337,0.27205,0.17122,0.01614
"6981",1.6,3.88888888888889,5,6.7,0.27834,0.25007,0.06175,0.02759
"6982",2.53333333333333,3.88888888888889,5,6.7,0.27288,0.33097,0.14195,0.01164
"6983",3.46666666666667,3.88888888888889,5,6.7,0.25696,0.34994,0.18064,0.00726
"6984",4.4,3.88888888888889,5,6.7,0.2396,0.34463,0.19297,0.00609
"6985",5.33333333333333,3.88888888888889,5,6.7,0.22456,0.33114,0.19112,0.00524
"6986",6.26666666666667,3.88888888888889,5,6.7,0.21044,0.3172,0.1902,0.00426
"6987",7.2,3.88888888888889,5,6.7,0.19875,0.30286,0.18455,0.00422
"6988",8.13333333333333,3.88888888888889,5,6.7,0.18852,0.28894,0.17695,0.00389
"6989",9.06666666666667,3.88888888888889,5,6.7,0.17959,0.27787,0.16915,0.00346
"6990",10,3.88888888888889,5,6.7,0.1719,0.26768,0.16772,0.0034
"6991",1.6,5,5,6.7,0.23845,0.17943,0.03588,0.01591
"6992",2.53333333333333,5,5,6.7,0.24747,0.2656,0.09832,0.00494
"6993",3.46666666666667,5,5,6.7,0.24081,0.30175,0.14044,0.00278
"6994",4.4,5,5,6.7,0.22897,0.31176,0.16304,0.00172
"6995",5.33333333333333,5,5,6.7,0.21672,0.30843,0.1717,0.00158
"6996",6.26666666666667,5,5,6.7,0.20545,0.30044,0.17262,0.00135
"6997",7.2,5,5,6.7,0.19523,0.29045,0.17348,0.00116
"6998",8.13333333333333,5,5,6.7,0.18648,0.27957,0.16998,0.00096
"6999",9.06666666666667,5,5,6.7,0.17797,0.26901,0.16392,0.00081
"7000",10,5,5,6.7,0.17018,0.25985,0.15938,0.00075
"7001",1.6,-5,-5,7.8,0.23844,0.17683,0.03581,0.01618
"7002",2.53333333333333,-5,-5,7.8,0.24701,0.26102,0.09705,0.0049
"7003",3.46666666666667,-5,-5,7.8,0.23981,0.29868,0.14065,0.00274
"7004",4.4,-5,-5,7.8,0.22901,0.30778,0.16356,0.00175
"7005",5.33333333333333,-5,-5,7.8,0.21708,0.30595,0.17094,0.00138
"7006",6.26666666666667,-5,-5,7.8,0.206,0.29858,0.17514,0.00121
"7007",7.2,-5,-5,7.8,0.19607,0.28831,0.17288,0.0011
"7008",8.13333333333333,-5,-5,7.8,0.18586,0.2782,0.16758,0.00097
"7009",9.06666666666667,-5,-5,7.8,0.17741,0.26897,0.16342,0.00082
"7010",10,-5,-5,7.8,0.17057,0.25957,0.15934,0.00095
"7011",1.6,-3.88888888888889,-5,7.8,0.27807,0.24648,0.06225,0.0264
"7012",2.53333333333333,-3.88888888888889,-5,7.8,0.27347,0.32712,0.14039,0.01154
"7013",3.46666666666667,-3.88888888888889,-5,7.8,0.25829,0.34522,0.17853,0.00748
"7014",4.4,-3.88888888888889,-5,7.8,0.24028,0.34122,0.19201,0.00577
"7015",5.33333333333333,-3.88888888888889,-5,7.8,0.2246,0.32953,0.19385,0.00504
"7016",6.26666666666667,-3.88888888888889,-5,7.8,0.21085,0.31624,0.19058,0.00405
"7017",7.2,-3.88888888888889,-5,7.8,0.19867,0.30273,0.18324,0.00404
"7018",8.13333333333333,-3.88888888888889,-5,7.8,0.18857,0.2889,0.17885,0.00366
"7019",9.06666666666667,-3.88888888888889,-5,7.8,0.17995,0.27707,0.1722,0.00372
"7020",10,-3.88888888888889,-5,7.8,0.172,0.26633,0.16658,0.00349
"7021",1.6,-2.77777777777778,-5,7.8,0.3252,0.35347,0.11493,0.05291
"7022",2.53333333333333,-2.77777777777778,-5,7.8,0.29965,0.40257,0.20169,0.03081
"7023",3.46666666666667,-2.77777777777778,-5,7.8,0.27221,0.39322,0.22255,0.02395
"7024",4.4,-2.77777777777778,-5,7.8,0.24905,0.373,0.22285,0.02071
"7025",5.33333333333333,-2.77777777777778,-5,7.8,0.22997,0.35187,0.2135,0.01888
"7026",6.26666666666667,-2.77777777777778,-5,7.8,0.21439,0.33088,0.20697,0.01766
"7027",7.2,-2.77777777777778,-5,7.8,0.20205,0.3129,0.19545,0.01699
"7028",8.13333333333333,-2.77777777777778,-5,7.8,0.19042,0.29777,0.18761,0.01657
"7029",9.06666666666667,-2.77777777777778,-5,7.8,0.18143,0.28373,0.17713,0.01628
"7030",10,-2.77777777777778,-5,7.8,0.17294,0.27148,0.17009,0.01557
"7031",1.6,-1.66666666666667,-5,7.8,0.37317,0.49764,0.22439,0.1284
"7032",2.53333333333333,-1.66666666666667,-5,7.8,0.32062,0.47521,0.27193,0.10093
"7033",3.46666666666667,-1.66666666666667,-5,7.8,0.28369,0.43331,0.26328,0.09296
"7034",4.4,-1.66666666666667,-5,7.8,0.25568,0.39803,0.24608,0.08662
"7035",5.33333333333333,-1.66666666666667,-5,7.8,0.23364,0.36677,0.2276,0.08418
"7036",6.26666666666667,-1.66666666666667,-5,7.8,0.21692,0.34156,0.21316,0.08247
"7037",7.2,-1.66666666666667,-5,7.8,0.20333,0.31991,0.20316,0.08117
"7038",8.13333333333333,-1.66666666666667,-5,7.8,0.1917,0.30228,0.19111,0.08039
"7039",9.06666666666667,-1.66666666666667,-5,7.8,0.18202,0.28721,0.18324,0.07955
"7040",10,-1.66666666666667,-5,7.8,0.17346,0.27453,0.17504,0.07932
"7041",1.6,-0.555555555555555,-5,7.8,0.40697,0.62622,0.37652,0.44615
"7042",2.53333333333333,-0.555555555555555,-5,7.8,0.33567,0.52346,0.32858,0.43274
"7043",3.46666666666667,-0.555555555555555,-5,7.8,0.29056,0.45548,0.29093,0.42859
"7044",4.4,-0.555555555555555,-5,7.8,0.25914,0.40816,0.25786,0.42692
"7045",5.33333333333333,-0.555555555555555,-5,7.8,0.23637,0.37235,0.23636,0.42437
"7046",6.26666666666667,-0.555555555555555,-5,7.8,0.21922,0.34561,0.22023,0.42396
"7047",7.2,-0.555555555555555,-5,7.8,0.20485,0.32401,0.20308,0.42331
"7048",8.13333333333333,-0.555555555555555,-5,7.8,0.19285,0.30606,0.19447,0.42234
"7049",9.06666666666667,-0.555555555555555,-5,7.8,0.18294,0.2898,0.18266,0.42238
"7050",10,-0.555555555555555,-5,7.8,0.17463,0.2764,0.1754,0.42192
"7051",1.6,0.555555555555555,-5,7.8,0.40817,0.62815,0.37837,0.44502
"7052",2.53333333333333,0.555555555555555,-5,7.8,0.33466,0.52348,0.3272,0.4325
"7053",3.46666666666667,0.555555555555555,-5,7.8,0.29112,0.45581,0.2903,0.42922
"7054",4.4,0.555555555555555,-5,7.8,0.26039,0.40888,0.25977,0.42746
"7055",5.33333333333333,0.555555555555555,-5,7.8,0.2378,0.37417,0.23787,0.42398
"7056",6.26666666666667,0.555555555555555,-5,7.8,0.2194,0.34674,0.21961,0.42344
"7057",7.2,0.555555555555555,-5,7.8,0.2056,0.32447,0.20712,0.42286
"7058",8.13333333333333,0.555555555555555,-5,7.8,0.19392,0.3057,0.19476,0.42154
"7059",9.06666666666667,0.555555555555555,-5,7.8,0.18383,0.29078,0.18326,0.42162
"7060",10,0.555555555555555,-5,7.8,0.17542,0.27731,0.17609,0.42167
"7061",1.6,1.66666666666667,-5,7.8,0.37316,0.50227,0.2221,0.12884
"7062",2.53333333333333,1.66666666666667,-5,7.8,0.32117,0.47768,0.27388,0.10209
"7063",3.46666666666667,1.66666666666667,-5,7.8,0.2834,0.43305,0.26292,0.09202
"7064",4.4,1.66666666666667,-5,7.8,0.25687,0.39596,0.24625,0.08666
"7065",5.33333333333333,1.66666666666667,-5,7.8,0.23567,0.36542,0.22825,0.08476
"7066",6.26666666666667,1.66666666666667,-5,7.8,0.21912,0.34127,0.21372,0.08303
"7067",7.2,1.66666666666667,-5,7.8,0.20455,0.32125,0.20261,0.08134
"7068",8.13333333333333,1.66666666666667,-5,7.8,0.19292,0.30345,0.19252,0.08074
"7069",9.06666666666667,1.66666666666667,-5,7.8,0.18267,0.28895,0.18363,0.07927
"7070",10,1.66666666666667,-5,7.8,0.17455,0.27563,0.17476,0.07898
"7071",1.6,2.77777777777778,-5,7.8,0.32369,0.35838,0.11523,0.05244
"7072",2.53333333333333,2.77777777777778,-5,7.8,0.30008,0.40694,0.20293,0.03164
"7073",3.46666666666667,2.77777777777778,-5,7.8,0.27306,0.39667,0.22517,0.02471
"7074",4.4,2.77777777777778,-5,7.8,0.24959,0.37457,0.22285,0.02067
"7075",5.33333333333333,2.77777777777778,-5,7.8,0.23075,0.35204,0.21344,0.01818
"7076",6.26666666666667,2.77777777777778,-5,7.8,0.21491,0.33101,0.20435,0.018
"7077",7.2,2.77777777777778,-5,7.8,0.20216,0.31319,0.19296,0.01718
"7078",8.13333333333333,2.77777777777778,-5,7.8,0.19129,0.29819,0.18647,0.01659
"7079",9.06666666666667,2.77777777777778,-5,7.8,0.18173,0.28467,0.18023,0.01627
"7080",10,2.77777777777778,-5,7.8,0.17337,0.27205,0.17171,0.01583
"7081",1.6,3.88888888888889,-5,7.8,0.27834,0.25007,0.06315,0.02713
"7082",2.53333333333333,3.88888888888889,-5,7.8,0.27288,0.33097,0.14043,0.01196
"7083",3.46666666666667,3.88888888888889,-5,7.8,0.25696,0.34994,0.17901,0.00756
"7084",4.4,3.88888888888889,-5,7.8,0.2396,0.34463,0.19216,0.00595
"7085",5.33333333333333,3.88888888888889,-5,7.8,0.22456,0.33114,0.19397,0.00433
"7086",6.26666666666667,3.88888888888889,-5,7.8,0.21044,0.3172,0.18928,0.00441
"7087",7.2,3.88888888888889,-5,7.8,0.19875,0.30286,0.18371,0.00422
"7088",8.13333333333333,3.88888888888889,-5,7.8,0.18852,0.28894,0.17959,0.00377
"7089",9.06666666666667,3.88888888888889,-5,7.8,0.17959,0.27787,0.17089,0.00342
"7090",10,3.88888888888889,-5,7.8,0.1719,0.26768,0.16573,0.00349
"7091",1.6,5,-5,7.8,0.23845,0.17943,0.03612,0.01646
"7092",2.53333333333333,5,-5,7.8,0.24747,0.2656,0.09658,0.00483
"7093",3.46666666666667,5,-5,7.8,0.24081,0.30175,0.1402,0.00272
"7094",4.4,5,-5,7.8,0.22897,0.31176,0.16154,0.00188
"7095",5.33333333333333,5,-5,7.8,0.21672,0.30843,0.17032,0.00142
"7096",6.26666666666667,5,-5,7.8,0.20545,0.30044,0.17184,0.00124
"7097",7.2,5,-5,7.8,0.19523,0.29045,0.17163,0.00101
"7098",8.13333333333333,5,-5,7.8,0.18648,0.27957,0.16736,0.00092
"7099",9.06666666666667,5,-5,7.8,0.17797,0.26901,0.1663,0.00094
"7100",10,5,-5,7.8,0.17018,0.25985,0.16102,0.00077
"7101",1.6,-5,-3.88888888888889,7.8,0.23844,0.17683,0.03497,0.01567
"7102",2.53333333333333,-5,-3.88888888888889,7.8,0.24701,0.26102,0.0978,0.00493
"7103",3.46666666666667,-5,-3.88888888888889,7.8,0.23981,0.29868,0.14051,0.00298
"7104",4.4,-5,-3.88888888888889,7.8,0.22901,0.30778,0.16284,0.00195
"7105",5.33333333333333,-5,-3.88888888888889,7.8,0.21708,0.30595,0.17009,0.00153
"7106",6.26666666666667,-5,-3.88888888888889,7.8,0.206,0.29858,0.17414,0.00121
"7107",7.2,-5,-3.88888888888889,7.8,0.19607,0.28831,0.172,0.00102
"7108",8.13333333333333,-5,-3.88888888888889,7.8,0.18586,0.2782,0.16852,0.00099
"7109",9.06666666666667,-5,-3.88888888888889,7.8,0.17741,0.26897,0.16506,0.00098
"7110",10,-5,-3.88888888888889,7.8,0.17057,0.25957,0.16011,0.00072
"7111",1.6,-3.88888888888889,-3.88888888888889,7.8,0.27807,0.24648,0.06215,0.0266
"7112",2.53333333333333,-3.88888888888889,-3.88888888888889,7.8,0.27347,0.32712,0.1391,0.01109
"7113",3.46666666666667,-3.88888888888889,-3.88888888888889,7.8,0.25829,0.34522,0.17827,0.00746
"7114",4.4,-3.88888888888889,-3.88888888888889,7.8,0.24028,0.34122,0.1938,0.00569
"7115",5.33333333333333,-3.88888888888889,-3.88888888888889,7.8,0.2246,0.32953,0.19488,0.00496
"7116",6.26666666666667,-3.88888888888889,-3.88888888888889,7.8,0.21085,0.31624,0.1922,0.00445
"7117",7.2,-3.88888888888889,-3.88888888888889,7.8,0.19867,0.30273,0.18315,0.00419
"7118",8.13333333333333,-3.88888888888889,-3.88888888888889,7.8,0.18857,0.2889,0.18071,0.00388
"7119",9.06666666666667,-3.88888888888889,-3.88888888888889,7.8,0.17995,0.27707,0.17341,0.00359
"7120",10,-3.88888888888889,-3.88888888888889,7.8,0.172,0.26633,0.16697,0.00356
"7121",1.6,-2.77777777777778,-3.88888888888889,7.8,0.3252,0.35347,0.11707,0.05241
"7122",2.53333333333333,-2.77777777777778,-3.88888888888889,7.8,0.29965,0.40257,0.2039,0.03082
"7123",3.46666666666667,-2.77777777777778,-3.88888888888889,7.8,0.27221,0.39322,0.22371,0.02398
"7124",4.4,-2.77777777777778,-3.88888888888889,7.8,0.24905,0.373,0.22163,0.02087
"7125",5.33333333333333,-2.77777777777778,-3.88888888888889,7.8,0.22997,0.35187,0.21173,0.01869
"7126",6.26666666666667,-2.77777777777778,-3.88888888888889,7.8,0.21439,0.33088,0.20257,0.01867
"7127",7.2,-2.77777777777778,-3.88888888888889,7.8,0.20205,0.3129,0.19215,0.0169
"7128",8.13333333333333,-2.77777777777778,-3.88888888888889,7.8,0.19042,0.29777,0.18664,0.01621
"7129",9.06666666666667,-2.77777777777778,-3.88888888888889,7.8,0.18143,0.28373,0.17915,0.01546
"7130",10,-2.77777777777778,-3.88888888888889,7.8,0.17294,0.27148,0.17155,0.01588
"7131",1.6,-1.66666666666667,-3.88888888888889,7.8,0.37317,0.49764,0.22466,0.12796
"7132",2.53333333333333,-1.66666666666667,-3.88888888888889,7.8,0.32062,0.47521,0.27327,0.10216
"7133",3.46666666666667,-1.66666666666667,-3.88888888888889,7.8,0.28369,0.43331,0.2647,0.09212
"7134",4.4,-1.66666666666667,-3.88888888888889,7.8,0.25568,0.39803,0.24487,0.08691
"7135",5.33333333333333,-1.66666666666667,-3.88888888888889,7.8,0.23364,0.36677,0.22946,0.08507
"7136",6.26666666666667,-1.66666666666667,-3.88888888888889,7.8,0.21692,0.34156,0.21419,0.0825
"7137",7.2,-1.66666666666667,-3.88888888888889,7.8,0.20333,0.31991,0.20228,0.08075
"7138",8.13333333333333,-1.66666666666667,-3.88888888888889,7.8,0.1917,0.30228,0.19289,0.08038
"7139",9.06666666666667,-1.66666666666667,-3.88888888888889,7.8,0.18202,0.28721,0.18151,0.07958
"7140",10,-1.66666666666667,-3.88888888888889,7.8,0.17346,0.27453,0.17285,0.07855
"7141",1.6,-0.555555555555555,-3.88888888888889,7.8,0.40697,0.62622,0.37704,0.44692
"7142",2.53333333333333,-0.555555555555555,-3.88888888888889,7.8,0.33567,0.52346,0.32484,0.43402
"7143",3.46666666666667,-0.555555555555555,-3.88888888888889,7.8,0.29056,0.45548,0.2886,0.42863
"7144",4.4,-0.555555555555555,-3.88888888888889,7.8,0.25914,0.40816,0.26114,0.42517
"7145",5.33333333333333,-0.555555555555555,-3.88888888888889,7.8,0.23637,0.37235,0.23728,0.42495
"7146",6.26666666666667,-0.555555555555555,-3.88888888888889,7.8,0.21922,0.34561,0.21924,0.42356
"7147",7.2,-0.555555555555555,-3.88888888888889,7.8,0.20485,0.32401,0.20642,0.42184
"7148",8.13333333333333,-0.555555555555555,-3.88888888888889,7.8,0.19285,0.30606,0.1971,0.42355
"7149",9.06666666666667,-0.555555555555555,-3.88888888888889,7.8,0.18294,0.2898,0.18347,0.42016
"7150",10,-0.555555555555555,-3.88888888888889,7.8,0.17463,0.2764,0.17662,0.42182
"7151",1.6,0.555555555555555,-3.88888888888889,7.8,0.40817,0.62815,0.37631,0.4444
"7152",2.53333333333333,0.555555555555555,-3.88888888888889,7.8,0.33466,0.52348,0.33023,0.43207
"7153",3.46666666666667,0.555555555555555,-3.88888888888889,7.8,0.29112,0.45581,0.28792,0.42889
"7154",4.4,0.555555555555555,-3.88888888888889,7.8,0.26039,0.40888,0.25798,0.42616
"7155",5.33333333333333,0.555555555555555,-3.88888888888889,7.8,0.2378,0.37417,0.23814,0.42412
"7156",6.26666666666667,0.555555555555555,-3.88888888888889,7.8,0.2194,0.34674,0.22143,0.42198
"7157",7.2,0.555555555555555,-3.88888888888889,7.8,0.2056,0.32447,0.20641,0.42256
"7158",8.13333333333333,0.555555555555555,-3.88888888888889,7.8,0.19392,0.3057,0.19539,0.42253
"7159",9.06666666666667,0.555555555555555,-3.88888888888889,7.8,0.18383,0.29078,0.1831,0.42203
"7160",10,0.555555555555555,-3.88888888888889,7.8,0.17542,0.27731,0.17832,0.42012
"7161",1.6,1.66666666666667,-3.88888888888889,7.8,0.37316,0.50227,0.22269,0.12832
"7162",2.53333333333333,1.66666666666667,-3.88888888888889,7.8,0.32117,0.47768,0.27291,0.10207
"7163",3.46666666666667,1.66666666666667,-3.88888888888889,7.8,0.2834,0.43305,0.26724,0.09283
"7164",4.4,1.66666666666667,-3.88888888888889,7.8,0.25687,0.39596,0.24754,0.08711
"7165",5.33333333333333,1.66666666666667,-3.88888888888889,7.8,0.23567,0.36542,0.23001,0.08509
"7166",6.26666666666667,1.66666666666667,-3.88888888888889,7.8,0.21912,0.34127,0.21765,0.08352
"7167",7.2,1.66666666666667,-3.88888888888889,7.8,0.20455,0.32125,0.20267,0.08111
"7168",8.13333333333333,1.66666666666667,-3.88888888888889,7.8,0.19292,0.30345,0.19042,0.08087
"7169",9.06666666666667,1.66666666666667,-3.88888888888889,7.8,0.18267,0.28895,0.18407,0.07946
"7170",10,1.66666666666667,-3.88888888888889,7.8,0.17455,0.27563,0.17528,0.07859
"7171",1.6,2.77777777777778,-3.88888888888889,7.8,0.32369,0.35838,0.11632,0.05351
"7172",2.53333333333333,2.77777777777778,-3.88888888888889,7.8,0.30008,0.40694,0.20275,0.03084
"7173",3.46666666666667,2.77777777777778,-3.88888888888889,7.8,0.27306,0.39667,0.22276,0.02478
"7174",4.4,2.77777777777778,-3.88888888888889,7.8,0.24959,0.37457,0.22051,0.02058
"7175",5.33333333333333,2.77777777777778,-3.88888888888889,7.8,0.23075,0.35204,0.21443,0.01886
"7176",6.26666666666667,2.77777777777778,-3.88888888888889,7.8,0.21491,0.33101,0.20581,0.01796
"7177",7.2,2.77777777777778,-3.88888888888889,7.8,0.20216,0.31319,0.19533,0.01744
"7178",8.13333333333333,2.77777777777778,-3.88888888888889,7.8,0.19129,0.29819,0.1869,0.0162
"7179",9.06666666666667,2.77777777777778,-3.88888888888889,7.8,0.18173,0.28467,0.18,0.01651
"7180",10,2.77777777777778,-3.88888888888889,7.8,0.17337,0.27205,0.17238,0.01571
"7181",1.6,3.88888888888889,-3.88888888888889,7.8,0.27834,0.25007,0.06242,0.02679
"7182",2.53333333333333,3.88888888888889,-3.88888888888889,7.8,0.27288,0.33097,0.14118,0.0113
"7183",3.46666666666667,3.88888888888889,-3.88888888888889,7.8,0.25696,0.34994,0.17822,0.0076
"7184",4.4,3.88888888888889,-3.88888888888889,7.8,0.2396,0.34463,0.1913,0.00589
"7185",5.33333333333333,3.88888888888889,-3.88888888888889,7.8,0.22456,0.33114,0.19418,0.00473
"7186",6.26666666666667,3.88888888888889,-3.88888888888889,7.8,0.21044,0.3172,0.19038,0.00449
"7187",7.2,3.88888888888889,-3.88888888888889,7.8,0.19875,0.30286,0.18426,0.00399
"7188",8.13333333333333,3.88888888888889,-3.88888888888889,7.8,0.18852,0.28894,0.1805,0.00379
"7189",9.06666666666667,3.88888888888889,-3.88888888888889,7.8,0.17959,0.27787,0.17334,0.00373
"7190",10,3.88888888888889,-3.88888888888889,7.8,0.1719,0.26768,0.16595,0.00329
"7191",1.6,5,-3.88888888888889,7.8,0.23845,0.17943,0.03577,0.01613
"7192",2.53333333333333,5,-3.88888888888889,7.8,0.24747,0.2656,0.0962,0.00476
"7193",3.46666666666667,5,-3.88888888888889,7.8,0.24081,0.30175,0.13953,0.00277
"7194",4.4,5,-3.88888888888889,7.8,0.22897,0.31176,0.16221,0.0018
"7195",5.33333333333333,5,-3.88888888888889,7.8,0.21672,0.30843,0.17106,0.00147
"7196",6.26666666666667,5,-3.88888888888889,7.8,0.20545,0.30044,0.17246,0.0012
"7197",7.2,5,-3.88888888888889,7.8,0.19523,0.29045,0.1726,0.00116
"7198",8.13333333333333,5,-3.88888888888889,7.8,0.18648,0.27957,0.16853,0.00092
"7199",9.06666666666667,5,-3.88888888888889,7.8,0.17797,0.26901,0.16274,0.00093
"7200",10,5,-3.88888888888889,7.8,0.17018,0.25985,0.16017,0.00091
"7201",1.6,-5,-2.77777777777778,7.8,0.23844,0.17683,0.0353,0.01604
"7202",2.53333333333333,-5,-2.77777777777778,7.8,0.24701,0.26102,0.09855,0.00522
"7203",3.46666666666667,-5,-2.77777777777778,7.8,0.23981,0.29868,0.13812,0.00287
"7204",4.4,-5,-2.77777777777778,7.8,0.22901,0.30778,0.16265,0.0018
"7205",5.33333333333333,-5,-2.77777777777778,7.8,0.21708,0.30595,0.17072,0.00149
"7206",6.26666666666667,-5,-2.77777777777778,7.8,0.206,0.29858,0.17352,0.00123
"7207",7.2,-5,-2.77777777777778,7.8,0.19607,0.28831,0.17245,0.00115
"7208",8.13333333333333,-5,-2.77777777777778,7.8,0.18586,0.2782,0.16798,0.00103
"7209",9.06666666666667,-5,-2.77777777777778,7.8,0.17741,0.26897,0.16435,0.00087
"7210",10,-5,-2.77777777777778,7.8,0.17057,0.25957,0.16115,0.00081
"7211",1.6,-3.88888888888889,-2.77777777777778,7.8,0.27807,0.24648,0.06266,0.02752
"7212",2.53333333333333,-3.88888888888889,-2.77777777777778,7.8,0.27347,0.32712,0.14105,0.01127
"7213",3.46666666666667,-3.88888888888889,-2.77777777777778,7.8,0.25829,0.34522,0.17693,0.00741
"7214",4.4,-3.88888888888889,-2.77777777777778,7.8,0.24028,0.34122,0.191,0.00558
"7215",5.33333333333333,-3.88888888888889,-2.77777777777778,7.8,0.2246,0.32953,0.19458,0.00482
"7216",6.26666666666667,-3.88888888888889,-2.77777777777778,7.8,0.21085,0.31624,0.1896,0.00417
"7217",7.2,-3.88888888888889,-2.77777777777778,7.8,0.19867,0.30273,0.18401,0.00419
"7218",8.13333333333333,-3.88888888888889,-2.77777777777778,7.8,0.18857,0.2889,0.17876,0.00354
"7219",9.06666666666667,-3.88888888888889,-2.77777777777778,7.8,0.17995,0.27707,0.17138,0.00351
"7220",10,-3.88888888888889,-2.77777777777778,7.8,0.172,0.26633,0.16608,0.00365
"7221",1.6,-2.77777777777778,-2.77777777777778,7.8,0.3252,0.35347,0.11578,0.05309
"7222",2.53333333333333,-2.77777777777778,-2.77777777777778,7.8,0.29965,0.40257,0.20098,0.03019
"7223",3.46666666666667,-2.77777777777778,-2.77777777777778,7.8,0.27221,0.39322,0.22297,0.02447
"7224",4.4,-2.77777777777778,-2.77777777777778,7.8,0.24905,0.373,0.22241,0.02116
"7225",5.33333333333333,-2.77777777777778,-2.77777777777778,7.8,0.22997,0.35187,0.21359,0.01864
"7226",6.26666666666667,-2.77777777777778,-2.77777777777778,7.8,0.21439,0.33088,0.20427,0.01796
"7227",7.2,-2.77777777777778,-2.77777777777778,7.8,0.20205,0.3129,0.19642,0.01742
"7228",8.13333333333333,-2.77777777777778,-2.77777777777778,7.8,0.19042,0.29777,0.18504,0.01675
"7229",9.06666666666667,-2.77777777777778,-2.77777777777778,7.8,0.18143,0.28373,0.17655,0.01639
"7230",10,-2.77777777777778,-2.77777777777778,7.8,0.17294,0.27148,0.17062,0.01596
"7231",1.6,-1.66666666666667,-2.77777777777778,7.8,0.37317,0.49764,0.22205,0.12819
"7232",2.53333333333333,-1.66666666666667,-2.77777777777778,7.8,0.32062,0.47521,0.27379,0.10125
"7233",3.46666666666667,-1.66666666666667,-2.77777777777778,7.8,0.28369,0.43331,0.26679,0.09299
"7234",4.4,-1.66666666666667,-2.77777777777778,7.8,0.25568,0.39803,0.24501,0.08767
"7235",5.33333333333333,-1.66666666666667,-2.77777777777778,7.8,0.23364,0.36677,0.22884,0.08417
"7236",6.26666666666667,-1.66666666666667,-2.77777777777778,7.8,0.21692,0.34156,0.21365,0.08231
"7237",7.2,-1.66666666666667,-2.77777777777778,7.8,0.20333,0.31991,0.20058,0.08153
"7238",8.13333333333333,-1.66666666666667,-2.77777777777778,7.8,0.1917,0.30228,0.18944,0.08074
"7239",9.06666666666667,-1.66666666666667,-2.77777777777778,7.8,0.18202,0.28721,0.1794,0.07956
"7240",10,-1.66666666666667,-2.77777777777778,7.8,0.17346,0.27453,0.17435,0.07935
"7241",1.6,-0.555555555555555,-2.77777777777778,7.8,0.40697,0.62622,0.37604,0.44644
"7242",2.53333333333333,-0.555555555555555,-2.77777777777778,7.8,0.33567,0.52346,0.32883,0.43275
"7243",3.46666666666667,-0.555555555555555,-2.77777777777778,7.8,0.29056,0.45548,0.28977,0.42939
"7244",4.4,-0.555555555555555,-2.77777777777778,7.8,0.25914,0.40816,0.26062,0.42596
"7245",5.33333333333333,-0.555555555555555,-2.77777777777778,7.8,0.23637,0.37235,0.23725,0.4239
"7246",6.26666666666667,-0.555555555555555,-2.77777777777778,7.8,0.21922,0.34561,0.22029,0.42464
"7247",7.2,-0.555555555555555,-2.77777777777778,7.8,0.20485,0.32401,0.20572,0.42317
"7248",8.13333333333333,-0.555555555555555,-2.77777777777778,7.8,0.19285,0.30606,0.19568,0.42074
"7249",9.06666666666667,-0.555555555555555,-2.77777777777778,7.8,0.18294,0.2898,0.18586,0.42117
"7250",10,-0.555555555555555,-2.77777777777778,7.8,0.17463,0.2764,0.17732,0.42062
"7251",1.6,0.555555555555555,-2.77777777777778,7.8,0.40817,0.62815,0.37933,0.44678
"7252",2.53333333333333,0.555555555555555,-2.77777777777778,7.8,0.33466,0.52348,0.32929,0.43367
"7253",3.46666666666667,0.555555555555555,-2.77777777777778,7.8,0.29112,0.45581,0.29105,0.42941
"7254",4.4,0.555555555555555,-2.77777777777778,7.8,0.26039,0.40888,0.25924,0.42527
"7255",5.33333333333333,0.555555555555555,-2.77777777777778,7.8,0.2378,0.37417,0.23719,0.42531
"7256",6.26666666666667,0.555555555555555,-2.77777777777778,7.8,0.2194,0.34674,0.22129,0.42334
"7257",7.2,0.555555555555555,-2.77777777777778,7.8,0.2056,0.32447,0.20658,0.42236
"7258",8.13333333333333,0.555555555555555,-2.77777777777778,7.8,0.19392,0.3057,0.19515,0.42336
"7259",9.06666666666667,0.555555555555555,-2.77777777777778,7.8,0.18383,0.29078,0.18253,0.42144
"7260",10,0.555555555555555,-2.77777777777778,7.8,0.17542,0.27731,0.17456,0.42144
"7261",1.6,1.66666666666667,-2.77777777777778,7.8,0.37316,0.50227,0.22418,0.12778
"7262",2.53333333333333,1.66666666666667,-2.77777777777778,7.8,0.32117,0.47768,0.27509,0.10142
"7263",3.46666666666667,1.66666666666667,-2.77777777777778,7.8,0.2834,0.43305,0.26373,0.09074
"7264",4.4,1.66666666666667,-2.77777777777778,7.8,0.25687,0.39596,0.24649,0.08774
"7265",5.33333333333333,1.66666666666667,-2.77777777777778,7.8,0.23567,0.36542,0.22783,0.08433
"7266",6.26666666666667,1.66666666666667,-2.77777777777778,7.8,0.21912,0.34127,0.21293,0.0833
"7267",7.2,1.66666666666667,-2.77777777777778,7.8,0.20455,0.32125,0.20219,0.08137
"7268",8.13333333333333,1.66666666666667,-2.77777777777778,7.8,0.19292,0.30345,0.19319,0.08012
"7269",9.06666666666667,1.66666666666667,-2.77777777777778,7.8,0.18267,0.28895,0.18397,0.08012
"7270",10,1.66666666666667,-2.77777777777778,7.8,0.17455,0.27563,0.17545,0.07886
"7271",1.6,2.77777777777778,-2.77777777777778,7.8,0.32369,0.35838,0.11679,0.05288
"7272",2.53333333333333,2.77777777777778,-2.77777777777778,7.8,0.30008,0.40694,0.20293,0.03074
"7273",3.46666666666667,2.77777777777778,-2.77777777777778,7.8,0.27306,0.39667,0.22247,0.02408
"7274",4.4,2.77777777777778,-2.77777777777778,7.8,0.24959,0.37457,0.22149,0.0212
"7275",5.33333333333333,2.77777777777778,-2.77777777777778,7.8,0.23075,0.35204,0.21295,0.01954
"7276",6.26666666666667,2.77777777777778,-2.77777777777778,7.8,0.21491,0.33101,0.20519,0.01809
"7277",7.2,2.77777777777778,-2.77777777777778,7.8,0.20216,0.31319,0.19536,0.01675
"7278",8.13333333333333,2.77777777777778,-2.77777777777778,7.8,0.19129,0.29819,0.18894,0.01653
"7279",9.06666666666667,2.77777777777778,-2.77777777777778,7.8,0.18173,0.28467,0.17626,0.01644
"7280",10,2.77777777777778,-2.77777777777778,7.8,0.17337,0.27205,0.16876,0.01625
"7281",1.6,3.88888888888889,-2.77777777777778,7.8,0.27834,0.25007,0.0623,0.02727
"7282",2.53333333333333,3.88888888888889,-2.77777777777778,7.8,0.27288,0.33097,0.13779,0.01156
"7283",3.46666666666667,3.88888888888889,-2.77777777777778,7.8,0.25696,0.34994,0.17909,0.00741
"7284",4.4,3.88888888888889,-2.77777777777778,7.8,0.2396,0.34463,0.19293,0.00558
"7285",5.33333333333333,3.88888888888889,-2.77777777777778,7.8,0.22456,0.33114,0.19616,0.00508
"7286",6.26666666666667,3.88888888888889,-2.77777777777778,7.8,0.21044,0.3172,0.18881,0.00435
"7287",7.2,3.88888888888889,-2.77777777777778,7.8,0.19875,0.30286,0.18361,0.00397
"7288",8.13333333333333,3.88888888888889,-2.77777777777778,7.8,0.18852,0.28894,0.17676,0.00394
"7289",9.06666666666667,3.88888888888889,-2.77777777777778,7.8,0.17959,0.27787,0.17208,0.00359
"7290",10,3.88888888888889,-2.77777777777778,7.8,0.1719,0.26768,0.1662,0.00355
"7291",1.6,5,-2.77777777777778,7.8,0.23845,0.17943,0.0361,0.01695
"7292",2.53333333333333,5,-2.77777777777778,7.8,0.24747,0.2656,0.09774,0.00498
"7293",3.46666666666667,5,-2.77777777777778,7.8,0.24081,0.30175,0.14047,0.00277
"7294",4.4,5,-2.77777777777778,7.8,0.22897,0.31176,0.16185,0.00163
"7295",5.33333333333333,5,-2.77777777777778,7.8,0.21672,0.30843,0.17158,0.00147
"7296",6.26666666666667,5,-2.77777777777778,7.8,0.20545,0.30044,0.17591,0.00138
"7297",7.2,5,-2.77777777777778,7.8,0.19523,0.29045,0.17023,0.00104
"7298",8.13333333333333,5,-2.77777777777778,7.8,0.18648,0.27957,0.17032,0.00095
"7299",9.06666666666667,5,-2.77777777777778,7.8,0.17797,0.26901,0.1662,0.00087
"7300",10,5,-2.77777777777778,7.8,0.17018,0.25985,0.16061,0.00088
"7301",1.6,-5,-1.66666666666667,7.8,0.23844,0.17683,0.03483,0.01662
"7302",2.53333333333333,-5,-1.66666666666667,7.8,0.24701,0.26102,0.09734,0.00513
"7303",3.46666666666667,-5,-1.66666666666667,7.8,0.23981,0.29868,0.13733,0.00267
"7304",4.4,-5,-1.66666666666667,7.8,0.22901,0.30778,0.16036,0.00175
"7305",5.33333333333333,-5,-1.66666666666667,7.8,0.21708,0.30595,0.17131,0.00143
"7306",6.26666666666667,-5,-1.66666666666667,7.8,0.206,0.29858,0.17375,0.00119
"7307",7.2,-5,-1.66666666666667,7.8,0.19607,0.28831,0.17055,0.00103
"7308",8.13333333333333,-5,-1.66666666666667,7.8,0.18586,0.2782,0.16853,0.00091
"7309",9.06666666666667,-5,-1.66666666666667,7.8,0.17741,0.26897,0.16424,0.00093
"7310",10,-5,-1.66666666666667,7.8,0.17057,0.25957,0.16119,0.00083
"7311",1.6,-3.88888888888889,-1.66666666666667,7.8,0.27807,0.24648,0.06199,0.02814
"7312",2.53333333333333,-3.88888888888889,-1.66666666666667,7.8,0.27347,0.32712,0.14197,0.01187
"7313",3.46666666666667,-3.88888888888889,-1.66666666666667,7.8,0.25829,0.34522,0.17781,0.00793
"7314",4.4,-3.88888888888889,-1.66666666666667,7.8,0.24028,0.34122,0.19209,0.00584
"7315",5.33333333333333,-3.88888888888889,-1.66666666666667,7.8,0.2246,0.32953,0.19315,0.00478
"7316",6.26666666666667,-3.88888888888889,-1.66666666666667,7.8,0.21085,0.31624,0.19141,0.00436
"7317",7.2,-3.88888888888889,-1.66666666666667,7.8,0.19867,0.30273,0.18419,0.00423
"7318",8.13333333333333,-3.88888888888889,-1.66666666666667,7.8,0.18857,0.2889,0.17878,0.00385
"7319",9.06666666666667,-3.88888888888889,-1.66666666666667,7.8,0.17995,0.27707,0.17231,0.0037
"7320",10,-3.88888888888889,-1.66666666666667,7.8,0.172,0.26633,0.16694,0.0033
"7321",1.6,-2.77777777777778,-1.66666666666667,7.8,0.3252,0.35347,0.11604,0.05265
"7322",2.53333333333333,-2.77777777777778,-1.66666666666667,7.8,0.29965,0.40257,0.20217,0.03029
"7323",3.46666666666667,-2.77777777777778,-1.66666666666667,7.8,0.27221,0.39322,0.22117,0.02387
"7324",4.4,-2.77777777777778,-1.66666666666667,7.8,0.24905,0.373,0.22384,0.02017
"7325",5.33333333333333,-2.77777777777778,-1.66666666666667,7.8,0.22997,0.35187,0.2131,0.01922
"7326",6.26666666666667,-2.77777777777778,-1.66666666666667,7.8,0.21439,0.33088,0.20678,0.01803
"7327",7.2,-2.77777777777778,-1.66666666666667,7.8,0.20205,0.3129,0.19566,0.01721
"7328",8.13333333333333,-2.77777777777778,-1.66666666666667,7.8,0.19042,0.29777,0.18753,0.01699
"7329",9.06666666666667,-2.77777777777778,-1.66666666666667,7.8,0.18143,0.28373,0.17824,0.01624
"7330",10,-2.77777777777778,-1.66666666666667,7.8,0.17294,0.27148,0.16975,0.01559
"7331",1.6,-1.66666666666667,-1.66666666666667,7.8,0.37317,0.49764,0.22385,0.12708
"7332",2.53333333333333,-1.66666666666667,-1.66666666666667,7.8,0.32062,0.47521,0.27312,0.10098
"7333",3.46666666666667,-1.66666666666667,-1.66666666666667,7.8,0.28369,0.43331,0.26395,0.09192
"7334",4.4,-1.66666666666667,-1.66666666666667,7.8,0.25568,0.39803,0.24646,0.08783
"7335",5.33333333333333,-1.66666666666667,-1.66666666666667,7.8,0.23364,0.36677,0.23151,0.08423
"7336",6.26666666666667,-1.66666666666667,-1.66666666666667,7.8,0.21692,0.34156,0.21399,0.08311
"7337",7.2,-1.66666666666667,-1.66666666666667,7.8,0.20333,0.31991,0.19956,0.08189
"7338",8.13333333333333,-1.66666666666667,-1.66666666666667,7.8,0.1917,0.30228,0.19157,0.08012
"7339",9.06666666666667,-1.66666666666667,-1.66666666666667,7.8,0.18202,0.28721,0.18081,0.07929
"7340",10,-1.66666666666667,-1.66666666666667,7.8,0.17346,0.27453,0.17558,0.07843
"7341",1.6,-0.555555555555555,-1.66666666666667,7.8,0.40697,0.62622,0.38036,0.44619
"7342",2.53333333333333,-0.555555555555555,-1.66666666666667,7.8,0.33567,0.52346,0.32965,0.4331
"7343",3.46666666666667,-0.555555555555555,-1.66666666666667,7.8,0.29056,0.45548,0.28943,0.4288
"7344",4.4,-0.555555555555555,-1.66666666666667,7.8,0.25914,0.40816,0.26213,0.42633
"7345",5.33333333333333,-0.555555555555555,-1.66666666666667,7.8,0.23637,0.37235,0.23616,0.42421
"7346",6.26666666666667,-0.555555555555555,-1.66666666666667,7.8,0.21922,0.34561,0.22019,0.42408
"7347",7.2,-0.555555555555555,-1.66666666666667,7.8,0.20485,0.32401,0.20498,0.42167
"7348",8.13333333333333,-0.555555555555555,-1.66666666666667,7.8,0.19285,0.30606,0.19392,0.4221
"7349",9.06666666666667,-0.555555555555555,-1.66666666666667,7.8,0.18294,0.2898,0.18337,0.42146
"7350",10,-0.555555555555555,-1.66666666666667,7.8,0.17463,0.2764,0.17676,0.42148
"7351",1.6,0.555555555555555,-1.66666666666667,7.8,0.40817,0.62815,0.37781,0.44482
"7352",2.53333333333333,0.555555555555555,-1.66666666666667,7.8,0.33466,0.52348,0.32776,0.43372
"7353",3.46666666666667,0.555555555555555,-1.66666666666667,7.8,0.29112,0.45581,0.28811,0.42952
"7354",4.4,0.555555555555555,-1.66666666666667,7.8,0.26039,0.40888,0.25869,0.42542
"7355",5.33333333333333,0.555555555555555,-1.66666666666667,7.8,0.2378,0.37417,0.23953,0.42437
"7356",6.26666666666667,0.555555555555555,-1.66666666666667,7.8,0.2194,0.34674,0.21895,0.42462
"7357",7.2,0.555555555555555,-1.66666666666667,7.8,0.2056,0.32447,0.20421,0.42286
"7358",8.13333333333333,0.555555555555555,-1.66666666666667,7.8,0.19392,0.3057,0.19571,0.42218
"7359",9.06666666666667,0.555555555555555,-1.66666666666667,7.8,0.18383,0.29078,0.18496,0.42168
"7360",10,0.555555555555555,-1.66666666666667,7.8,0.17542,0.27731,0.17358,0.42071
"7361",1.6,1.66666666666667,-1.66666666666667,7.8,0.37316,0.50227,0.22306,0.12813
"7362",2.53333333333333,1.66666666666667,-1.66666666666667,7.8,0.32117,0.47768,0.27335,0.10257
"7363",3.46666666666667,1.66666666666667,-1.66666666666667,7.8,0.2834,0.43305,0.26366,0.09292
"7364",4.4,1.66666666666667,-1.66666666666667,7.8,0.25687,0.39596,0.24678,0.08751
"7365",5.33333333333333,1.66666666666667,-1.66666666666667,7.8,0.23567,0.36542,0.23078,0.08467
"7366",6.26666666666667,1.66666666666667,-1.66666666666667,7.8,0.21912,0.34127,0.21607,0.0828
"7367",7.2,1.66666666666667,-1.66666666666667,7.8,0.20455,0.32125,0.20079,0.08159
"7368",8.13333333333333,1.66666666666667,-1.66666666666667,7.8,0.19292,0.30345,0.19382,0.0802
"7369",9.06666666666667,1.66666666666667,-1.66666666666667,7.8,0.18267,0.28895,0.18154,0.08027
"7370",10,1.66666666666667,-1.66666666666667,7.8,0.17455,0.27563,0.17677,0.07905
"7371",1.6,2.77777777777778,-1.66666666666667,7.8,0.32369,0.35838,0.11647,0.0522
"7372",2.53333333333333,2.77777777777778,-1.66666666666667,7.8,0.30008,0.40694,0.20209,0.0309
"7373",3.46666666666667,2.77777777777778,-1.66666666666667,7.8,0.27306,0.39667,0.22319,0.0243
"7374",4.4,2.77777777777778,-1.66666666666667,7.8,0.24959,0.37457,0.22165,0.02066
"7375",5.33333333333333,2.77777777777778,-1.66666666666667,7.8,0.23075,0.35204,0.21326,0.01896
"7376",6.26666666666667,2.77777777777778,-1.66666666666667,7.8,0.21491,0.33101,0.20346,0.01806
"7377",7.2,2.77777777777778,-1.66666666666667,7.8,0.20216,0.31319,0.19371,0.01694
"7378",8.13333333333333,2.77777777777778,-1.66666666666667,7.8,0.19129,0.29819,0.18503,0.01618
"7379",9.06666666666667,2.77777777777778,-1.66666666666667,7.8,0.18173,0.28467,0.17807,0.01579
"7380",10,2.77777777777778,-1.66666666666667,7.8,0.17337,0.27205,0.16916,0.01539
"7381",1.6,3.88888888888889,-1.66666666666667,7.8,0.27834,0.25007,0.06249,0.02717
"7382",2.53333333333333,3.88888888888889,-1.66666666666667,7.8,0.27288,0.33097,0.13921,0.01137
"7383",3.46666666666667,3.88888888888889,-1.66666666666667,7.8,0.25696,0.34994,0.17828,0.00786
"7384",4.4,3.88888888888889,-1.66666666666667,7.8,0.2396,0.34463,0.19371,0.00572
"7385",5.33333333333333,3.88888888888889,-1.66666666666667,7.8,0.22456,0.33114,0.19213,0.00475
"7386",6.26666666666667,3.88888888888889,-1.66666666666667,7.8,0.21044,0.3172,0.19014,0.00454
"7387",7.2,3.88888888888889,-1.66666666666667,7.8,0.19875,0.30286,0.18379,0.00425
"7388",8.13333333333333,3.88888888888889,-1.66666666666667,7.8,0.18852,0.28894,0.17891,0.00359
"7389",9.06666666666667,3.88888888888889,-1.66666666666667,7.8,0.17959,0.27787,0.17218,0.00379
"7390",10,3.88888888888889,-1.66666666666667,7.8,0.1719,0.26768,0.1659,0.00332
"7391",1.6,5,-1.66666666666667,7.8,0.23845,0.17943,0.0365,0.01571
"7392",2.53333333333333,5,-1.66666666666667,7.8,0.24747,0.2656,0.09619,0.00519
"7393",3.46666666666667,5,-1.66666666666667,7.8,0.24081,0.30175,0.13936,0.00287
"7394",4.4,5,-1.66666666666667,7.8,0.22897,0.31176,0.16389,0.00174
"7395",5.33333333333333,5,-1.66666666666667,7.8,0.21672,0.30843,0.17098,0.00143
"7396",6.26666666666667,5,-1.66666666666667,7.8,0.20545,0.30044,0.17243,0.00122
"7397",7.2,5,-1.66666666666667,7.8,0.19523,0.29045,0.17261,0.00115
"7398",8.13333333333333,5,-1.66666666666667,7.8,0.18648,0.27957,0.16845,0.00089
"7399",9.06666666666667,5,-1.66666666666667,7.8,0.17797,0.26901,0.16383,0.00104
"7400",10,5,-1.66666666666667,7.8,0.17018,0.25985,0.16039,8e-04
"7401",1.6,-5,-0.555555555555555,7.8,0.23844,0.17683,0.03543,0.01637
"7402",2.53333333333333,-5,-0.555555555555555,7.8,0.24701,0.26102,0.09586,0.00512
"7403",3.46666666666667,-5,-0.555555555555555,7.8,0.23981,0.29868,0.13948,0.00275
"7404",4.4,-5,-0.555555555555555,7.8,0.22901,0.30778,0.16269,0.00182
"7405",5.33333333333333,-5,-0.555555555555555,7.8,0.21708,0.30595,0.17025,0.00147
"7406",6.26666666666667,-5,-0.555555555555555,7.8,0.206,0.29858,0.17196,0.00109
"7407",7.2,-5,-0.555555555555555,7.8,0.19607,0.28831,0.17187,0.001
"7408",8.13333333333333,-5,-0.555555555555555,7.8,0.18586,0.2782,0.16868,0.001
"7409",9.06666666666667,-5,-0.555555555555555,7.8,0.17741,0.26897,0.16475,9e-04
"7410",10,-5,-0.555555555555555,7.8,0.17057,0.25957,0.16049,0.00073
"7411",1.6,-3.88888888888889,-0.555555555555555,7.8,0.27807,0.24648,0.06206,0.02702
"7412",2.53333333333333,-3.88888888888889,-0.555555555555555,7.8,0.27347,0.32712,0.1406,0.0115
"7413",3.46666666666667,-3.88888888888889,-0.555555555555555,7.8,0.25829,0.34522,0.17898,0.00756
"7414",4.4,-3.88888888888889,-0.555555555555555,7.8,0.24028,0.34122,0.19214,0.00565
"7415",5.33333333333333,-3.88888888888889,-0.555555555555555,7.8,0.2246,0.32953,0.19327,0.00503
"7416",6.26666666666667,-3.88888888888889,-0.555555555555555,7.8,0.21085,0.31624,0.19086,0.00458
"7417",7.2,-3.88888888888889,-0.555555555555555,7.8,0.19867,0.30273,0.18684,0.00422
"7418",8.13333333333333,-3.88888888888889,-0.555555555555555,7.8,0.18857,0.2889,0.17842,0.0039
"7419",9.06666666666667,-3.88888888888889,-0.555555555555555,7.8,0.17995,0.27707,0.1721,0.0036
"7420",10,-3.88888888888889,-0.555555555555555,7.8,0.172,0.26633,0.16489,0.00352
"7421",1.6,-2.77777777777778,-0.555555555555555,7.8,0.3252,0.35347,0.11611,0.05281
"7422",2.53333333333333,-2.77777777777778,-0.555555555555555,7.8,0.29965,0.40257,0.20127,0.03122
"7423",3.46666666666667,-2.77777777777778,-0.555555555555555,7.8,0.27221,0.39322,0.22581,0.02415
"7424",4.4,-2.77777777777778,-0.555555555555555,7.8,0.24905,0.373,0.22219,0.02023
"7425",5.33333333333333,-2.77777777777778,-0.555555555555555,7.8,0.22997,0.35187,0.21331,0.01859
"7426",6.26666666666667,-2.77777777777778,-0.555555555555555,7.8,0.21439,0.33088,0.2035,0.01829
"7427",7.2,-2.77777777777778,-0.555555555555555,7.8,0.20205,0.3129,0.19498,0.01712
"7428",8.13333333333333,-2.77777777777778,-0.555555555555555,7.8,0.19042,0.29777,0.18846,0.01657
"7429",9.06666666666667,-2.77777777777778,-0.555555555555555,7.8,0.18143,0.28373,0.17821,0.01651
"7430",10,-2.77777777777778,-0.555555555555555,7.8,0.17294,0.27148,0.17261,0.0159
"7431",1.6,-1.66666666666667,-0.555555555555555,7.8,0.37317,0.49764,0.22386,0.12789
"7432",2.53333333333333,-1.66666666666667,-0.555555555555555,7.8,0.32062,0.47521,0.2735,0.10189
"7433",3.46666666666667,-1.66666666666667,-0.555555555555555,7.8,0.28369,0.43331,0.26407,0.09273
"7434",4.4,-1.66666666666667,-0.555555555555555,7.8,0.25568,0.39803,0.24707,0.0869
"7435",5.33333333333333,-1.66666666666667,-0.555555555555555,7.8,0.23364,0.36677,0.22912,0.08476
"7436",6.26666666666667,-1.66666666666667,-0.555555555555555,7.8,0.21692,0.34156,0.2148,0.0827
"7437",7.2,-1.66666666666667,-0.555555555555555,7.8,0.20333,0.31991,0.20256,0.0812
"7438",8.13333333333333,-1.66666666666667,-0.555555555555555,7.8,0.1917,0.30228,0.19027,0.08049
"7439",9.06666666666667,-1.66666666666667,-0.555555555555555,7.8,0.18202,0.28721,0.18121,0.07975
"7440",10,-1.66666666666667,-0.555555555555555,7.8,0.17346,0.27453,0.17344,0.07959
"7441",1.6,-0.555555555555555,-0.555555555555555,7.8,0.40697,0.62622,0.37842,0.44689
"7442",2.53333333333333,-0.555555555555555,-0.555555555555555,7.8,0.33567,0.52346,0.32756,0.43275
"7443",3.46666666666667,-0.555555555555555,-0.555555555555555,7.8,0.29056,0.45548,0.28909,0.42926
"7444",4.4,-0.555555555555555,-0.555555555555555,7.8,0.25914,0.40816,0.26168,0.42664
"7445",5.33333333333333,-0.555555555555555,-0.555555555555555,7.8,0.23637,0.37235,0.23723,0.4255
"7446",6.26666666666667,-0.555555555555555,-0.555555555555555,7.8,0.21922,0.34561,0.22071,0.42136
"7447",7.2,-0.555555555555555,-0.555555555555555,7.8,0.20485,0.32401,0.20405,0.4228
"7448",8.13333333333333,-0.555555555555555,-0.555555555555555,7.8,0.19285,0.30606,0.19531,0.42199
"7449",9.06666666666667,-0.555555555555555,-0.555555555555555,7.8,0.18294,0.2898,0.18577,0.42187
"7450",10,-0.555555555555555,-0.555555555555555,7.8,0.17463,0.2764,0.1752,0.422
"7451",1.6,0.555555555555555,-0.555555555555555,7.8,0.40817,0.62815,0.37818,0.44679
"7452",2.53333333333333,0.555555555555555,-0.555555555555555,7.8,0.33466,0.52348,0.33115,0.4341
"7453",3.46666666666667,0.555555555555555,-0.555555555555555,7.8,0.29112,0.45581,0.28848,0.42873
"7454",4.4,0.555555555555555,-0.555555555555555,7.8,0.26039,0.40888,0.26035,0.42803
"7455",5.33333333333333,0.555555555555555,-0.555555555555555,7.8,0.2378,0.37417,0.23616,0.4241
"7456",6.26666666666667,0.555555555555555,-0.555555555555555,7.8,0.2194,0.34674,0.22149,0.42399
"7457",7.2,0.555555555555555,-0.555555555555555,7.8,0.2056,0.32447,0.2051,0.42165
"7458",8.13333333333333,0.555555555555555,-0.555555555555555,7.8,0.19392,0.3057,0.1949,0.42217
"7459",9.06666666666667,0.555555555555555,-0.555555555555555,7.8,0.18383,0.29078,0.18346,0.42229
"7460",10,0.555555555555555,-0.555555555555555,7.8,0.17542,0.27731,0.17476,0.42146
"7461",1.6,1.66666666666667,-0.555555555555555,7.8,0.37316,0.50227,0.2235,0.12799
"7462",2.53333333333333,1.66666666666667,-0.555555555555555,7.8,0.32117,0.47768,0.27226,0.10237
"7463",3.46666666666667,1.66666666666667,-0.555555555555555,7.8,0.2834,0.43305,0.26519,0.09171
"7464",4.4,1.66666666666667,-0.555555555555555,7.8,0.25687,0.39596,0.24482,0.0878
"7465",5.33333333333333,1.66666666666667,-0.555555555555555,7.8,0.23567,0.36542,0.22937,0.08496
"7466",6.26666666666667,1.66666666666667,-0.555555555555555,7.8,0.21912,0.34127,0.21459,0.08227
"7467",7.2,1.66666666666667,-0.555555555555555,7.8,0.20455,0.32125,0.19981,0.08128
"7468",8.13333333333333,1.66666666666667,-0.555555555555555,7.8,0.19292,0.30345,0.19209,0.07997
"7469",9.06666666666667,1.66666666666667,-0.555555555555555,7.8,0.18267,0.28895,0.18181,0.07951
"7470",10,1.66666666666667,-0.555555555555555,7.8,0.17455,0.27563,0.17287,0.07882
"7471",1.6,2.77777777777778,-0.555555555555555,7.8,0.32369,0.35838,0.11777,0.05229
"7472",2.53333333333333,2.77777777777778,-0.555555555555555,7.8,0.30008,0.40694,0.20104,0.0304
"7473",3.46666666666667,2.77777777777778,-0.555555555555555,7.8,0.27306,0.39667,0.22237,0.02361
"7474",4.4,2.77777777777778,-0.555555555555555,7.8,0.24959,0.37457,0.22043,0.02049
"7475",5.33333333333333,2.77777777777778,-0.555555555555555,7.8,0.23075,0.35204,0.2135,0.0192
"7476",6.26666666666667,2.77777777777778,-0.555555555555555,7.8,0.21491,0.33101,0.20537,0.01813
"7477",7.2,2.77777777777778,-0.555555555555555,7.8,0.20216,0.31319,0.19568,0.01747
"7478",8.13333333333333,2.77777777777778,-0.555555555555555,7.8,0.19129,0.29819,0.18723,0.01645
"7479",9.06666666666667,2.77777777777778,-0.555555555555555,7.8,0.18173,0.28467,0.17826,0.01598
"7480",10,2.77777777777778,-0.555555555555555,7.8,0.17337,0.27205,0.17305,0.01596
"7481",1.6,3.88888888888889,-0.555555555555555,7.8,0.27834,0.25007,0.06333,0.02678
"7482",2.53333333333333,3.88888888888889,-0.555555555555555,7.8,0.27288,0.33097,0.1395,0.01154
"7483",3.46666666666667,3.88888888888889,-0.555555555555555,7.8,0.25696,0.34994,0.18008,0.00778
"7484",4.4,3.88888888888889,-0.555555555555555,7.8,0.2396,0.34463,0.19471,0.00558
"7485",5.33333333333333,3.88888888888889,-0.555555555555555,7.8,0.22456,0.33114,0.19488,0.00503
"7486",6.26666666666667,3.88888888888889,-0.555555555555555,7.8,0.21044,0.3172,0.18943,0.00435
"7487",7.2,3.88888888888889,-0.555555555555555,7.8,0.19875,0.30286,0.18333,0.00409
"7488",8.13333333333333,3.88888888888889,-0.555555555555555,7.8,0.18852,0.28894,0.1802,0.00372
"7489",9.06666666666667,3.88888888888889,-0.555555555555555,7.8,0.17959,0.27787,0.17221,0.00357
"7490",10,3.88888888888889,-0.555555555555555,7.8,0.1719,0.26768,0.16667,0.00343
"7491",1.6,5,-0.555555555555555,7.8,0.23845,0.17943,0.03575,0.01584
"7492",2.53333333333333,5,-0.555555555555555,7.8,0.24747,0.2656,0.09781,0.00487
"7493",3.46666666666667,5,-0.555555555555555,7.8,0.24081,0.30175,0.13951,0.00252
"7494",4.4,5,-0.555555555555555,7.8,0.22897,0.31176,0.16156,0.00166
"7495",5.33333333333333,5,-0.555555555555555,7.8,0.21672,0.30843,0.17161,0.0012
"7496",6.26666666666667,5,-0.555555555555555,7.8,0.20545,0.30044,0.17422,0.00114
"7497",7.2,5,-0.555555555555555,7.8,0.19523,0.29045,0.17311,0.00098
"7498",8.13333333333333,5,-0.555555555555555,7.8,0.18648,0.27957,0.17116,0.001
"7499",9.06666666666667,5,-0.555555555555555,7.8,0.17797,0.26901,0.1636,0.00089
"7500",10,5,-0.555555555555555,7.8,0.17018,0.25985,0.16118,0.00081
"7501",1.6,-5,0.555555555555555,7.8,0.23844,0.17683,0.03516,0.01711
"7502",2.53333333333333,-5,0.555555555555555,7.8,0.24701,0.26102,0.09712,0.00507
"7503",3.46666666666667,-5,0.555555555555555,7.8,0.23981,0.29868,0.14035,0.00273
"7504",4.4,-5,0.555555555555555,7.8,0.22901,0.30778,0.16248,0.00196
"7505",5.33333333333333,-5,0.555555555555555,7.8,0.21708,0.30595,0.17072,0.00148
"7506",6.26666666666667,-5,0.555555555555555,7.8,0.206,0.29858,0.17424,0.00112
"7507",7.2,-5,0.555555555555555,7.8,0.19607,0.28831,0.17137,0.00105
"7508",8.13333333333333,-5,0.555555555555555,7.8,0.18586,0.2782,0.1696,0.00094
"7509",9.06666666666667,-5,0.555555555555555,7.8,0.17741,0.26897,0.16539,0.00094
"7510",10,-5,0.555555555555555,7.8,0.17057,0.25957,0.16049,0.00088
"7511",1.6,-3.88888888888889,0.555555555555555,7.8,0.27807,0.24648,0.0634,0.02723
"7512",2.53333333333333,-3.88888888888889,0.555555555555555,7.8,0.27347,0.32712,0.14097,0.01087
"7513",3.46666666666667,-3.88888888888889,0.555555555555555,7.8,0.25829,0.34522,0.17886,0.00763
"7514",4.4,-3.88888888888889,0.555555555555555,7.8,0.24028,0.34122,0.1928,0.00564
"7515",5.33333333333333,-3.88888888888889,0.555555555555555,7.8,0.2246,0.32953,0.19473,0.00517
"7516",6.26666666666667,-3.88888888888889,0.555555555555555,7.8,0.21085,0.31624,0.19029,0.00447
"7517",7.2,-3.88888888888889,0.555555555555555,7.8,0.19867,0.30273,0.18553,0.00431
"7518",8.13333333333333,-3.88888888888889,0.555555555555555,7.8,0.18857,0.2889,0.17968,0.00377
"7519",9.06666666666667,-3.88888888888889,0.555555555555555,7.8,0.17995,0.27707,0.1716,0.00356
"7520",10,-3.88888888888889,0.555555555555555,7.8,0.172,0.26633,0.16594,0.00355
"7521",1.6,-2.77777777777778,0.555555555555555,7.8,0.3252,0.35347,0.11636,0.05292
"7522",2.53333333333333,-2.77777777777778,0.555555555555555,7.8,0.29965,0.40257,0.20243,0.03123
"7523",3.46666666666667,-2.77777777777778,0.555555555555555,7.8,0.27221,0.39322,0.22221,0.02423
"7524",4.4,-2.77777777777778,0.555555555555555,7.8,0.24905,0.373,0.22204,0.02121
"7525",5.33333333333333,-2.77777777777778,0.555555555555555,7.8,0.22997,0.35187,0.21577,0.01937
"7526",6.26666666666667,-2.77777777777778,0.555555555555555,7.8,0.21439,0.33088,0.20293,0.01762
"7527",7.2,-2.77777777777778,0.555555555555555,7.8,0.20205,0.3129,0.19596,0.01704
"7528",8.13333333333333,-2.77777777777778,0.555555555555555,7.8,0.19042,0.29777,0.18651,0.01702
"7529",9.06666666666667,-2.77777777777778,0.555555555555555,7.8,0.18143,0.28373,0.17893,0.01603
"7530",10,-2.77777777777778,0.555555555555555,7.8,0.17294,0.27148,0.17211,0.01603
"7531",1.6,-1.66666666666667,0.555555555555555,7.8,0.37317,0.49764,0.22376,0.12827
"7532",2.53333333333333,-1.66666666666667,0.555555555555555,7.8,0.32062,0.47521,0.27497,0.10212
"7533",3.46666666666667,-1.66666666666667,0.555555555555555,7.8,0.28369,0.43331,0.26343,0.09214
"7534",4.4,-1.66666666666667,0.555555555555555,7.8,0.25568,0.39803,0.2459,0.0875
"7535",5.33333333333333,-1.66666666666667,0.555555555555555,7.8,0.23364,0.36677,0.22772,0.08554
"7536",6.26666666666667,-1.66666666666667,0.555555555555555,7.8,0.21692,0.34156,0.21334,0.08243
"7537",7.2,-1.66666666666667,0.555555555555555,7.8,0.20333,0.31991,0.20226,0.08161
"7538",8.13333333333333,-1.66666666666667,0.555555555555555,7.8,0.1917,0.30228,0.19149,0.07922
"7539",9.06666666666667,-1.66666666666667,0.555555555555555,7.8,0.18202,0.28721,0.18265,0.07956
"7540",10,-1.66666666666667,0.555555555555555,7.8,0.17346,0.27453,0.17415,0.07889
"7541",1.6,-0.555555555555555,0.555555555555555,7.8,0.40697,0.62622,0.37813,0.44692
"7542",2.53333333333333,-0.555555555555555,0.555555555555555,7.8,0.33567,0.52346,0.32954,0.43346
"7543",3.46666666666667,-0.555555555555555,0.555555555555555,7.8,0.29056,0.45548,0.28913,0.4288
"7544",4.4,-0.555555555555555,0.555555555555555,7.8,0.25914,0.40816,0.26138,0.42646
"7545",5.33333333333333,-0.555555555555555,0.555555555555555,7.8,0.23637,0.37235,0.24008,0.42412
"7546",6.26666666666667,-0.555555555555555,0.555555555555555,7.8,0.21922,0.34561,0.22121,0.42337
"7547",7.2,-0.555555555555555,0.555555555555555,7.8,0.20485,0.32401,0.20617,0.42312
"7548",8.13333333333333,-0.555555555555555,0.555555555555555,7.8,0.19285,0.30606,0.19435,0.42294
"7549",9.06666666666667,-0.555555555555555,0.555555555555555,7.8,0.18294,0.2898,0.18396,0.42172
"7550",10,-0.555555555555555,0.555555555555555,7.8,0.17463,0.2764,0.17577,0.42025
"7551",1.6,0.555555555555555,0.555555555555555,7.8,0.40817,0.62815,0.37759,0.44428
"7552",2.53333333333333,0.555555555555555,0.555555555555555,7.8,0.33466,0.52348,0.32805,0.43488
"7553",3.46666666666667,0.555555555555555,0.555555555555555,7.8,0.29112,0.45581,0.29165,0.42917
"7554",4.4,0.555555555555555,0.555555555555555,7.8,0.26039,0.40888,0.26017,0.42689
"7555",5.33333333333333,0.555555555555555,0.555555555555555,7.8,0.2378,0.37417,0.23954,0.42519
"7556",6.26666666666667,0.555555555555555,0.555555555555555,7.8,0.2194,0.34674,0.22253,0.42332
"7557",7.2,0.555555555555555,0.555555555555555,7.8,0.2056,0.32447,0.20513,0.42294
"7558",8.13333333333333,0.555555555555555,0.555555555555555,7.8,0.19392,0.3057,0.19328,0.42178
"7559",9.06666666666667,0.555555555555555,0.555555555555555,7.8,0.18383,0.29078,0.18452,0.42051
"7560",10,0.555555555555555,0.555555555555555,7.8,0.17542,0.27731,0.17601,0.42051
"7561",1.6,1.66666666666667,0.555555555555555,7.8,0.37316,0.50227,0.22355,0.12826
"7562",2.53333333333333,1.66666666666667,0.555555555555555,7.8,0.32117,0.47768,0.27524,0.10093
"7563",3.46666666666667,1.66666666666667,0.555555555555555,7.8,0.2834,0.43305,0.26227,0.0914
"7564",4.4,1.66666666666667,0.555555555555555,7.8,0.25687,0.39596,0.2458,0.08619
"7565",5.33333333333333,1.66666666666667,0.555555555555555,7.8,0.23567,0.36542,0.22994,0.085
"7566",6.26666666666667,1.66666666666667,0.555555555555555,7.8,0.21912,0.34127,0.21557,0.08299
"7567",7.2,1.66666666666667,0.555555555555555,7.8,0.20455,0.32125,0.20428,0.08128
"7568",8.13333333333333,1.66666666666667,0.555555555555555,7.8,0.19292,0.30345,0.19151,0.08032
"7569",9.06666666666667,1.66666666666667,0.555555555555555,7.8,0.18267,0.28895,0.18168,0.07993
"7570",10,1.66666666666667,0.555555555555555,7.8,0.17455,0.27563,0.17415,0.07898
"7571",1.6,2.77777777777778,0.555555555555555,7.8,0.32369,0.35838,0.11452,0.05245
"7572",2.53333333333333,2.77777777777778,0.555555555555555,7.8,0.30008,0.40694,0.20078,0.03003
"7573",3.46666666666667,2.77777777777778,0.555555555555555,7.8,0.27306,0.39667,0.22279,0.02455
"7574",4.4,2.77777777777778,0.555555555555555,7.8,0.24959,0.37457,0.22198,0.0211
"7575",5.33333333333333,2.77777777777778,0.555555555555555,7.8,0.23075,0.35204,0.21382,0.0192
"7576",6.26666666666667,2.77777777777778,0.555555555555555,7.8,0.21491,0.33101,0.20226,0.01754
"7577",7.2,2.77777777777778,0.555555555555555,7.8,0.20216,0.31319,0.19449,0.01736
"7578",8.13333333333333,2.77777777777778,0.555555555555555,7.8,0.19129,0.29819,0.18815,0.0167
"7579",9.06666666666667,2.77777777777778,0.555555555555555,7.8,0.18173,0.28467,0.17771,0.01632
"7580",10,2.77777777777778,0.555555555555555,7.8,0.17337,0.27205,0.1722,0.01599
"7581",1.6,3.88888888888889,0.555555555555555,7.8,0.27834,0.25007,0.06194,0.02715
"7582",2.53333333333333,3.88888888888889,0.555555555555555,7.8,0.27288,0.33097,0.14018,0.01141
"7583",3.46666666666667,3.88888888888889,0.555555555555555,7.8,0.25696,0.34994,0.17881,0.00719
"7584",4.4,3.88888888888889,0.555555555555555,7.8,0.2396,0.34463,0.19339,0.00591
"7585",5.33333333333333,3.88888888888889,0.555555555555555,7.8,0.22456,0.33114,0.1934,0.0049
"7586",6.26666666666667,3.88888888888889,0.555555555555555,7.8,0.21044,0.3172,0.18822,0.00429
"7587",7.2,3.88888888888889,0.555555555555555,7.8,0.19875,0.30286,0.18439,0.00411
"7588",8.13333333333333,3.88888888888889,0.555555555555555,7.8,0.18852,0.28894,0.17743,0.00386
"7589",9.06666666666667,3.88888888888889,0.555555555555555,7.8,0.17959,0.27787,0.17093,0.00361
"7590",10,3.88888888888889,0.555555555555555,7.8,0.1719,0.26768,0.1674,0.00334
"7591",1.6,5,0.555555555555555,7.8,0.23845,0.17943,0.03492,0.01662
"7592",2.53333333333333,5,0.555555555555555,7.8,0.24747,0.2656,0.09701,0.00508
"7593",3.46666666666667,5,0.555555555555555,7.8,0.24081,0.30175,0.14007,0.00274
"7594",4.4,5,0.555555555555555,7.8,0.22897,0.31176,0.16183,0.00174
"7595",5.33333333333333,5,0.555555555555555,7.8,0.21672,0.30843,0.171,0.00148
"7596",6.26666666666667,5,0.555555555555555,7.8,0.20545,0.30044,0.17461,0.00116
"7597",7.2,5,0.555555555555555,7.8,0.19523,0.29045,0.17279,0.00101
"7598",8.13333333333333,5,0.555555555555555,7.8,0.18648,0.27957,0.16806,0.001
"7599",9.06666666666667,5,0.555555555555555,7.8,0.17797,0.26901,0.16575,0.00108
"7600",10,5,0.555555555555555,7.8,0.17018,0.25985,0.15941,0.00079
"7601",1.6,-5,1.66666666666667,7.8,0.23844,0.17683,0.03643,0.01646
"7602",2.53333333333333,-5,1.66666666666667,7.8,0.24701,0.26102,0.09711,0.00507
"7603",3.46666666666667,-5,1.66666666666667,7.8,0.23981,0.29868,0.13954,0.00262
"7604",4.4,-5,1.66666666666667,7.8,0.22901,0.30778,0.16305,0.00189
"7605",5.33333333333333,-5,1.66666666666667,7.8,0.21708,0.30595,0.17388,0.00136
"7606",6.26666666666667,-5,1.66666666666667,7.8,0.206,0.29858,0.17383,0.0012
"7607",7.2,-5,1.66666666666667,7.8,0.19607,0.28831,0.17138,0.00102
"7608",8.13333333333333,-5,1.66666666666667,7.8,0.18586,0.2782,0.168,0.00099
"7609",9.06666666666667,-5,1.66666666666667,7.8,0.17741,0.26897,0.16376,0.001
"7610",10,-5,1.66666666666667,7.8,0.17057,0.25957,0.16062,0.00085
"7611",1.6,-3.88888888888889,1.66666666666667,7.8,0.27807,0.24648,0.06188,0.02647
"7612",2.53333333333333,-3.88888888888889,1.66666666666667,7.8,0.27347,0.32712,0.14119,0.01164
"7613",3.46666666666667,-3.88888888888889,1.66666666666667,7.8,0.25829,0.34522,0.17629,0.00747
"7614",4.4,-3.88888888888889,1.66666666666667,7.8,0.24028,0.34122,0.19254,0.00558
"7615",5.33333333333333,-3.88888888888889,1.66666666666667,7.8,0.2246,0.32953,0.1943,0.00486
"7616",6.26666666666667,-3.88888888888889,1.66666666666667,7.8,0.21085,0.31624,0.19025,0.00443
"7617",7.2,-3.88888888888889,1.66666666666667,7.8,0.19867,0.30273,0.18566,0.00405
"7618",8.13333333333333,-3.88888888888889,1.66666666666667,7.8,0.18857,0.2889,0.17861,0.00368
"7619",9.06666666666667,-3.88888888888889,1.66666666666667,7.8,0.17995,0.27707,0.1719,0.00364
"7620",10,-3.88888888888889,1.66666666666667,7.8,0.172,0.26633,0.16686,0.00355
"7621",1.6,-2.77777777777778,1.66666666666667,7.8,0.3252,0.35347,0.11586,0.05241
"7622",2.53333333333333,-2.77777777777778,1.66666666666667,7.8,0.29965,0.40257,0.20135,0.0313
"7623",3.46666666666667,-2.77777777777778,1.66666666666667,7.8,0.27221,0.39322,0.22304,0.02388
"7624",4.4,-2.77777777777778,1.66666666666667,7.8,0.24905,0.373,0.22214,0.02069
"7625",5.33333333333333,-2.77777777777778,1.66666666666667,7.8,0.22997,0.35187,0.21106,0.01923
"7626",6.26666666666667,-2.77777777777778,1.66666666666667,7.8,0.21439,0.33088,0.20615,0.01777
"7627",7.2,-2.77777777777778,1.66666666666667,7.8,0.20205,0.3129,0.19721,0.01737
"7628",8.13333333333333,-2.77777777777778,1.66666666666667,7.8,0.19042,0.29777,0.18651,0.0168
"7629",9.06666666666667,-2.77777777777778,1.66666666666667,7.8,0.18143,0.28373,0.17986,0.016
"7630",10,-2.77777777777778,1.66666666666667,7.8,0.17294,0.27148,0.17187,0.0156
"7631",1.6,-1.66666666666667,1.66666666666667,7.8,0.37317,0.49764,0.22354,0.12775
"7632",2.53333333333333,-1.66666666666667,1.66666666666667,7.8,0.32062,0.47521,0.27571,0.10139
"7633",3.46666666666667,-1.66666666666667,1.66666666666667,7.8,0.28369,0.43331,0.26389,0.09277
"7634",4.4,-1.66666666666667,1.66666666666667,7.8,0.25568,0.39803,0.24591,0.08772
"7635",5.33333333333333,-1.66666666666667,1.66666666666667,7.8,0.23364,0.36677,0.22893,0.0842
"7636",6.26666666666667,-1.66666666666667,1.66666666666667,7.8,0.21692,0.34156,0.21501,0.0827
"7637",7.2,-1.66666666666667,1.66666666666667,7.8,0.20333,0.31991,0.20299,0.08261
"7638",8.13333333333333,-1.66666666666667,1.66666666666667,7.8,0.1917,0.30228,0.19165,0.08015
"7639",9.06666666666667,-1.66666666666667,1.66666666666667,7.8,0.18202,0.28721,0.18119,0.07972
"7640",10,-1.66666666666667,1.66666666666667,7.8,0.17346,0.27453,0.17507,0.07892
"7641",1.6,-0.555555555555555,1.66666666666667,7.8,0.40697,0.62622,0.37977,0.44529
"7642",2.53333333333333,-0.555555555555555,1.66666666666667,7.8,0.33567,0.52346,0.32678,0.43391
"7643",3.46666666666667,-0.555555555555555,1.66666666666667,7.8,0.29056,0.45548,0.28781,0.42891
"7644",4.4,-0.555555555555555,1.66666666666667,7.8,0.25914,0.40816,0.26117,0.42563
"7645",5.33333333333333,-0.555555555555555,1.66666666666667,7.8,0.23637,0.37235,0.23877,0.42532
"7646",6.26666666666667,-0.555555555555555,1.66666666666667,7.8,0.21922,0.34561,0.22078,0.42404
"7647",7.2,-0.555555555555555,1.66666666666667,7.8,0.20485,0.32401,0.20532,0.42265
"7648",8.13333333333333,-0.555555555555555,1.66666666666667,7.8,0.19285,0.30606,0.19527,0.42266
"7649",9.06666666666667,-0.555555555555555,1.66666666666667,7.8,0.18294,0.2898,0.18425,0.42133
"7650",10,-0.555555555555555,1.66666666666667,7.8,0.17463,0.2764,0.17549,0.4208
"7651",1.6,0.555555555555555,1.66666666666667,7.8,0.40817,0.62815,0.37958,0.44627
"7652",2.53333333333333,0.555555555555555,1.66666666666667,7.8,0.33466,0.52348,0.33048,0.43359
"7653",3.46666666666667,0.555555555555555,1.66666666666667,7.8,0.29112,0.45581,0.28873,0.42822
"7654",4.4,0.555555555555555,1.66666666666667,7.8,0.26039,0.40888,0.25848,0.42567
"7655",5.33333333333333,0.555555555555555,1.66666666666667,7.8,0.2378,0.37417,0.2376,0.42455
"7656",6.26666666666667,0.555555555555555,1.66666666666667,7.8,0.2194,0.34674,0.21837,0.42344
"7657",7.2,0.555555555555555,1.66666666666667,7.8,0.2056,0.32447,0.2066,0.424
"7658",8.13333333333333,0.555555555555555,1.66666666666667,7.8,0.19392,0.3057,0.19538,0.42128
"7659",9.06666666666667,0.555555555555555,1.66666666666667,7.8,0.18383,0.29078,0.18302,0.42119
"7660",10,0.555555555555555,1.66666666666667,7.8,0.17542,0.27731,0.18048,0.42177
"7661",1.6,1.66666666666667,1.66666666666667,7.8,0.37316,0.50227,0.22266,0.12794
"7662",2.53333333333333,1.66666666666667,1.66666666666667,7.8,0.32117,0.47768,0.27297,0.10265
"7663",3.46666666666667,1.66666666666667,1.66666666666667,7.8,0.2834,0.43305,0.26231,0.09211
"7664",4.4,1.66666666666667,1.66666666666667,7.8,0.25687,0.39596,0.24708,0.08762
"7665",5.33333333333333,1.66666666666667,1.66666666666667,7.8,0.23567,0.36542,0.22773,0.08541
"7666",6.26666666666667,1.66666666666667,1.66666666666667,7.8,0.21912,0.34127,0.2142,0.08299
"7667",7.2,1.66666666666667,1.66666666666667,7.8,0.20455,0.32125,0.20276,0.08135
"7668",8.13333333333333,1.66666666666667,1.66666666666667,7.8,0.19292,0.30345,0.19143,0.0803
"7669",9.06666666666667,1.66666666666667,1.66666666666667,7.8,0.18267,0.28895,0.18204,0.07998
"7670",10,1.66666666666667,1.66666666666667,7.8,0.17455,0.27563,0.17515,0.07949
"7671",1.6,2.77777777777778,1.66666666666667,7.8,0.32369,0.35838,0.11574,0.05152
"7672",2.53333333333333,2.77777777777778,1.66666666666667,7.8,0.30008,0.40694,0.20217,0.03067
"7673",3.46666666666667,2.77777777777778,1.66666666666667,7.8,0.27306,0.39667,0.2226,0.02345
"7674",4.4,2.77777777777778,1.66666666666667,7.8,0.24959,0.37457,0.22564,0.02122
"7675",5.33333333333333,2.77777777777778,1.66666666666667,7.8,0.23075,0.35204,0.21255,0.01911
"7676",6.26666666666667,2.77777777777778,1.66666666666667,7.8,0.21491,0.33101,0.20355,0.01793
"7677",7.2,2.77777777777778,1.66666666666667,7.8,0.20216,0.31319,0.19341,0.01691
"7678",8.13333333333333,2.77777777777778,1.66666666666667,7.8,0.19129,0.29819,0.18586,0.01686
"7679",9.06666666666667,2.77777777777778,1.66666666666667,7.8,0.18173,0.28467,0.18051,0.01562
"7680",10,2.77777777777778,1.66666666666667,7.8,0.17337,0.27205,0.17015,0.01584
"7681",1.6,3.88888888888889,1.66666666666667,7.8,0.27834,0.25007,0.06237,0.02623
"7682",2.53333333333333,3.88888888888889,1.66666666666667,7.8,0.27288,0.33097,0.14266,0.01186
"7683",3.46666666666667,3.88888888888889,1.66666666666667,7.8,0.25696,0.34994,0.17864,0.00742
"7684",4.4,3.88888888888889,1.66666666666667,7.8,0.2396,0.34463,0.19344,0.00568
"7685",5.33333333333333,3.88888888888889,1.66666666666667,7.8,0.22456,0.33114,0.19379,0.00448
"7686",6.26666666666667,3.88888888888889,1.66666666666667,7.8,0.21044,0.3172,0.18955,0.00456
"7687",7.2,3.88888888888889,1.66666666666667,7.8,0.19875,0.30286,0.18329,0.00403
"7688",8.13333333333333,3.88888888888889,1.66666666666667,7.8,0.18852,0.28894,0.17694,0.00377
"7689",9.06666666666667,3.88888888888889,1.66666666666667,7.8,0.17959,0.27787,0.17198,0.00384
"7690",10,3.88888888888889,1.66666666666667,7.8,0.1719,0.26768,0.16652,0.00351
"7691",1.6,5,1.66666666666667,7.8,0.23845,0.17943,0.03594,0.01605
"7692",2.53333333333333,5,1.66666666666667,7.8,0.24747,0.2656,0.09656,0.0051
"7693",3.46666666666667,5,1.66666666666667,7.8,0.24081,0.30175,0.14136,0.00262
"7694",4.4,5,1.66666666666667,7.8,0.22897,0.31176,0.16198,0.00185
"7695",5.33333333333333,5,1.66666666666667,7.8,0.21672,0.30843,0.17102,0.00114
"7696",6.26666666666667,5,1.66666666666667,7.8,0.20545,0.30044,0.17425,0.00113
"7697",7.2,5,1.66666666666667,7.8,0.19523,0.29045,0.17121,0.00109
"7698",8.13333333333333,5,1.66666666666667,7.8,0.18648,0.27957,0.16846,0.00095
"7699",9.06666666666667,5,1.66666666666667,7.8,0.17797,0.26901,0.16404,0.00105
"7700",10,5,1.66666666666667,7.8,0.17018,0.25985,0.16041,0.00087
"7701",1.6,-5,2.77777777777778,7.8,0.23844,0.17683,0.03519,0.01667
"7702",2.53333333333333,-5,2.77777777777778,7.8,0.24701,0.26102,0.09568,0.00525
"7703",3.46666666666667,-5,2.77777777777778,7.8,0.23981,0.29868,0.14105,0.00226
"7704",4.4,-5,2.77777777777778,7.8,0.22901,0.30778,0.16201,0.00201
"7705",5.33333333333333,-5,2.77777777777778,7.8,0.21708,0.30595,0.16947,0.00138
"7706",6.26666666666667,-5,2.77777777777778,7.8,0.206,0.29858,0.17519,0.0013
"7707",7.2,-5,2.77777777777778,7.8,0.19607,0.28831,0.17149,0.00106
"7708",8.13333333333333,-5,2.77777777777778,7.8,0.18586,0.2782,0.16743,0.00103
"7709",9.06666666666667,-5,2.77777777777778,7.8,0.17741,0.26897,0.16395,0.00087
"7710",10,-5,2.77777777777778,7.8,0.17057,0.25957,0.15901,0.00097
"7711",1.6,-3.88888888888889,2.77777777777778,7.8,0.27807,0.24648,0.06278,0.02673
"7712",2.53333333333333,-3.88888888888889,2.77777777777778,7.8,0.27347,0.32712,0.14173,0.01173
"7713",3.46666666666667,-3.88888888888889,2.77777777777778,7.8,0.25829,0.34522,0.17739,0.00745
"7714",4.4,-3.88888888888889,2.77777777777778,7.8,0.24028,0.34122,0.19338,0.00572
"7715",5.33333333333333,-3.88888888888889,2.77777777777778,7.8,0.2246,0.32953,0.19472,0.00509
"7716",6.26666666666667,-3.88888888888889,2.77777777777778,7.8,0.21085,0.31624,0.19,0.00448
"7717",7.2,-3.88888888888889,2.77777777777778,7.8,0.19867,0.30273,0.18415,0.00416
"7718",8.13333333333333,-3.88888888888889,2.77777777777778,7.8,0.18857,0.2889,0.17798,0.00382
"7719",9.06666666666667,-3.88888888888889,2.77777777777778,7.8,0.17995,0.27707,0.172,0.00367
"7720",10,-3.88888888888889,2.77777777777778,7.8,0.172,0.26633,0.16667,0.00342
"7721",1.6,-2.77777777777778,2.77777777777778,7.8,0.3252,0.35347,0.11686,0.0522
"7722",2.53333333333333,-2.77777777777778,2.77777777777778,7.8,0.29965,0.40257,0.20275,0.03099
"7723",3.46666666666667,-2.77777777777778,2.77777777777778,7.8,0.27221,0.39322,0.22392,0.02415
"7724",4.4,-2.77777777777778,2.77777777777778,7.8,0.24905,0.373,0.22189,0.02119
"7725",5.33333333333333,-2.77777777777778,2.77777777777778,7.8,0.22997,0.35187,0.21476,0.01888
"7726",6.26666666666667,-2.77777777777778,2.77777777777778,7.8,0.21439,0.33088,0.20434,0.01827
"7727",7.2,-2.77777777777778,2.77777777777778,7.8,0.20205,0.3129,0.19246,0.0173
"7728",8.13333333333333,-2.77777777777778,2.77777777777778,7.8,0.19042,0.29777,0.1867,0.01661
"7729",9.06666666666667,-2.77777777777778,2.77777777777778,7.8,0.18143,0.28373,0.17682,0.01587
"7730",10,-2.77777777777778,2.77777777777778,7.8,0.17294,0.27148,0.17102,0.01608
"7731",1.6,-1.66666666666667,2.77777777777778,7.8,0.37317,0.49764,0.22281,0.12819
"7732",2.53333333333333,-1.66666666666667,2.77777777777778,7.8,0.32062,0.47521,0.27426,0.10198
"7733",3.46666666666667,-1.66666666666667,2.77777777777778,7.8,0.28369,0.43331,0.26244,0.09343
"7734",4.4,-1.66666666666667,2.77777777777778,7.8,0.25568,0.39803,0.24482,0.08744
"7735",5.33333333333333,-1.66666666666667,2.77777777777778,7.8,0.23364,0.36677,0.22907,0.08411
"7736",6.26666666666667,-1.66666666666667,2.77777777777778,7.8,0.21692,0.34156,0.21196,0.08256
"7737",7.2,-1.66666666666667,2.77777777777778,7.8,0.20333,0.31991,0.20263,0.08059
"7738",8.13333333333333,-1.66666666666667,2.77777777777778,7.8,0.1917,0.30228,0.1908,0.07996
"7739",9.06666666666667,-1.66666666666667,2.77777777777778,7.8,0.18202,0.28721,0.1827,0.07985
"7740",10,-1.66666666666667,2.77777777777778,7.8,0.17346,0.27453,0.17486,0.07924
"7741",1.6,-0.555555555555555,2.77777777777778,7.8,0.40697,0.62622,0.37892,0.44538
"7742",2.53333333333333,-0.555555555555555,2.77777777777778,7.8,0.33567,0.52346,0.33086,0.43257
"7743",3.46666666666667,-0.555555555555555,2.77777777777778,7.8,0.29056,0.45548,0.29003,0.4272
"7744",4.4,-0.555555555555555,2.77777777777778,7.8,0.25914,0.40816,0.25945,0.42391
"7745",5.33333333333333,-0.555555555555555,2.77777777777778,7.8,0.23637,0.37235,0.23558,0.42553
"7746",6.26666666666667,-0.555555555555555,2.77777777777778,7.8,0.21922,0.34561,0.21891,0.424
"7747",7.2,-0.555555555555555,2.77777777777778,7.8,0.20485,0.32401,0.20744,0.42288
"7748",8.13333333333333,-0.555555555555555,2.77777777777778,7.8,0.19285,0.30606,0.19419,0.4219
"7749",9.06666666666667,-0.555555555555555,2.77777777777778,7.8,0.18294,0.2898,0.18448,0.42124
"7750",10,-0.555555555555555,2.77777777777778,7.8,0.17463,0.2764,0.17729,0.42163
"7751",1.6,0.555555555555555,2.77777777777778,7.8,0.40817,0.62815,0.37587,0.4455
"7752",2.53333333333333,0.555555555555555,2.77777777777778,7.8,0.33466,0.52348,0.32875,0.43627
"7753",3.46666666666667,0.555555555555555,2.77777777777778,7.8,0.29112,0.45581,0.29018,0.4275
"7754",4.4,0.555555555555555,2.77777777777778,7.8,0.26039,0.40888,0.26049,0.42608
"7755",5.33333333333333,0.555555555555555,2.77777777777778,7.8,0.2378,0.37417,0.23774,0.42523
"7756",6.26666666666667,0.555555555555555,2.77777777777778,7.8,0.2194,0.34674,0.22005,0.42233
"7757",7.2,0.555555555555555,2.77777777777778,7.8,0.2056,0.32447,0.20642,0.42185
"7758",8.13333333333333,0.555555555555555,2.77777777777778,7.8,0.19392,0.3057,0.19442,0.42238
"7759",9.06666666666667,0.555555555555555,2.77777777777778,7.8,0.18383,0.29078,0.18474,0.42168
"7760",10,0.555555555555555,2.77777777777778,7.8,0.17542,0.27731,0.17747,0.42099
"7761",1.6,1.66666666666667,2.77777777777778,7.8,0.37316,0.50227,0.22397,0.12674
"7762",2.53333333333333,1.66666666666667,2.77777777777778,7.8,0.32117,0.47768,0.27439,0.10139
"7763",3.46666666666667,1.66666666666667,2.77777777777778,7.8,0.2834,0.43305,0.26592,0.09222
"7764",4.4,1.66666666666667,2.77777777777778,7.8,0.25687,0.39596,0.24633,0.08722
"7765",5.33333333333333,1.66666666666667,2.77777777777778,7.8,0.23567,0.36542,0.2299,0.08491
"7766",6.26666666666667,1.66666666666667,2.77777777777778,7.8,0.21912,0.34127,0.21386,0.08225
"7767",7.2,1.66666666666667,2.77777777777778,7.8,0.20455,0.32125,0.2012,0.08145
"7768",8.13333333333333,1.66666666666667,2.77777777777778,7.8,0.19292,0.30345,0.19166,0.08082
"7769",9.06666666666667,1.66666666666667,2.77777777777778,7.8,0.18267,0.28895,0.18364,0.08039
"7770",10,1.66666666666667,2.77777777777778,7.8,0.17455,0.27563,0.17337,0.08004
"7771",1.6,2.77777777777778,2.77777777777778,7.8,0.32369,0.35838,0.1166,0.05315
"7772",2.53333333333333,2.77777777777778,2.77777777777778,7.8,0.30008,0.40694,0.20388,0.03056
"7773",3.46666666666667,2.77777777777778,2.77777777777778,7.8,0.27306,0.39667,0.22309,0.02334
"7774",4.4,2.77777777777778,2.77777777777778,7.8,0.24959,0.37457,0.22027,0.02073
"7775",5.33333333333333,2.77777777777778,2.77777777777778,7.8,0.23075,0.35204,0.21202,0.01876
"7776",6.26666666666667,2.77777777777778,2.77777777777778,7.8,0.21491,0.33101,0.20374,0.01775
"7777",7.2,2.77777777777778,2.77777777777778,7.8,0.20216,0.31319,0.19465,0.01722
"7778",8.13333333333333,2.77777777777778,2.77777777777778,7.8,0.19129,0.29819,0.18542,0.01664
"7779",9.06666666666667,2.77777777777778,2.77777777777778,7.8,0.18173,0.28467,0.17965,0.01605
"7780",10,2.77777777777778,2.77777777777778,7.8,0.17337,0.27205,0.17084,0.01539
"7781",1.6,3.88888888888889,2.77777777777778,7.8,0.27834,0.25007,0.06176,0.0272
"7782",2.53333333333333,3.88888888888889,2.77777777777778,7.8,0.27288,0.33097,0.14049,0.01142
"7783",3.46666666666667,3.88888888888889,2.77777777777778,7.8,0.25696,0.34994,0.17842,0.00723
"7784",4.4,3.88888888888889,2.77777777777778,7.8,0.2396,0.34463,0.19141,0.0056
"7785",5.33333333333333,3.88888888888889,2.77777777777778,7.8,0.22456,0.33114,0.19295,0.00515
"7786",6.26666666666667,3.88888888888889,2.77777777777778,7.8,0.21044,0.3172,0.1907,0.00425
"7787",7.2,3.88888888888889,2.77777777777778,7.8,0.19875,0.30286,0.18386,0.00426
"7788",8.13333333333333,3.88888888888889,2.77777777777778,7.8,0.18852,0.28894,0.17837,0.00375
"7789",9.06666666666667,3.88888888888889,2.77777777777778,7.8,0.17959,0.27787,0.17154,0.00344
"7790",10,3.88888888888889,2.77777777777778,7.8,0.1719,0.26768,0.16677,0.00318
"7791",1.6,5,2.77777777777778,7.8,0.23845,0.17943,0.03565,0.01576
"7792",2.53333333333333,5,2.77777777777778,7.8,0.24747,0.2656,0.09661,0.00502
"7793",3.46666666666667,5,2.77777777777778,7.8,0.24081,0.30175,0.14067,0.00257
"7794",4.4,5,2.77777777777778,7.8,0.22897,0.31176,0.16275,0.00175
"7795",5.33333333333333,5,2.77777777777778,7.8,0.21672,0.30843,0.16952,0.00154
"7796",6.26666666666667,5,2.77777777777778,7.8,0.20545,0.30044,0.17317,0.00122
"7797",7.2,5,2.77777777777778,7.8,0.19523,0.29045,0.1726,0.00107
"7798",8.13333333333333,5,2.77777777777778,7.8,0.18648,0.27957,0.16871,0.00102
"7799",9.06666666666667,5,2.77777777777778,7.8,0.17797,0.26901,0.16448,0.00101
"7800",10,5,2.77777777777778,7.8,0.17018,0.25985,0.16186,8e-04
"7801",1.6,-5,3.88888888888889,7.8,0.23844,0.17683,0.03622,0.01618
"7802",2.53333333333333,-5,3.88888888888889,7.8,0.24701,0.26102,0.09625,0.00522
"7803",3.46666666666667,-5,3.88888888888889,7.8,0.23981,0.29868,0.13895,0.0025
"7804",4.4,-5,3.88888888888889,7.8,0.22901,0.30778,0.16278,0.00205
"7805",5.33333333333333,-5,3.88888888888889,7.8,0.21708,0.30595,0.17114,0.00135
"7806",6.26666666666667,-5,3.88888888888889,7.8,0.206,0.29858,0.17231,0.00138
"7807",7.2,-5,3.88888888888889,7.8,0.19607,0.28831,0.17186,0.00105
"7808",8.13333333333333,-5,3.88888888888889,7.8,0.18586,0.2782,0.17116,0.00091
"7809",9.06666666666667,-5,3.88888888888889,7.8,0.17741,0.26897,0.1664,0.00093
"7810",10,-5,3.88888888888889,7.8,0.17057,0.25957,0.15941,0.00079
"7811",1.6,-3.88888888888889,3.88888888888889,7.8,0.27807,0.24648,0.06177,0.0266
"7812",2.53333333333333,-3.88888888888889,3.88888888888889,7.8,0.27347,0.32712,0.14063,0.01146
"7813",3.46666666666667,-3.88888888888889,3.88888888888889,7.8,0.25829,0.34522,0.17995,0.00736
"7814",4.4,-3.88888888888889,3.88888888888889,7.8,0.24028,0.34122,0.1947,0.00607
"7815",5.33333333333333,-3.88888888888889,3.88888888888889,7.8,0.2246,0.32953,0.19273,0.00505
"7816",6.26666666666667,-3.88888888888889,3.88888888888889,7.8,0.21085,0.31624,0.18872,0.00451
"7817",7.2,-3.88888888888889,3.88888888888889,7.8,0.19867,0.30273,0.18382,0.00393
"7818",8.13333333333333,-3.88888888888889,3.88888888888889,7.8,0.18857,0.2889,0.17534,0.00388
"7819",9.06666666666667,-3.88888888888889,3.88888888888889,7.8,0.17995,0.27707,0.17123,0.00366
"7820",10,-3.88888888888889,3.88888888888889,7.8,0.172,0.26633,0.16615,0.00333
"7821",1.6,-2.77777777777778,3.88888888888889,7.8,0.3252,0.35347,0.11591,0.05222
"7822",2.53333333333333,-2.77777777777778,3.88888888888889,7.8,0.29965,0.40257,0.20069,0.03102
"7823",3.46666666666667,-2.77777777777778,3.88888888888889,7.8,0.27221,0.39322,0.2238,0.02355
"7824",4.4,-2.77777777777778,3.88888888888889,7.8,0.24905,0.373,0.22013,0.02067
"7825",5.33333333333333,-2.77777777777778,3.88888888888889,7.8,0.22997,0.35187,0.21317,0.01918
"7826",6.26666666666667,-2.77777777777778,3.88888888888889,7.8,0.21439,0.33088,0.20467,0.01781
"7827",7.2,-2.77777777777778,3.88888888888889,7.8,0.20205,0.3129,0.19487,0.0172
"7828",8.13333333333333,-2.77777777777778,3.88888888888889,7.8,0.19042,0.29777,0.18677,0.01616
"7829",9.06666666666667,-2.77777777777778,3.88888888888889,7.8,0.18143,0.28373,0.17804,0.01593
"7830",10,-2.77777777777778,3.88888888888889,7.8,0.17294,0.27148,0.17146,0.01586
"7831",1.6,-1.66666666666667,3.88888888888889,7.8,0.37317,0.49764,0.22344,0.1272
"7832",2.53333333333333,-1.66666666666667,3.88888888888889,7.8,0.32062,0.47521,0.27473,0.10165
"7833",3.46666666666667,-1.66666666666667,3.88888888888889,7.8,0.28369,0.43331,0.26138,0.09188
"7834",4.4,-1.66666666666667,3.88888888888889,7.8,0.25568,0.39803,0.24347,0.0884
"7835",5.33333333333333,-1.66666666666667,3.88888888888889,7.8,0.23364,0.36677,0.22909,0.08501
"7836",6.26666666666667,-1.66666666666667,3.88888888888889,7.8,0.21692,0.34156,0.21626,0.08191
"7837",7.2,-1.66666666666667,3.88888888888889,7.8,0.20333,0.31991,0.20278,0.08251
"7838",8.13333333333333,-1.66666666666667,3.88888888888889,7.8,0.1917,0.30228,0.19152,0.08179
"7839",9.06666666666667,-1.66666666666667,3.88888888888889,7.8,0.18202,0.28721,0.18201,0.08001
"7840",10,-1.66666666666667,3.88888888888889,7.8,0.17346,0.27453,0.17467,0.07958
"7841",1.6,-0.555555555555555,3.88888888888889,7.8,0.40697,0.62622,0.37874,0.44725
"7842",2.53333333333333,-0.555555555555555,3.88888888888889,7.8,0.33567,0.52346,0.32871,0.4335
"7843",3.46666666666667,-0.555555555555555,3.88888888888889,7.8,0.29056,0.45548,0.28832,0.42846
"7844",4.4,-0.555555555555555,3.88888888888889,7.8,0.25914,0.40816,0.26019,0.42609
"7845",5.33333333333333,-0.555555555555555,3.88888888888889,7.8,0.23637,0.37235,0.23621,0.42362
"7846",6.26666666666667,-0.555555555555555,3.88888888888889,7.8,0.21922,0.34561,0.22008,0.42371
"7847",7.2,-0.555555555555555,3.88888888888889,7.8,0.20485,0.32401,0.20557,0.42267
"7848",8.13333333333333,-0.555555555555555,3.88888888888889,7.8,0.19285,0.30606,0.19381,0.42215
"7849",9.06666666666667,-0.555555555555555,3.88888888888889,7.8,0.18294,0.2898,0.18533,0.42118
"7850",10,-0.555555555555555,3.88888888888889,7.8,0.17463,0.2764,0.17712,0.42153
"7851",1.6,0.555555555555555,3.88888888888889,7.8,0.40817,0.62815,0.37973,0.44581
"7852",2.53333333333333,0.555555555555555,3.88888888888889,7.8,0.33466,0.52348,0.33077,0.43357
"7853",3.46666666666667,0.555555555555555,3.88888888888889,7.8,0.29112,0.45581,0.28971,0.4287
"7854",4.4,0.555555555555555,3.88888888888889,7.8,0.26039,0.40888,0.26136,0.4269
"7855",5.33333333333333,0.555555555555555,3.88888888888889,7.8,0.2378,0.37417,0.23696,0.42488
"7856",6.26666666666667,0.555555555555555,3.88888888888889,7.8,0.2194,0.34674,0.22142,0.42381
"7857",7.2,0.555555555555555,3.88888888888889,7.8,0.2056,0.32447,0.20752,0.42287
"7858",8.13333333333333,0.555555555555555,3.88888888888889,7.8,0.19392,0.3057,0.19682,0.42207
"7859",9.06666666666667,0.555555555555555,3.88888888888889,7.8,0.18383,0.29078,0.18553,0.42246
"7860",10,0.555555555555555,3.88888888888889,7.8,0.17542,0.27731,0.17551,0.42151
"7861",1.6,1.66666666666667,3.88888888888889,7.8,0.37316,0.50227,0.2245,0.12764
"7862",2.53333333333333,1.66666666666667,3.88888888888889,7.8,0.32117,0.47768,0.27409,0.10212
"7863",3.46666666666667,1.66666666666667,3.88888888888889,7.8,0.2834,0.43305,0.26388,0.09194
"7864",4.4,1.66666666666667,3.88888888888889,7.8,0.25687,0.39596,0.24245,0.08786
"7865",5.33333333333333,1.66666666666667,3.88888888888889,7.8,0.23567,0.36542,0.22911,0.08546
"7866",6.26666666666667,1.66666666666667,3.88888888888889,7.8,0.21912,0.34127,0.21452,0.08223
"7867",7.2,1.66666666666667,3.88888888888889,7.8,0.20455,0.32125,0.20302,0.0815
"7868",8.13333333333333,1.66666666666667,3.88888888888889,7.8,0.19292,0.30345,0.1929,0.0805
"7869",9.06666666666667,1.66666666666667,3.88888888888889,7.8,0.18267,0.28895,0.17946,0.08
"7870",10,1.66666666666667,3.88888888888889,7.8,0.17455,0.27563,0.17525,0.07864
"7871",1.6,2.77777777777778,3.88888888888889,7.8,0.32369,0.35838,0.11688,0.05297
"7872",2.53333333333333,2.77777777777778,3.88888888888889,7.8,0.30008,0.40694,0.20128,0.03176
"7873",3.46666666666667,2.77777777777778,3.88888888888889,7.8,0.27306,0.39667,0.22348,0.02385
"7874",4.4,2.77777777777778,3.88888888888889,7.8,0.24959,0.37457,0.22401,0.02068
"7875",5.33333333333333,2.77777777777778,3.88888888888889,7.8,0.23075,0.35204,0.21265,0.01976
"7876",6.26666666666667,2.77777777777778,3.88888888888889,7.8,0.21491,0.33101,0.20323,0.01835
"7877",7.2,2.77777777777778,3.88888888888889,7.8,0.20216,0.31319,0.19272,0.01731
"7878",8.13333333333333,2.77777777777778,3.88888888888889,7.8,0.19129,0.29819,0.18375,0.01636
"7879",9.06666666666667,2.77777777777778,3.88888888888889,7.8,0.18173,0.28467,0.17753,0.01637
"7880",10,2.77777777777778,3.88888888888889,7.8,0.17337,0.27205,0.1705,0.01618
"7881",1.6,3.88888888888889,3.88888888888889,7.8,0.27834,0.25007,0.06196,0.027
"7882",2.53333333333333,3.88888888888889,3.88888888888889,7.8,0.27288,0.33097,0.14002,0.01231
"7883",3.46666666666667,3.88888888888889,3.88888888888889,7.8,0.25696,0.34994,0.18052,0.00746
"7884",4.4,3.88888888888889,3.88888888888889,7.8,0.2396,0.34463,0.19372,0.00591
"7885",5.33333333333333,3.88888888888889,3.88888888888889,7.8,0.22456,0.33114,0.19319,0.00483
"7886",6.26666666666667,3.88888888888889,3.88888888888889,7.8,0.21044,0.3172,0.18981,0.00453
"7887",7.2,3.88888888888889,3.88888888888889,7.8,0.19875,0.30286,0.18416,0.00411
"7888",8.13333333333333,3.88888888888889,3.88888888888889,7.8,0.18852,0.28894,0.17595,0.0036
"7889",9.06666666666667,3.88888888888889,3.88888888888889,7.8,0.17959,0.27787,0.17334,0.00366
"7890",10,3.88888888888889,3.88888888888889,7.8,0.1719,0.26768,0.16475,0.00353
"7891",1.6,5,3.88888888888889,7.8,0.23845,0.17943,0.03438,0.01637
"7892",2.53333333333333,5,3.88888888888889,7.8,0.24747,0.2656,0.09716,0.0051
"7893",3.46666666666667,5,3.88888888888889,7.8,0.24081,0.30175,0.14147,0.00268
"7894",4.4,5,3.88888888888889,7.8,0.22897,0.31176,0.16294,0.00192
"7895",5.33333333333333,5,3.88888888888889,7.8,0.21672,0.30843,0.17031,0.00127
"7896",6.26666666666667,5,3.88888888888889,7.8,0.20545,0.30044,0.17306,0.00132
"7897",7.2,5,3.88888888888889,7.8,0.19523,0.29045,0.17173,0.00103
"7898",8.13333333333333,5,3.88888888888889,7.8,0.18648,0.27957,0.16968,0.00085
"7899",9.06666666666667,5,3.88888888888889,7.8,0.17797,0.26901,0.16382,0.00094
"7900",10,5,3.88888888888889,7.8,0.17018,0.25985,0.16055,0.00081
"7901",1.6,-5,5,7.8,0.23844,0.17683,0.03523,0.01666
"7902",2.53333333333333,-5,5,7.8,0.24701,0.26102,0.09766,0.00521
"7903",3.46666666666667,-5,5,7.8,0.23981,0.29868,0.14046,0.00272
"7904",4.4,-5,5,7.8,0.22901,0.30778,0.16177,0.00192
"7905",5.33333333333333,-5,5,7.8,0.21708,0.30595,0.17164,0.00125
"7906",6.26666666666667,-5,5,7.8,0.206,0.29858,0.17221,0.00121
"7907",7.2,-5,5,7.8,0.19607,0.28831,0.1729,0.00111
"7908",8.13333333333333,-5,5,7.8,0.18586,0.2782,0.16745,0.00092
"7909",9.06666666666667,-5,5,7.8,0.17741,0.26897,0.16492,0.00096
"7910",10,-5,5,7.8,0.17057,0.25957,0.16257,0.00075
"7911",1.6,-3.88888888888889,5,7.8,0.27807,0.24648,0.06213,0.0269
"7912",2.53333333333333,-3.88888888888889,5,7.8,0.27347,0.32712,0.13922,0.01123
"7913",3.46666666666667,-3.88888888888889,5,7.8,0.25829,0.34522,0.1786,0.00774
"7914",4.4,-3.88888888888889,5,7.8,0.24028,0.34122,0.19168,0.00596
"7915",5.33333333333333,-3.88888888888889,5,7.8,0.2246,0.32953,0.19413,0.0049
"7916",6.26666666666667,-3.88888888888889,5,7.8,0.21085,0.31624,0.1899,0.0043
"7917",7.2,-3.88888888888889,5,7.8,0.19867,0.30273,0.18419,0.00406
"7918",8.13333333333333,-3.88888888888889,5,7.8,0.18857,0.2889,0.17829,0.00376
"7919",9.06666666666667,-3.88888888888889,5,7.8,0.17995,0.27707,0.17197,0.00351
"7920",10,-3.88888888888889,5,7.8,0.172,0.26633,0.16602,0.00333
"7921",1.6,-2.77777777777778,5,7.8,0.3252,0.35347,0.11624,0.05185
"7922",2.53333333333333,-2.77777777777778,5,7.8,0.29965,0.40257,0.20221,0.03111
"7923",3.46666666666667,-2.77777777777778,5,7.8,0.27221,0.39322,0.2216,0.02465
"7924",4.4,-2.77777777777778,5,7.8,0.24905,0.373,0.22224,0.02078
"7925",5.33333333333333,-2.77777777777778,5,7.8,0.22997,0.35187,0.21368,0.01974
"7926",6.26666666666667,-2.77777777777778,5,7.8,0.21439,0.33088,0.20537,0.01809
"7927",7.2,-2.77777777777778,5,7.8,0.20205,0.3129,0.19433,0.01697
"7928",8.13333333333333,-2.77777777777778,5,7.8,0.19042,0.29777,0.1859,0.01662
"7929",9.06666666666667,-2.77777777777778,5,7.8,0.18143,0.28373,0.17873,0.01655
"7930",10,-2.77777777777778,5,7.8,0.17294,0.27148,0.17137,0.01575
"7931",1.6,-1.66666666666667,5,7.8,0.37317,0.49764,0.22308,0.1282
"7932",2.53333333333333,-1.66666666666667,5,7.8,0.32062,0.47521,0.2733,0.10219
"7933",3.46666666666667,-1.66666666666667,5,7.8,0.28369,0.43331,0.2643,0.09171
"7934",4.4,-1.66666666666667,5,7.8,0.25568,0.39803,0.24531,0.08786
"7935",5.33333333333333,-1.66666666666667,5,7.8,0.23364,0.36677,0.22885,0.08433
"7936",6.26666666666667,-1.66666666666667,5,7.8,0.21692,0.34156,0.21396,0.08346
"7937",7.2,-1.66666666666667,5,7.8,0.20333,0.31991,0.20186,0.08147
"7938",8.13333333333333,-1.66666666666667,5,7.8,0.1917,0.30228,0.19065,0.08014
"7939",9.06666666666667,-1.66666666666667,5,7.8,0.18202,0.28721,0.17979,0.0792
"7940",10,-1.66666666666667,5,7.8,0.17346,0.27453,0.17378,0.07855
"7941",1.6,-0.555555555555555,5,7.8,0.40697,0.62622,0.3799,0.44607
"7942",2.53333333333333,-0.555555555555555,5,7.8,0.33567,0.52346,0.32933,0.43313
"7943",3.46666666666667,-0.555555555555555,5,7.8,0.29056,0.45548,0.28714,0.42815
"7944",4.4,-0.555555555555555,5,7.8,0.25914,0.40816,0.25692,0.42651
"7945",5.33333333333333,-0.555555555555555,5,7.8,0.23637,0.37235,0.23871,0.42512
"7946",6.26666666666667,-0.555555555555555,5,7.8,0.21922,0.34561,0.21997,0.42312
"7947",7.2,-0.555555555555555,5,7.8,0.20485,0.32401,0.20727,0.42232
"7948",8.13333333333333,-0.555555555555555,5,7.8,0.19285,0.30606,0.19631,0.42171
"7949",9.06666666666667,-0.555555555555555,5,7.8,0.18294,0.2898,0.18507,0.42088
"7950",10,-0.555555555555555,5,7.8,0.17463,0.2764,0.1749,0.42068
"7951",1.6,0.555555555555555,5,7.8,0.40817,0.62815,0.37828,0.44549
"7952",2.53333333333333,0.555555555555555,5,7.8,0.33466,0.52348,0.32995,0.43545
"7953",3.46666666666667,0.555555555555555,5,7.8,0.29112,0.45581,0.28725,0.42998
"7954",4.4,0.555555555555555,5,7.8,0.26039,0.40888,0.25843,0.42584
"7955",5.33333333333333,0.555555555555555,5,7.8,0.2378,0.37417,0.23689,0.42533
"7956",6.26666666666667,0.555555555555555,5,7.8,0.2194,0.34674,0.2215,0.42409
"7957",7.2,0.555555555555555,5,7.8,0.2056,0.32447,0.2048,0.42247
"7958",8.13333333333333,0.555555555555555,5,7.8,0.19392,0.3057,0.1963,0.42225
"7959",9.06666666666667,0.555555555555555,5,7.8,0.18383,0.29078,0.18539,0.42182
"7960",10,0.555555555555555,5,7.8,0.17542,0.27731,0.17456,0.42102
"7961",1.6,1.66666666666667,5,7.8,0.37316,0.50227,0.22345,0.12875
"7962",2.53333333333333,1.66666666666667,5,7.8,0.32117,0.47768,0.27617,0.10188
"7963",3.46666666666667,1.66666666666667,5,7.8,0.2834,0.43305,0.2632,0.09283
"7964",4.4,1.66666666666667,5,7.8,0.25687,0.39596,0.24756,0.08716
"7965",5.33333333333333,1.66666666666667,5,7.8,0.23567,0.36542,0.22909,0.08419
"7966",6.26666666666667,1.66666666666667,5,7.8,0.21912,0.34127,0.21506,0.08309
"7967",7.2,1.66666666666667,5,7.8,0.20455,0.32125,0.20263,0.08199
"7968",8.13333333333333,1.66666666666667,5,7.8,0.19292,0.30345,0.19051,0.08064
"7969",9.06666666666667,1.66666666666667,5,7.8,0.18267,0.28895,0.18349,0.07991
"7970",10,1.66666666666667,5,7.8,0.17455,0.27563,0.17405,0.07931
"7971",1.6,2.77777777777778,5,7.8,0.32369,0.35838,0.11686,0.0527
"7972",2.53333333333333,2.77777777777778,5,7.8,0.30008,0.40694,0.20124,0.0308
"7973",3.46666666666667,2.77777777777778,5,7.8,0.27306,0.39667,0.22314,0.02412
"7974",4.4,2.77777777777778,5,7.8,0.24959,0.37457,0.22139,0.02075
"7975",5.33333333333333,2.77777777777778,5,7.8,0.23075,0.35204,0.21134,0.01903
"7976",6.26666666666667,2.77777777777778,5,7.8,0.21491,0.33101,0.20462,0.01794
"7977",7.2,2.77777777777778,5,7.8,0.20216,0.31319,0.19455,0.01671
"7978",8.13333333333333,2.77777777777778,5,7.8,0.19129,0.29819,0.18528,0.01642
"7979",9.06666666666667,2.77777777777778,5,7.8,0.18173,0.28467,0.17925,0.01584
"7980",10,2.77777777777778,5,7.8,0.17337,0.27205,0.17027,0.016
"7981",1.6,3.88888888888889,5,7.8,0.27834,0.25007,0.06215,0.02787
"7982",2.53333333333333,3.88888888888889,5,7.8,0.27288,0.33097,0.14069,0.01153
"7983",3.46666666666667,3.88888888888889,5,7.8,0.25696,0.34994,0.17868,0.00735
"7984",4.4,3.88888888888889,5,7.8,0.2396,0.34463,0.19362,0.00568
"7985",5.33333333333333,3.88888888888889,5,7.8,0.22456,0.33114,0.1934,0.00462
"7986",6.26666666666667,3.88888888888889,5,7.8,0.21044,0.3172,0.18899,0.00427
"7987",7.2,3.88888888888889,5,7.8,0.19875,0.30286,0.1854,0.00398
"7988",8.13333333333333,3.88888888888889,5,7.8,0.18852,0.28894,0.17791,0.00395
"7989",9.06666666666667,3.88888888888889,5,7.8,0.17959,0.27787,0.17316,0.00362
"7990",10,3.88888888888889,5,7.8,0.1719,0.26768,0.16501,0.00363
"7991",1.6,5,5,7.8,0.23845,0.17943,0.03484,0.01627
"7992",2.53333333333333,5,5,7.8,0.24747,0.2656,0.0959,0.00473
"7993",3.46666666666667,5,5,7.8,0.24081,0.30175,0.1398,0.00267
"7994",4.4,5,5,7.8,0.22897,0.31176,0.16147,0.00174
"7995",5.33333333333333,5,5,7.8,0.21672,0.30843,0.17209,0.00156
"7996",6.26666666666667,5,5,7.8,0.20545,0.30044,0.17271,0.00136
"7997",7.2,5,5,7.8,0.19523,0.29045,0.17253,0.0011
"7998",8.13333333333333,5,5,7.8,0.18648,0.27957,0.16993,0.00083
"7999",9.06666666666667,5,5,7.8,0.17797,0.26901,0.16411,0.00073
"8000",10,5,5,7.8,0.17018,0.25985,0.16135,0.00087
"8001",1.6,-5,-5,8.9,0.23844,0.17683,0.03538,0.01584
"8002",2.53333333333333,-5,-5,8.9,0.24701,0.26102,0.0974,0.00505
"8003",3.46666666666667,-5,-5,8.9,0.23981,0.29868,0.14156,0.00279
"8004",4.4,-5,-5,8.9,0.22901,0.30778,0.1626,0.00182
"8005",5.33333333333333,-5,-5,8.9,0.21708,0.30595,0.172,0.00132
"8006",6.26666666666667,-5,-5,8.9,0.206,0.29858,0.17159,0.00135
"8007",7.2,-5,-5,8.9,0.19607,0.28831,0.17026,0.0011
"8008",8.13333333333333,-5,-5,8.9,0.18586,0.2782,0.16732,0.00082
"8009",9.06666666666667,-5,-5,8.9,0.17741,0.26897,0.16469,0.00102
"8010",10,-5,-5,8.9,0.17057,0.25957,0.16091,0.00073
"8011",1.6,-3.88888888888889,-5,8.9,0.27807,0.24648,0.06205,0.02711
"8012",2.53333333333333,-3.88888888888889,-5,8.9,0.27347,0.32712,0.14007,0.01198
"8013",3.46666666666667,-3.88888888888889,-5,8.9,0.25829,0.34522,0.1802,0.00725
"8014",4.4,-3.88888888888889,-5,8.9,0.24028,0.34122,0.19229,0.00563
"8015",5.33333333333333,-3.88888888888889,-5,8.9,0.2246,0.32953,0.19474,0.00493
"8016",6.26666666666667,-3.88888888888889,-5,8.9,0.21085,0.31624,0.18917,0.00457
"8017",7.2,-3.88888888888889,-5,8.9,0.19867,0.30273,0.18417,0.0037
"8018",8.13333333333333,-3.88888888888889,-5,8.9,0.18857,0.2889,0.17867,0.00367
"8019",9.06666666666667,-3.88888888888889,-5,8.9,0.17995,0.27707,0.17276,0.00365
"8020",10,-3.88888888888889,-5,8.9,0.172,0.26633,0.16425,0.00329
"8021",1.6,-2.77777777777778,-5,8.9,0.3252,0.35347,0.11527,0.05249
"8022",2.53333333333333,-2.77777777777778,-5,8.9,0.29965,0.40257,0.20172,0.03066
"8023",3.46666666666667,-2.77777777777778,-5,8.9,0.27221,0.39322,0.22243,0.02509
"8024",4.4,-2.77777777777778,-5,8.9,0.24905,0.373,0.22114,0.02145
"8025",5.33333333333333,-2.77777777777778,-5,8.9,0.22997,0.35187,0.2117,0.01899
"8026",6.26666666666667,-2.77777777777778,-5,8.9,0.21439,0.33088,0.20545,0.01755
"8027",7.2,-2.77777777777778,-5,8.9,0.20205,0.3129,0.19553,0.01689
"8028",8.13333333333333,-2.77777777777778,-5,8.9,0.19042,0.29777,0.18646,0.01659
"8029",9.06666666666667,-2.77777777777778,-5,8.9,0.18143,0.28373,0.17818,0.01567
"8030",10,-2.77777777777778,-5,8.9,0.17294,0.27148,0.16973,0.016
"8031",1.6,-1.66666666666667,-5,8.9,0.37317,0.49764,0.22465,0.12777
"8032",2.53333333333333,-1.66666666666667,-5,8.9,0.32062,0.47521,0.27454,0.102
"8033",3.46666666666667,-1.66666666666667,-5,8.9,0.28369,0.43331,0.26413,0.09205
"8034",4.4,-1.66666666666667,-5,8.9,0.25568,0.39803,0.24669,0.08719
"8035",5.33333333333333,-1.66666666666667,-5,8.9,0.23364,0.36677,0.22831,0.08424
"8036",6.26666666666667,-1.66666666666667,-5,8.9,0.21692,0.34156,0.21376,0.08324
"8037",7.2,-1.66666666666667,-5,8.9,0.20333,0.31991,0.20358,0.08174
"8038",8.13333333333333,-1.66666666666667,-5,8.9,0.1917,0.30228,0.19048,0.08066
"8039",9.06666666666667,-1.66666666666667,-5,8.9,0.18202,0.28721,0.18355,0.07998
"8040",10,-1.66666666666667,-5,8.9,0.17346,0.27453,0.17564,0.07933
"8041",1.6,-0.555555555555555,-5,8.9,0.40697,0.62622,0.37996,0.44588
"8042",2.53333333333333,-0.555555555555555,-5,8.9,0.33567,0.52346,0.33183,0.43466
"8043",3.46666666666667,-0.555555555555555,-5,8.9,0.29056,0.45548,0.28864,0.42932
"8044",4.4,-0.555555555555555,-5,8.9,0.25914,0.40816,0.26003,0.42646
"8045",5.33333333333333,-0.555555555555555,-5,8.9,0.23637,0.37235,0.23612,0.4243
"8046",6.26666666666667,-0.555555555555555,-5,8.9,0.21922,0.34561,0.22007,0.42477
"8047",7.2,-0.555555555555555,-5,8.9,0.20485,0.32401,0.20581,0.42163
"8048",8.13333333333333,-0.555555555555555,-5,8.9,0.19285,0.30606,0.1938,0.42158
"8049",9.06666666666667,-0.555555555555555,-5,8.9,0.18294,0.2898,0.1842,0.42166
"8050",10,-0.555555555555555,-5,8.9,0.17463,0.2764,0.17589,0.42138
"8051",1.6,0.555555555555555,-5,8.9,0.40817,0.62815,0.37789,0.44542
"8052",2.53333333333333,0.555555555555555,-5,8.9,0.33466,0.52348,0.32976,0.43452
"8053",3.46666666666667,0.555555555555555,-5,8.9,0.29112,0.45581,0.28936,0.42887
"8054",4.4,0.555555555555555,-5,8.9,0.26039,0.40888,0.2606,0.42687
"8055",5.33333333333333,0.555555555555555,-5,8.9,0.2378,0.37417,0.23635,0.42338
"8056",6.26666666666667,0.555555555555555,-5,8.9,0.2194,0.34674,0.22094,0.42252
"8057",7.2,0.555555555555555,-5,8.9,0.2056,0.32447,0.20631,0.42293
"8058",8.13333333333333,0.555555555555555,-5,8.9,0.19392,0.3057,0.19517,0.42152
"8059",9.06666666666667,0.555555555555555,-5,8.9,0.18383,0.29078,0.18579,0.42128
"8060",10,0.555555555555555,-5,8.9,0.17542,0.27731,0.17407,0.42187
"8061",1.6,1.66666666666667,-5,8.9,0.37316,0.50227,0.22324,0.12804
"8062",2.53333333333333,1.66666666666667,-5,8.9,0.32117,0.47768,0.27322,0.10075
"8063",3.46666666666667,1.66666666666667,-5,8.9,0.2834,0.43305,0.26591,0.09272
"8064",4.4,1.66666666666667,-5,8.9,0.25687,0.39596,0.24632,0.08779
"8065",5.33333333333333,1.66666666666667,-5,8.9,0.23567,0.36542,0.22892,0.08485
"8066",6.26666666666667,1.66666666666667,-5,8.9,0.21912,0.34127,0.21571,0.08374
"8067",7.2,1.66666666666667,-5,8.9,0.20455,0.32125,0.2041,0.08089
"8068",8.13333333333333,1.66666666666667,-5,8.9,0.19292,0.30345,0.19033,0.08083
"8069",9.06666666666667,1.66666666666667,-5,8.9,0.18267,0.28895,0.18429,0.07944
"8070",10,1.66666666666667,-5,8.9,0.17455,0.27563,0.17324,0.07918
"8071",1.6,2.77777777777778,-5,8.9,0.32369,0.35838,0.11642,0.05196
"8072",2.53333333333333,2.77777777777778,-5,8.9,0.30008,0.40694,0.20519,0.03061
"8073",3.46666666666667,2.77777777777778,-5,8.9,0.27306,0.39667,0.22236,0.02374
"8074",4.4,2.77777777777778,-5,8.9,0.24959,0.37457,0.22178,0.02087
"8075",5.33333333333333,2.77777777777778,-5,8.9,0.23075,0.35204,0.2148,0.01921
"8076",6.26666666666667,2.77777777777778,-5,8.9,0.21491,0.33101,0.20329,0.01829
"8077",7.2,2.77777777777778,-5,8.9,0.20216,0.31319,0.19642,0.01725
"8078",8.13333333333333,2.77777777777778,-5,8.9,0.19129,0.29819,0.18651,0.01645
"8079",9.06666666666667,2.77777777777778,-5,8.9,0.18173,0.28467,0.17786,0.01616
"8080",10,2.77777777777778,-5,8.9,0.17337,0.27205,0.17013,0.0154
"8081",1.6,3.88888888888889,-5,8.9,0.27834,0.25007,0.06188,0.027
"8082",2.53333333333333,3.88888888888889,-5,8.9,0.27288,0.33097,0.13969,0.01202
"8083",3.46666666666667,3.88888888888889,-5,8.9,0.25696,0.34994,0.17908,0.00758
"8084",4.4,3.88888888888889,-5,8.9,0.2396,0.34463,0.19266,0.00566
"8085",5.33333333333333,3.88888888888889,-5,8.9,0.22456,0.33114,0.19344,0.00481
"8086",6.26666666666667,3.88888888888889,-5,8.9,0.21044,0.3172,0.18987,0.0045
"8087",7.2,3.88888888888889,-5,8.9,0.19875,0.30286,0.18401,0.0041
"8088",8.13333333333333,3.88888888888889,-5,8.9,0.18852,0.28894,0.18001,0.00366
"8089",9.06666666666667,3.88888888888889,-5,8.9,0.17959,0.27787,0.17291,0.00367
"8090",10,3.88888888888889,-5,8.9,0.1719,0.26768,0.16672,0.00353
"8091",1.6,5,-5,8.9,0.23845,0.17943,0.03606,0.017
"8092",2.53333333333333,5,-5,8.9,0.24747,0.2656,0.09676,0.00507
"8093",3.46666666666667,5,-5,8.9,0.24081,0.30175,0.13874,0.00269
"8094",4.4,5,-5,8.9,0.22897,0.31176,0.16282,0.00176
"8095",5.33333333333333,5,-5,8.9,0.21672,0.30843,0.17249,0.00149
"8096",6.26666666666667,5,-5,8.9,0.20545,0.30044,0.17254,0.00124
"8097",7.2,5,-5,8.9,0.19523,0.29045,0.17307,0.00108
"8098",8.13333333333333,5,-5,8.9,0.18648,0.27957,0.16722,0.00086
"8099",9.06666666666667,5,-5,8.9,0.17797,0.26901,0.16458,0.00088
"8100",10,5,-5,8.9,0.17018,0.25985,0.16084,0.00076
"8101",1.6,-5,-3.88888888888889,8.9,0.23844,0.17683,0.03609,0.01635
"8102",2.53333333333333,-5,-3.88888888888889,8.9,0.24701,0.26102,0.09647,0.00525
"8103",3.46666666666667,-5,-3.88888888888889,8.9,0.23981,0.29868,0.13944,0.00272
"8104",4.4,-5,-3.88888888888889,8.9,0.22901,0.30778,0.16226,0.00168
"8105",5.33333333333333,-5,-3.88888888888889,8.9,0.21708,0.30595,0.16885,0.00123
"8106",6.26666666666667,-5,-3.88888888888889,8.9,0.206,0.29858,0.17286,0.00115
"8107",7.2,-5,-3.88888888888889,8.9,0.19607,0.28831,0.17363,0.00103
"8108",8.13333333333333,-5,-3.88888888888889,8.9,0.18586,0.2782,0.16838,0.00092
"8109",9.06666666666667,-5,-3.88888888888889,8.9,0.17741,0.26897,0.16411,0.001
"8110",10,-5,-3.88888888888889,8.9,0.17057,0.25957,0.15968,0.00075
"8111",1.6,-3.88888888888889,-3.88888888888889,8.9,0.27807,0.24648,0.06338,0.02687
"8112",2.53333333333333,-3.88888888888889,-3.88888888888889,8.9,0.27347,0.32712,0.14195,0.01149
"8113",3.46666666666667,-3.88888888888889,-3.88888888888889,8.9,0.25829,0.34522,0.17972,0.0073
"8114",4.4,-3.88888888888889,-3.88888888888889,8.9,0.24028,0.34122,0.19202,0.00572
"8115",5.33333333333333,-3.88888888888889,-3.88888888888889,8.9,0.2246,0.32953,0.19403,0.00511
"8116",6.26666666666667,-3.88888888888889,-3.88888888888889,8.9,0.21085,0.31624,0.18825,0.00451
"8117",7.2,-3.88888888888889,-3.88888888888889,8.9,0.19867,0.30273,0.18458,0.00407
"8118",8.13333333333333,-3.88888888888889,-3.88888888888889,8.9,0.18857,0.2889,0.17679,0.00387
"8119",9.06666666666667,-3.88888888888889,-3.88888888888889,8.9,0.17995,0.27707,0.17199,0.00349
"8120",10,-3.88888888888889,-3.88888888888889,8.9,0.172,0.26633,0.16616,0.00327
"8121",1.6,-2.77777777777778,-3.88888888888889,8.9,0.3252,0.35347,0.11767,0.0519
"8122",2.53333333333333,-2.77777777777778,-3.88888888888889,8.9,0.29965,0.40257,0.20249,0.03152
"8123",3.46666666666667,-2.77777777777778,-3.88888888888889,8.9,0.27221,0.39322,0.22466,0.02381
"8124",4.4,-2.77777777777778,-3.88888888888889,8.9,0.24905,0.373,0.22039,0.02086
"8125",5.33333333333333,-2.77777777777778,-3.88888888888889,8.9,0.22997,0.35187,0.21313,0.01866
"8126",6.26666666666667,-2.77777777777778,-3.88888888888889,8.9,0.21439,0.33088,0.20219,0.01766
"8127",7.2,-2.77777777777778,-3.88888888888889,8.9,0.20205,0.3129,0.19603,0.01735
"8128",8.13333333333333,-2.77777777777778,-3.88888888888889,8.9,0.19042,0.29777,0.1882,0.01717
"8129",9.06666666666667,-2.77777777777778,-3.88888888888889,8.9,0.18143,0.28373,0.17662,0.01585
"8130",10,-2.77777777777778,-3.88888888888889,8.9,0.17294,0.27148,0.16827,0.01548
"8131",1.6,-1.66666666666667,-3.88888888888889,8.9,0.37317,0.49764,0.22229,0.12996
"8132",2.53333333333333,-1.66666666666667,-3.88888888888889,8.9,0.32062,0.47521,0.27486,0.10177
"8133",3.46666666666667,-1.66666666666667,-3.88888888888889,8.9,0.28369,0.43331,0.26259,0.09291
"8134",4.4,-1.66666666666667,-3.88888888888889,8.9,0.25568,0.39803,0.24706,0.08739
"8135",5.33333333333333,-1.66666666666667,-3.88888888888889,8.9,0.23364,0.36677,0.22835,0.08438
"8136",6.26666666666667,-1.66666666666667,-3.88888888888889,8.9,0.21692,0.34156,0.21348,0.0834
"8137",7.2,-1.66666666666667,-3.88888888888889,8.9,0.20333,0.31991,0.20135,0.08131
"8138",8.13333333333333,-1.66666666666667,-3.88888888888889,8.9,0.1917,0.30228,0.19091,0.08069
"8139",9.06666666666667,-1.66666666666667,-3.88888888888889,8.9,0.18202,0.28721,0.18496,0.07985
"8140",10,-1.66666666666667,-3.88888888888889,8.9,0.17346,0.27453,0.17352,0.07926
"8141",1.6,-0.555555555555555,-3.88888888888889,8.9,0.40697,0.62622,0.3808,0.44723
"8142",2.53333333333333,-0.555555555555555,-3.88888888888889,8.9,0.33567,0.52346,0.32982,0.43337
"8143",3.46666666666667,-0.555555555555555,-3.88888888888889,8.9,0.29056,0.45548,0.2881,0.42913
"8144",4.4,-0.555555555555555,-3.88888888888889,8.9,0.25914,0.40816,0.25551,0.4257
"8145",5.33333333333333,-0.555555555555555,-3.88888888888889,8.9,0.23637,0.37235,0.23936,0.42454
"8146",6.26666666666667,-0.555555555555555,-3.88888888888889,8.9,0.21922,0.34561,0.22071,0.42358
"8147",7.2,-0.555555555555555,-3.88888888888889,8.9,0.20485,0.32401,0.20524,0.42344
"8148",8.13333333333333,-0.555555555555555,-3.88888888888889,8.9,0.19285,0.30606,0.19493,0.42334
"8149",9.06666666666667,-0.555555555555555,-3.88888888888889,8.9,0.18294,0.2898,0.18476,0.42159
"8150",10,-0.555555555555555,-3.88888888888889,8.9,0.17463,0.2764,0.17584,0.42099
"8151",1.6,0.555555555555555,-3.88888888888889,8.9,0.40817,0.62815,0.37703,0.44711
"8152",2.53333333333333,0.555555555555555,-3.88888888888889,8.9,0.33466,0.52348,0.33126,0.43175
"8153",3.46666666666667,0.555555555555555,-3.88888888888889,8.9,0.29112,0.45581,0.28957,0.42816
"8154",4.4,0.555555555555555,-3.88888888888889,8.9,0.26039,0.40888,0.26086,0.42574
"8155",5.33333333333333,0.555555555555555,-3.88888888888889,8.9,0.2378,0.37417,0.23796,0.42535
"8156",6.26666666666667,0.555555555555555,-3.88888888888889,8.9,0.2194,0.34674,0.22028,0.42349
"8157",7.2,0.555555555555555,-3.88888888888889,8.9,0.2056,0.32447,0.20444,0.42221
"8158",8.13333333333333,0.555555555555555,-3.88888888888889,8.9,0.19392,0.3057,0.19509,0.42251
"8159",9.06666666666667,0.555555555555555,-3.88888888888889,8.9,0.18383,0.29078,0.18455,0.42102
"8160",10,0.555555555555555,-3.88888888888889,8.9,0.17542,0.27731,0.17642,0.42127
"8161",1.6,1.66666666666667,-3.88888888888889,8.9,0.37316,0.50227,0.22307,0.1285
"8162",2.53333333333333,1.66666666666667,-3.88888888888889,8.9,0.32117,0.47768,0.27472,0.10137
"8163",3.46666666666667,1.66666666666667,-3.88888888888889,8.9,0.2834,0.43305,0.26495,0.0925
"8164",4.4,1.66666666666667,-3.88888888888889,8.9,0.25687,0.39596,0.24599,0.08689
"8165",5.33333333333333,1.66666666666667,-3.88888888888889,8.9,0.23567,0.36542,0.22874,0.08495
"8166",6.26666666666667,1.66666666666667,-3.88888888888889,8.9,0.21912,0.34127,0.21362,0.08346
"8167",7.2,1.66666666666667,-3.88888888888889,8.9,0.20455,0.32125,0.20439,0.08162
"8168",8.13333333333333,1.66666666666667,-3.88888888888889,8.9,0.19292,0.30345,0.19191,0.08058
"8169",9.06666666666667,1.66666666666667,-3.88888888888889,8.9,0.18267,0.28895,0.18143,0.0792
"8170",10,1.66666666666667,-3.88888888888889,8.9,0.17455,0.27563,0.17205,0.07978
"8171",1.6,2.77777777777778,-3.88888888888889,8.9,0.32369,0.35838,0.11672,0.05411
"8172",2.53333333333333,2.77777777777778,-3.88888888888889,8.9,0.30008,0.40694,0.20252,0.03063
"8173",3.46666666666667,2.77777777777778,-3.88888888888889,8.9,0.27306,0.39667,0.22411,0.02385
"8174",4.4,2.77777777777778,-3.88888888888889,8.9,0.24959,0.37457,0.22394,0.02154
"8175",5.33333333333333,2.77777777777778,-3.88888888888889,8.9,0.23075,0.35204,0.21292,0.01906
"8176",6.26666666666667,2.77777777777778,-3.88888888888889,8.9,0.21491,0.33101,0.20763,0.01775
"8177",7.2,2.77777777777778,-3.88888888888889,8.9,0.20216,0.31319,0.19762,0.01693
"8178",8.13333333333333,2.77777777777778,-3.88888888888889,8.9,0.19129,0.29819,0.1859,0.0166
"8179",9.06666666666667,2.77777777777778,-3.88888888888889,8.9,0.18173,0.28467,0.17928,0.01636
"8180",10,2.77777777777778,-3.88888888888889,8.9,0.17337,0.27205,0.16862,0.01573
"8181",1.6,3.88888888888889,-3.88888888888889,8.9,0.27834,0.25007,0.06162,0.02782
"8182",2.53333333333333,3.88888888888889,-3.88888888888889,8.9,0.27288,0.33097,0.14102,0.0114
"8183",3.46666666666667,3.88888888888889,-3.88888888888889,8.9,0.25696,0.34994,0.17932,0.00738
"8184",4.4,3.88888888888889,-3.88888888888889,8.9,0.2396,0.34463,0.19201,0.00602
"8185",5.33333333333333,3.88888888888889,-3.88888888888889,8.9,0.22456,0.33114,0.19409,0.00469
"8186",6.26666666666667,3.88888888888889,-3.88888888888889,8.9,0.21044,0.3172,0.19005,0.00445
"8187",7.2,3.88888888888889,-3.88888888888889,8.9,0.19875,0.30286,0.18605,0.00415
"8188",8.13333333333333,3.88888888888889,-3.88888888888889,8.9,0.18852,0.28894,0.1769,0.00376
"8189",9.06666666666667,3.88888888888889,-3.88888888888889,8.9,0.17959,0.27787,0.17071,0.0036
"8190",10,3.88888888888889,-3.88888888888889,8.9,0.1719,0.26768,0.16508,0.00346
"8191",1.6,5,-3.88888888888889,8.9,0.23845,0.17943,0.03548,0.01624
"8192",2.53333333333333,5,-3.88888888888889,8.9,0.24747,0.2656,0.0969,0.0052
"8193",3.46666666666667,5,-3.88888888888889,8.9,0.24081,0.30175,0.14081,0.00248
"8194",4.4,5,-3.88888888888889,8.9,0.22897,0.31176,0.16249,0.00199
"8195",5.33333333333333,5,-3.88888888888889,8.9,0.21672,0.30843,0.17072,0.00158
"8196",6.26666666666667,5,-3.88888888888889,8.9,0.20545,0.30044,0.17317,0.00113
"8197",7.2,5,-3.88888888888889,8.9,0.19523,0.29045,0.17082,0.00104
"8198",8.13333333333333,5,-3.88888888888889,8.9,0.18648,0.27957,0.16965,0.00106
"8199",9.06666666666667,5,-3.88888888888889,8.9,0.17797,0.26901,0.16597,0.00086
"8200",10,5,-3.88888888888889,8.9,0.17018,0.25985,0.15914,0.00082
"8201",1.6,-5,-2.77777777777778,8.9,0.23844,0.17683,0.03534,0.01669
"8202",2.53333333333333,-5,-2.77777777777778,8.9,0.24701,0.26102,0.09774,0.00508
"8203",3.46666666666667,-5,-2.77777777777778,8.9,0.23981,0.29868,0.14022,0.00266
"8204",4.4,-5,-2.77777777777778,8.9,0.22901,0.30778,0.16253,0.00186
"8205",5.33333333333333,-5,-2.77777777777778,8.9,0.21708,0.30595,0.17046,0.00148
"8206",6.26666666666667,-5,-2.77777777777778,8.9,0.206,0.29858,0.17317,0.0012
"8207",7.2,-5,-2.77777777777778,8.9,0.19607,0.28831,0.16993,0.00094
"8208",8.13333333333333,-5,-2.77777777777778,8.9,0.18586,0.2782,0.16995,0.00096
"8209",9.06666666666667,-5,-2.77777777777778,8.9,0.17741,0.26897,0.164,0.00094
"8210",10,-5,-2.77777777777778,8.9,0.17057,0.25957,0.15946,0.00078
"8211",1.6,-3.88888888888889,-2.77777777777778,8.9,0.27807,0.24648,0.06276,0.02734
"8212",2.53333333333333,-3.88888888888889,-2.77777777777778,8.9,0.27347,0.32712,0.13976,0.01116
"8213",3.46666666666667,-3.88888888888889,-2.77777777777778,8.9,0.25829,0.34522,0.17825,0.0076
"8214",4.4,-3.88888888888889,-2.77777777777778,8.9,0.24028,0.34122,0.19266,0.00599
"8215",5.33333333333333,-3.88888888888889,-2.77777777777778,8.9,0.2246,0.32953,0.19463,0.00479
"8216",6.26666666666667,-3.88888888888889,-2.77777777777778,8.9,0.21085,0.31624,0.18853,0.00441
"8217",7.2,-3.88888888888889,-2.77777777777778,8.9,0.19867,0.30273,0.1856,0.00414
"8218",8.13333333333333,-3.88888888888889,-2.77777777777778,8.9,0.18857,0.2889,0.17853,0.00384
"8219",9.06666666666667,-3.88888888888889,-2.77777777777778,8.9,0.17995,0.27707,0.17039,0.00342
"8220",10,-3.88888888888889,-2.77777777777778,8.9,0.172,0.26633,0.16715,0.00338
"8221",1.6,-2.77777777777778,-2.77777777777778,8.9,0.3252,0.35347,0.11499,0.05245
"8222",2.53333333333333,-2.77777777777778,-2.77777777777778,8.9,0.29965,0.40257,0.20415,0.03068
"8223",3.46666666666667,-2.77777777777778,-2.77777777777778,8.9,0.27221,0.39322,0.22255,0.02404
"8224",4.4,-2.77777777777778,-2.77777777777778,8.9,0.24905,0.373,0.22165,0.02108
"8225",5.33333333333333,-2.77777777777778,-2.77777777777778,8.9,0.22997,0.35187,0.21568,0.01942
"8226",6.26666666666667,-2.77777777777778,-2.77777777777778,8.9,0.21439,0.33088,0.20455,0.01792
"8227",7.2,-2.77777777777778,-2.77777777777778,8.9,0.20205,0.3129,0.19237,0.01698
"8228",8.13333333333333,-2.77777777777778,-2.77777777777778,8.9,0.19042,0.29777,0.18724,0.01667
"8229",9.06666666666667,-2.77777777777778,-2.77777777777778,8.9,0.18143,0.28373,0.17891,0.01628
"8230",10,-2.77777777777778,-2.77777777777778,8.9,0.17294,0.27148,0.17013,0.01548
"8231",1.6,-1.66666666666667,-2.77777777777778,8.9,0.37317,0.49764,0.22522,0.12819
"8232",2.53333333333333,-1.66666666666667,-2.77777777777778,8.9,0.32062,0.47521,0.27281,0.10246
"8233",3.46666666666667,-1.66666666666667,-2.77777777777778,8.9,0.28369,0.43331,0.26287,0.09227
"8234",4.4,-1.66666666666667,-2.77777777777778,8.9,0.25568,0.39803,0.24943,0.08686
"8235",5.33333333333333,-1.66666666666667,-2.77777777777778,8.9,0.23364,0.36677,0.23135,0.08433
"8236",6.26666666666667,-1.66666666666667,-2.77777777777778,8.9,0.21692,0.34156,0.21438,0.08281
"8237",7.2,-1.66666666666667,-2.77777777777778,8.9,0.20333,0.31991,0.20339,0.08133
"8238",8.13333333333333,-1.66666666666667,-2.77777777777778,8.9,0.1917,0.30228,0.19013,0.07997
"8239",9.06666666666667,-1.66666666666667,-2.77777777777778,8.9,0.18202,0.28721,0.18341,0.07986
"8240",10,-1.66666666666667,-2.77777777777778,8.9,0.17346,0.27453,0.17462,0.07886
"8241",1.6,-0.555555555555555,-2.77777777777778,8.9,0.40697,0.62622,0.37737,0.44668
"8242",2.53333333333333,-0.555555555555555,-2.77777777777778,8.9,0.33567,0.52346,0.32778,0.43243
"8243",3.46666666666667,-0.555555555555555,-2.77777777777778,8.9,0.29056,0.45548,0.29288,0.42874
"8244",4.4,-0.555555555555555,-2.77777777777778,8.9,0.25914,0.40816,0.26154,0.42624
"8245",5.33333333333333,-0.555555555555555,-2.77777777777778,8.9,0.23637,0.37235,0.23747,0.42442
"8246",6.26666666666667,-0.555555555555555,-2.77777777777778,8.9,0.21922,0.34561,0.22153,0.42338
"8247",7.2,-0.555555555555555,-2.77777777777778,8.9,0.20485,0.32401,0.20611,0.42215
"8248",8.13333333333333,-0.555555555555555,-2.77777777777778,8.9,0.19285,0.30606,0.19772,0.42078
"8249",9.06666666666667,-0.555555555555555,-2.77777777777778,8.9,0.18294,0.2898,0.18536,0.42197
"8250",10,-0.555555555555555,-2.77777777777778,8.9,0.17463,0.2764,0.17483,0.42056
"8251",1.6,0.555555555555555,-2.77777777777778,8.9,0.40817,0.62815,0.37902,0.44543
"8252",2.53333333333333,0.555555555555555,-2.77777777777778,8.9,0.33466,0.52348,0.32776,0.43223
"8253",3.46666666666667,0.555555555555555,-2.77777777777778,8.9,0.29112,0.45581,0.28816,0.42873
"8254",4.4,0.555555555555555,-2.77777777777778,8.9,0.26039,0.40888,0.26081,0.42566
"8255",5.33333333333333,0.555555555555555,-2.77777777777778,8.9,0.2378,0.37417,0.2385,0.42474
"8256",6.26666666666667,0.555555555555555,-2.77777777777778,8.9,0.2194,0.34674,0.22043,0.42382
"8257",7.2,0.555555555555555,-2.77777777777778,8.9,0.2056,0.32447,0.20546,0.42345
"8258",8.13333333333333,0.555555555555555,-2.77777777777778,8.9,0.19392,0.3057,0.19493,0.42295
"8259",9.06666666666667,0.555555555555555,-2.77777777777778,8.9,0.18383,0.29078,0.18349,0.42106
"8260",10,0.555555555555555,-2.77777777777778,8.9,0.17542,0.27731,0.17639,0.42192
"8261",1.6,1.66666666666667,-2.77777777777778,8.9,0.37316,0.50227,0.22585,0.12687
"8262",2.53333333333333,1.66666666666667,-2.77777777777778,8.9,0.32117,0.47768,0.2733,0.10209
"8263",3.46666666666667,1.66666666666667,-2.77777777777778,8.9,0.2834,0.43305,0.263,0.09226
"8264",4.4,1.66666666666667,-2.77777777777778,8.9,0.25687,0.39596,0.24474,0.08756
"8265",5.33333333333333,1.66666666666667,-2.77777777777778,8.9,0.23567,0.36542,0.22967,0.08422
"8266",6.26666666666667,1.66666666666667,-2.77777777777778,8.9,0.21912,0.34127,0.21532,0.08206
"8267",7.2,1.66666666666667,-2.77777777777778,8.9,0.20455,0.32125,0.20324,0.08118
"8268",8.13333333333333,1.66666666666667,-2.77777777777778,8.9,0.19292,0.30345,0.19122,0.08094
"8269",9.06666666666667,1.66666666666667,-2.77777777777778,8.9,0.18267,0.28895,0.18442,0.08045
"8270",10,1.66666666666667,-2.77777777777778,8.9,0.17455,0.27563,0.1734,0.0791
"8271",1.6,2.77777777777778,-2.77777777777778,8.9,0.32369,0.35838,0.11576,0.05137
"8272",2.53333333333333,2.77777777777778,-2.77777777777778,8.9,0.30008,0.40694,0.20353,0.03167
"8273",3.46666666666667,2.77777777777778,-2.77777777777778,8.9,0.27306,0.39667,0.22378,0.02355
"8274",4.4,2.77777777777778,-2.77777777777778,8.9,0.24959,0.37457,0.2225,0.02095
"8275",5.33333333333333,2.77777777777778,-2.77777777777778,8.9,0.23075,0.35204,0.21491,0.01964
"8276",6.26666666666667,2.77777777777778,-2.77777777777778,8.9,0.21491,0.33101,0.20333,0.01792
"8277",7.2,2.77777777777778,-2.77777777777778,8.9,0.20216,0.31319,0.19595,0.0171
"8278",8.13333333333333,2.77777777777778,-2.77777777777778,8.9,0.19129,0.29819,0.18571,0.01662
"8279",9.06666666666667,2.77777777777778,-2.77777777777778,8.9,0.18173,0.28467,0.17606,0.01606
"8280",10,2.77777777777778,-2.77777777777778,8.9,0.17337,0.27205,0.17331,0.01554
"8281",1.6,3.88888888888889,-2.77777777777778,8.9,0.27834,0.25007,0.06188,0.02672
"8282",2.53333333333333,3.88888888888889,-2.77777777777778,8.9,0.27288,0.33097,0.14122,0.01135
"8283",3.46666666666667,3.88888888888889,-2.77777777777778,8.9,0.25696,0.34994,0.17845,0.00716
"8284",4.4,3.88888888888889,-2.77777777777778,8.9,0.2396,0.34463,0.19071,0.0062
"8285",5.33333333333333,3.88888888888889,-2.77777777777778,8.9,0.22456,0.33114,0.19359,0.00521
"8286",6.26666666666667,3.88888888888889,-2.77777777777778,8.9,0.21044,0.3172,0.19134,0.00465
"8287",7.2,3.88888888888889,-2.77777777777778,8.9,0.19875,0.30286,0.1836,0.00384
"8288",8.13333333333333,3.88888888888889,-2.77777777777778,8.9,0.18852,0.28894,0.17609,0.00377
"8289",9.06666666666667,3.88888888888889,-2.77777777777778,8.9,0.17959,0.27787,0.17165,0.00378
"8290",10,3.88888888888889,-2.77777777777778,8.9,0.1719,0.26768,0.16782,0.00345
"8291",1.6,5,-2.77777777777778,8.9,0.23845,0.17943,0.03528,0.01649
"8292",2.53333333333333,5,-2.77777777777778,8.9,0.24747,0.2656,0.09732,0.00523
"8293",3.46666666666667,5,-2.77777777777778,8.9,0.24081,0.30175,0.14074,0.0024
"8294",4.4,5,-2.77777777777778,8.9,0.22897,0.31176,0.16031,0.00197
"8295",5.33333333333333,5,-2.77777777777778,8.9,0.21672,0.30843,0.17231,0.00147
"8296",6.26666666666667,5,-2.77777777777778,8.9,0.20545,0.30044,0.17444,0.00119
"8297",7.2,5,-2.77777777777778,8.9,0.19523,0.29045,0.17028,0.00118
"8298",8.13333333333333,5,-2.77777777777778,8.9,0.18648,0.27957,0.16923,0.00094
"8299",9.06666666666667,5,-2.77777777777778,8.9,0.17797,0.26901,0.16232,0.00083
"8300",10,5,-2.77777777777778,8.9,0.17018,0.25985,0.15926,9e-04
"8301",1.6,-5,-1.66666666666667,8.9,0.23844,0.17683,0.03498,0.01653
"8302",2.53333333333333,-5,-1.66666666666667,8.9,0.24701,0.26102,0.09538,0.00474
"8303",3.46666666666667,-5,-1.66666666666667,8.9,0.23981,0.29868,0.14155,0.00276
"8304",4.4,-5,-1.66666666666667,8.9,0.22901,0.30778,0.15967,0.00193
"8305",5.33333333333333,-5,-1.66666666666667,8.9,0.21708,0.30595,0.17145,0.00162
"8306",6.26666666666667,-5,-1.66666666666667,8.9,0.206,0.29858,0.17078,0.00126
"8307",7.2,-5,-1.66666666666667,8.9,0.19607,0.28831,0.17363,0.00121
"8308",8.13333333333333,-5,-1.66666666666667,8.9,0.18586,0.2782,0.1685,0.00094
"8309",9.06666666666667,-5,-1.66666666666667,8.9,0.17741,0.26897,0.16373,0.00091
"8310",10,-5,-1.66666666666667,8.9,0.17057,0.25957,0.16161,0.00085
"8311",1.6,-3.88888888888889,-1.66666666666667,8.9,0.27807,0.24648,0.06248,0.02642
"8312",2.53333333333333,-3.88888888888889,-1.66666666666667,8.9,0.27347,0.32712,0.14203,0.01146
"8313",3.46666666666667,-3.88888888888889,-1.66666666666667,8.9,0.25829,0.34522,0.17974,0.00692
"8314",4.4,-3.88888888888889,-1.66666666666667,8.9,0.24028,0.34122,0.19341,0.00559
"8315",5.33333333333333,-3.88888888888889,-1.66666666666667,8.9,0.2246,0.32953,0.1925,0.00508
"8316",6.26666666666667,-3.88888888888889,-1.66666666666667,8.9,0.21085,0.31624,0.18904,0.00444
"8317",7.2,-3.88888888888889,-1.66666666666667,8.9,0.19867,0.30273,0.18451,0.00405
"8318",8.13333333333333,-3.88888888888889,-1.66666666666667,8.9,0.18857,0.2889,0.17867,0.00395
"8319",9.06666666666667,-3.88888888888889,-1.66666666666667,8.9,0.17995,0.27707,0.17186,0.00355
"8320",10,-3.88888888888889,-1.66666666666667,8.9,0.172,0.26633,0.16694,0.00376
"8321",1.6,-2.77777777777778,-1.66666666666667,8.9,0.3252,0.35347,0.11582,0.05223
"8322",2.53333333333333,-2.77777777777778,-1.66666666666667,8.9,0.29965,0.40257,0.20073,0.0301
"8323",3.46666666666667,-2.77777777777778,-1.66666666666667,8.9,0.27221,0.39322,0.22241,0.02398
"8324",4.4,-2.77777777777778,-1.66666666666667,8.9,0.24905,0.373,0.22182,0.02061
"8325",5.33333333333333,-2.77777777777778,-1.66666666666667,8.9,0.22997,0.35187,0.21304,0.01897
"8326",6.26666666666667,-2.77777777777778,-1.66666666666667,8.9,0.21439,0.33088,0.206,0.01792
"8327",7.2,-2.77777777777778,-1.66666666666667,8.9,0.20205,0.3129,0.19295,0.01717
"8328",8.13333333333333,-2.77777777777778,-1.66666666666667,8.9,0.19042,0.29777,0.1849,0.01689
"8329",9.06666666666667,-2.77777777777778,-1.66666666666667,8.9,0.18143,0.28373,0.17766,0.01616
"8330",10,-2.77777777777778,-1.66666666666667,8.9,0.17294,0.27148,0.17195,0.01563
"8331",1.6,-1.66666666666667,-1.66666666666667,8.9,0.37317,0.49764,0.22369,0.12589
"8332",2.53333333333333,-1.66666666666667,-1.66666666666667,8.9,0.32062,0.47521,0.27377,0.1015
"8333",3.46666666666667,-1.66666666666667,-1.66666666666667,8.9,0.28369,0.43331,0.26339,0.09312
"8334",4.4,-1.66666666666667,-1.66666666666667,8.9,0.25568,0.39803,0.24584,0.08785
"8335",5.33333333333333,-1.66666666666667,-1.66666666666667,8.9,0.23364,0.36677,0.22954,0.08415
"8336",6.26666666666667,-1.66666666666667,-1.66666666666667,8.9,0.21692,0.34156,0.21429,0.08311
"8337",7.2,-1.66666666666667,-1.66666666666667,8.9,0.20333,0.31991,0.20289,0.08102
"8338",8.13333333333333,-1.66666666666667,-1.66666666666667,8.9,0.1917,0.30228,0.19071,0.08039
"8339",9.06666666666667,-1.66666666666667,-1.66666666666667,8.9,0.18202,0.28721,0.18289,0.07933
"8340",10,-1.66666666666667,-1.66666666666667,8.9,0.17346,0.27453,0.17376,0.07901
"8341",1.6,-0.555555555555555,-1.66666666666667,8.9,0.40697,0.62622,0.37864,0.44473
"8342",2.53333333333333,-0.555555555555555,-1.66666666666667,8.9,0.33567,0.52346,0.32844,0.43413
"8343",3.46666666666667,-0.555555555555555,-1.66666666666667,8.9,0.29056,0.45548,0.29076,0.42997
"8344",4.4,-0.555555555555555,-1.66666666666667,8.9,0.25914,0.40816,0.25948,0.42693
"8345",5.33333333333333,-0.555555555555555,-1.66666666666667,8.9,0.23637,0.37235,0.23878,0.42479
"8346",6.26666666666667,-0.555555555555555,-1.66666666666667,8.9,0.21922,0.34561,0.21923,0.42373
"8347",7.2,-0.555555555555555,-1.66666666666667,8.9,0.20485,0.32401,0.20673,0.42305
"8348",8.13333333333333,-0.555555555555555,-1.66666666666667,8.9,0.19285,0.30606,0.19198,0.42138
"8349",9.06666666666667,-0.555555555555555,-1.66666666666667,8.9,0.18294,0.2898,0.18633,0.421
"8350",10,-0.555555555555555,-1.66666666666667,8.9,0.17463,0.2764,0.17565,0.42152
"8351",1.6,0.555555555555555,-1.66666666666667,8.9,0.40817,0.62815,0.37681,0.44618
"8352",2.53333333333333,0.555555555555555,-1.66666666666667,8.9,0.33466,0.52348,0.32892,0.43535
"8353",3.46666666666667,0.555555555555555,-1.66666666666667,8.9,0.29112,0.45581,0.29073,0.42966
"8354",4.4,0.555555555555555,-1.66666666666667,8.9,0.26039,0.40888,0.26051,0.42668
"8355",5.33333333333333,0.555555555555555,-1.66666666666667,8.9,0.2378,0.37417,0.23551,0.42436
"8356",6.26666666666667,0.555555555555555,-1.66666666666667,8.9,0.2194,0.34674,0.22024,0.42341
"8357",7.2,0.555555555555555,-1.66666666666667,8.9,0.2056,0.32447,0.20537,0.4225
"8358",8.13333333333333,0.555555555555555,-1.66666666666667,8.9,0.19392,0.3057,0.19503,0.42153
"8359",9.06666666666667,0.555555555555555,-1.66666666666667,8.9,0.18383,0.29078,0.1856,0.42176
"8360",10,0.555555555555555,-1.66666666666667,8.9,0.17542,0.27731,0.17597,0.4211
"8361",1.6,1.66666666666667,-1.66666666666667,8.9,0.37316,0.50227,0.22355,0.12832
"8362",2.53333333333333,1.66666666666667,-1.66666666666667,8.9,0.32117,0.47768,0.27431,0.10233
"8363",3.46666666666667,1.66666666666667,-1.66666666666667,8.9,0.2834,0.43305,0.26451,0.0918
"8364",4.4,1.66666666666667,-1.66666666666667,8.9,0.25687,0.39596,0.24625,0.08745
"8365",5.33333333333333,1.66666666666667,-1.66666666666667,8.9,0.23567,0.36542,0.22804,0.08468
"8366",6.26666666666667,1.66666666666667,-1.66666666666667,8.9,0.21912,0.34127,0.21398,0.08278
"8367",7.2,1.66666666666667,-1.66666666666667,8.9,0.20455,0.32125,0.2025,0.08101
"8368",8.13333333333333,1.66666666666667,-1.66666666666667,8.9,0.19292,0.30345,0.19106,0.07988
"8369",9.06666666666667,1.66666666666667,-1.66666666666667,8.9,0.18267,0.28895,0.18153,0.07929
"8370",10,1.66666666666667,-1.66666666666667,8.9,0.17455,0.27563,0.17294,0.07834
"8371",1.6,2.77777777777778,-1.66666666666667,8.9,0.32369,0.35838,0.11543,0.05271
"8372",2.53333333333333,2.77777777777778,-1.66666666666667,8.9,0.30008,0.40694,0.20327,0.0309
"8373",3.46666666666667,2.77777777777778,-1.66666666666667,8.9,0.27306,0.39667,0.22422,0.0235
"8374",4.4,2.77777777777778,-1.66666666666667,8.9,0.24959,0.37457,0.22074,0.02115
"8375",5.33333333333333,2.77777777777778,-1.66666666666667,8.9,0.23075,0.35204,0.21209,0.01901
"8376",6.26666666666667,2.77777777777778,-1.66666666666667,8.9,0.21491,0.33101,0.20495,0.01827
"8377",7.2,2.77777777777778,-1.66666666666667,8.9,0.20216,0.31319,0.19548,0.01715
"8378",8.13333333333333,2.77777777777778,-1.66666666666667,8.9,0.19129,0.29819,0.18583,0.01659
"8379",9.06666666666667,2.77777777777778,-1.66666666666667,8.9,0.18173,0.28467,0.17659,0.01642
"8380",10,2.77777777777778,-1.66666666666667,8.9,0.17337,0.27205,0.16926,0.01587
"8381",1.6,3.88888888888889,-1.66666666666667,8.9,0.27834,0.25007,0.06357,0.02817
"8382",2.53333333333333,3.88888888888889,-1.66666666666667,8.9,0.27288,0.33097,0.14043,0.01206
"8383",3.46666666666667,3.88888888888889,-1.66666666666667,8.9,0.25696,0.34994,0.17844,0.00789
"8384",4.4,3.88888888888889,-1.66666666666667,8.9,0.2396,0.34463,0.1922,0.00588
"8385",5.33333333333333,3.88888888888889,-1.66666666666667,8.9,0.22456,0.33114,0.19163,0.00503
"8386",6.26666666666667,3.88888888888889,-1.66666666666667,8.9,0.21044,0.3172,0.19086,0.0044
"8387",7.2,3.88888888888889,-1.66666666666667,8.9,0.19875,0.30286,0.18317,0.00422
"8388",8.13333333333333,3.88888888888889,-1.66666666666667,8.9,0.18852,0.28894,0.17909,0.00384
"8389",9.06666666666667,3.88888888888889,-1.66666666666667,8.9,0.17959,0.27787,0.17332,0.00357
"8390",10,3.88888888888889,-1.66666666666667,8.9,0.1719,0.26768,0.1663,0.00333
"8391",1.6,5,-1.66666666666667,8.9,0.23845,0.17943,0.03497,0.01576
"8392",2.53333333333333,5,-1.66666666666667,8.9,0.24747,0.2656,0.09738,0.00515
"8393",3.46666666666667,5,-1.66666666666667,8.9,0.24081,0.30175,0.13896,0.00272
"8394",4.4,5,-1.66666666666667,8.9,0.22897,0.31176,0.16059,0.00207
"8395",5.33333333333333,5,-1.66666666666667,8.9,0.21672,0.30843,0.17223,0.00146
"8396",6.26666666666667,5,-1.66666666666667,8.9,0.20545,0.30044,0.17516,0.00125
"8397",7.2,5,-1.66666666666667,8.9,0.19523,0.29045,0.17359,0.001
"8398",8.13333333333333,5,-1.66666666666667,8.9,0.18648,0.27957,0.16906,0.00104
"8399",9.06666666666667,5,-1.66666666666667,8.9,0.17797,0.26901,0.16574,0.00079
"8400",10,5,-1.66666666666667,8.9,0.17018,0.25985,0.16022,0.00078
"8401",1.6,-5,-0.555555555555555,8.9,0.23844,0.17683,0.03554,0.0164
"8402",2.53333333333333,-5,-0.555555555555555,8.9,0.24701,0.26102,0.09522,0.00522
"8403",3.46666666666667,-5,-0.555555555555555,8.9,0.23981,0.29868,0.13974,0.00282
"8404",4.4,-5,-0.555555555555555,8.9,0.22901,0.30778,0.16269,0.00186
"8405",5.33333333333333,-5,-0.555555555555555,8.9,0.21708,0.30595,0.17126,0.00141
"8406",6.26666666666667,-5,-0.555555555555555,8.9,0.206,0.29858,0.17296,0.00137
"8407",7.2,-5,-0.555555555555555,8.9,0.19607,0.28831,0.17267,0.00118
"8408",8.13333333333333,-5,-0.555555555555555,8.9,0.18586,0.2782,0.16918,0.00095
"8409",9.06666666666667,-5,-0.555555555555555,8.9,0.17741,0.26897,0.16304,0.00087
"8410",10,-5,-0.555555555555555,8.9,0.17057,0.25957,0.15933,9e-04
"8411",1.6,-3.88888888888889,-0.555555555555555,8.9,0.27807,0.24648,0.06131,0.02724
"8412",2.53333333333333,-3.88888888888889,-0.555555555555555,8.9,0.27347,0.32712,0.14244,0.01121
"8413",3.46666666666667,-3.88888888888889,-0.555555555555555,8.9,0.25829,0.34522,0.17808,0.00778
"8414",4.4,-3.88888888888889,-0.555555555555555,8.9,0.24028,0.34122,0.19402,0.00601
"8415",5.33333333333333,-3.88888888888889,-0.555555555555555,8.9,0.2246,0.32953,0.19488,0.00469
"8416",6.26666666666667,-3.88888888888889,-0.555555555555555,8.9,0.21085,0.31624,0.18957,0.00419
"8417",7.2,-3.88888888888889,-0.555555555555555,8.9,0.19867,0.30273,0.18537,0.00394
"8418",8.13333333333333,-3.88888888888889,-0.555555555555555,8.9,0.18857,0.2889,0.17953,0.00343
"8419",9.06666666666667,-3.88888888888889,-0.555555555555555,8.9,0.17995,0.27707,0.17042,0.00338
"8420",10,-3.88888888888889,-0.555555555555555,8.9,0.172,0.26633,0.16618,0.0032
"8421",1.6,-2.77777777777778,-0.555555555555555,8.9,0.3252,0.35347,0.11596,0.05327
"8422",2.53333333333333,-2.77777777777778,-0.555555555555555,8.9,0.29965,0.40257,0.20201,0.03032
"8423",3.46666666666667,-2.77777777777778,-0.555555555555555,8.9,0.27221,0.39322,0.22362,0.02365
"8424",4.4,-2.77777777777778,-0.555555555555555,8.9,0.24905,0.373,0.22063,0.02141
"8425",5.33333333333333,-2.77777777777778,-0.555555555555555,8.9,0.22997,0.35187,0.21443,0.01917
"8426",6.26666666666667,-2.77777777777778,-0.555555555555555,8.9,0.21439,0.33088,0.2066,0.01798
"8427",7.2,-2.77777777777778,-0.555555555555555,8.9,0.20205,0.3129,0.19426,0.01754
"8428",8.13333333333333,-2.77777777777778,-0.555555555555555,8.9,0.19042,0.29777,0.18585,0.01692
"8429",9.06666666666667,-2.77777777777778,-0.555555555555555,8.9,0.18143,0.28373,0.17655,0.01612
"8430",10,-2.77777777777778,-0.555555555555555,8.9,0.17294,0.27148,0.17141,0.01597
"8431",1.6,-1.66666666666667,-0.555555555555555,8.9,0.37317,0.49764,0.22566,0.12606
"8432",2.53333333333333,-1.66666666666667,-0.555555555555555,8.9,0.32062,0.47521,0.27301,0.1019
"8433",3.46666666666667,-1.66666666666667,-0.555555555555555,8.9,0.28369,0.43331,0.26341,0.09223
"8434",4.4,-1.66666666666667,-0.555555555555555,8.9,0.25568,0.39803,0.24584,0.08756
"8435",5.33333333333333,-1.66666666666667,-0.555555555555555,8.9,0.23364,0.36677,0.22846,0.08455
"8436",6.26666666666667,-1.66666666666667,-0.555555555555555,8.9,0.21692,0.34156,0.21363,0.0828
"8437",7.2,-1.66666666666667,-0.555555555555555,8.9,0.20333,0.31991,0.20062,0.08152
"8438",8.13333333333333,-1.66666666666667,-0.555555555555555,8.9,0.1917,0.30228,0.19083,0.07981
"8439",9.06666666666667,-1.66666666666667,-0.555555555555555,8.9,0.18202,0.28721,0.18393,0.0803
"8440",10,-1.66666666666667,-0.555555555555555,8.9,0.17346,0.27453,0.17388,0.07961
"8441",1.6,-0.555555555555555,-0.555555555555555,8.9,0.40697,0.62622,0.37797,0.44589
"8442",2.53333333333333,-0.555555555555555,-0.555555555555555,8.9,0.33567,0.52346,0.32921,0.43305
"8443",3.46666666666667,-0.555555555555555,-0.555555555555555,8.9,0.29056,0.45548,0.28909,0.42999
"8444",4.4,-0.555555555555555,-0.555555555555555,8.9,0.25914,0.40816,0.25816,0.42696
"8445",5.33333333333333,-0.555555555555555,-0.555555555555555,8.9,0.23637,0.37235,0.23597,0.42544
"8446",6.26666666666667,-0.555555555555555,-0.555555555555555,8.9,0.21922,0.34561,0.21933,0.42342
"8447",7.2,-0.555555555555555,-0.555555555555555,8.9,0.20485,0.32401,0.20549,0.42116
"8448",8.13333333333333,-0.555555555555555,-0.555555555555555,8.9,0.19285,0.30606,0.19396,0.4219
"8449",9.06666666666667,-0.555555555555555,-0.555555555555555,8.9,0.18294,0.2898,0.18356,0.42056
"8450",10,-0.555555555555555,-0.555555555555555,8.9,0.17463,0.2764,0.17802,0.42167
"8451",1.6,0.555555555555555,-0.555555555555555,8.9,0.40817,0.62815,0.37703,0.44539
"8452",2.53333333333333,0.555555555555555,-0.555555555555555,8.9,0.33466,0.52348,0.32951,0.43286
"8453",3.46666666666667,0.555555555555555,-0.555555555555555,8.9,0.29112,0.45581,0.28883,0.43068
"8454",4.4,0.555555555555555,-0.555555555555555,8.9,0.26039,0.40888,0.2595,0.42624
"8455",5.33333333333333,0.555555555555555,-0.555555555555555,8.9,0.2378,0.37417,0.23646,0.42408
"8456",6.26666666666667,0.555555555555555,-0.555555555555555,8.9,0.2194,0.34674,0.21986,0.42371
"8457",7.2,0.555555555555555,-0.555555555555555,8.9,0.2056,0.32447,0.2057,0.42331
"8458",8.13333333333333,0.555555555555555,-0.555555555555555,8.9,0.19392,0.3057,0.19426,0.42168
"8459",9.06666666666667,0.555555555555555,-0.555555555555555,8.9,0.18383,0.29078,0.18522,0.42076
"8460",10,0.555555555555555,-0.555555555555555,8.9,0.17542,0.27731,0.17844,0.42104
"8461",1.6,1.66666666666667,-0.555555555555555,8.9,0.37316,0.50227,0.22426,0.12824
"8462",2.53333333333333,1.66666666666667,-0.555555555555555,8.9,0.32117,0.47768,0.27319,0.10137
"8463",3.46666666666667,1.66666666666667,-0.555555555555555,8.9,0.2834,0.43305,0.26505,0.09178
"8464",4.4,1.66666666666667,-0.555555555555555,8.9,0.25687,0.39596,0.2481,0.08733
"8465",5.33333333333333,1.66666666666667,-0.555555555555555,8.9,0.23567,0.36542,0.23039,0.08447
"8466",6.26666666666667,1.66666666666667,-0.555555555555555,8.9,0.21912,0.34127,0.21328,0.08345
"8467",7.2,1.66666666666667,-0.555555555555555,8.9,0.20455,0.32125,0.20309,0.08078
"8468",8.13333333333333,1.66666666666667,-0.555555555555555,8.9,0.19292,0.30345,0.19412,0.08089
"8469",9.06666666666667,1.66666666666667,-0.555555555555555,8.9,0.18267,0.28895,0.18421,0.07936
"8470",10,1.66666666666667,-0.555555555555555,8.9,0.17455,0.27563,0.17593,0.07895
"8471",1.6,2.77777777777778,-0.555555555555555,8.9,0.32369,0.35838,0.11821,0.0515
"8472",2.53333333333333,2.77777777777778,-0.555555555555555,8.9,0.30008,0.40694,0.20088,0.03005
"8473",3.46666666666667,2.77777777777778,-0.555555555555555,8.9,0.27306,0.39667,0.22314,0.02356
"8474",4.4,2.77777777777778,-0.555555555555555,8.9,0.24959,0.37457,0.22225,0.02108
"8475",5.33333333333333,2.77777777777778,-0.555555555555555,8.9,0.23075,0.35204,0.21572,0.01909
"8476",6.26666666666667,2.77777777777778,-0.555555555555555,8.9,0.21491,0.33101,0.20649,0.0178
"8477",7.2,2.77777777777778,-0.555555555555555,8.9,0.20216,0.31319,0.19252,0.01689
"8478",8.13333333333333,2.77777777777778,-0.555555555555555,8.9,0.19129,0.29819,0.18644,0.01648
"8479",9.06666666666667,2.77777777777778,-0.555555555555555,8.9,0.18173,0.28467,0.17905,0.01613
"8480",10,2.77777777777778,-0.555555555555555,8.9,0.17337,0.27205,0.1703,0.01566
"8481",1.6,3.88888888888889,-0.555555555555555,8.9,0.27834,0.25007,0.06185,0.02701
"8482",2.53333333333333,3.88888888888889,-0.555555555555555,8.9,0.27288,0.33097,0.14018,0.01106
"8483",3.46666666666667,3.88888888888889,-0.555555555555555,8.9,0.25696,0.34994,0.18239,0.00747
"8484",4.4,3.88888888888889,-0.555555555555555,8.9,0.2396,0.34463,0.192,0.0056
"8485",5.33333333333333,3.88888888888889,-0.555555555555555,8.9,0.22456,0.33114,0.19435,0.00496
"8486",6.26666666666667,3.88888888888889,-0.555555555555555,8.9,0.21044,0.3172,0.18953,0.00431
"8487",7.2,3.88888888888889,-0.555555555555555,8.9,0.19875,0.30286,0.18578,0.00421
"8488",8.13333333333333,3.88888888888889,-0.555555555555555,8.9,0.18852,0.28894,0.17763,0.00393
"8489",9.06666666666667,3.88888888888889,-0.555555555555555,8.9,0.17959,0.27787,0.17288,0.00356
"8490",10,3.88888888888889,-0.555555555555555,8.9,0.1719,0.26768,0.1668,0.00356
"8491",1.6,5,-0.555555555555555,8.9,0.23845,0.17943,0.03588,0.01594
"8492",2.53333333333333,5,-0.555555555555555,8.9,0.24747,0.2656,0.09599,0.00506
"8493",3.46666666666667,5,-0.555555555555555,8.9,0.24081,0.30175,0.13952,0.00269
"8494",4.4,5,-0.555555555555555,8.9,0.22897,0.31176,0.16173,0.00213
"8495",5.33333333333333,5,-0.555555555555555,8.9,0.21672,0.30843,0.1717,0.00136
"8496",6.26666666666667,5,-0.555555555555555,8.9,0.20545,0.30044,0.17282,0.00116
"8497",7.2,5,-0.555555555555555,8.9,0.19523,0.29045,0.17295,0.00099
"8498",8.13333333333333,5,-0.555555555555555,8.9,0.18648,0.27957,0.16863,0.00107
"8499",9.06666666666667,5,-0.555555555555555,8.9,0.17797,0.26901,0.16631,0.00084
"8500",10,5,-0.555555555555555,8.9,0.17018,0.25985,0.16145,0.00089
"8501",1.6,-5,0.555555555555555,8.9,0.23844,0.17683,0.03646,0.01613
"8502",2.53333333333333,-5,0.555555555555555,8.9,0.24701,0.26102,0.09732,0.00509
"8503",3.46666666666667,-5,0.555555555555555,8.9,0.23981,0.29868,0.13981,0.0027
"8504",4.4,-5,0.555555555555555,8.9,0.22901,0.30778,0.16204,0.00194
"8505",5.33333333333333,-5,0.555555555555555,8.9,0.21708,0.30595,0.1698,0.00145
"8506",6.26666666666667,-5,0.555555555555555,8.9,0.206,0.29858,0.17358,0.00136
"8507",7.2,-5,0.555555555555555,8.9,0.19607,0.28831,0.17215,0.00104
"8508",8.13333333333333,-5,0.555555555555555,8.9,0.18586,0.2782,0.16703,0.00097
"8509",9.06666666666667,-5,0.555555555555555,8.9,0.17741,0.26897,0.16507,0.00099
"8510",10,-5,0.555555555555555,8.9,0.17057,0.25957,0.16042,0.00088
"8511",1.6,-3.88888888888889,0.555555555555555,8.9,0.27807,0.24648,0.06303,0.02726
"8512",2.53333333333333,-3.88888888888889,0.555555555555555,8.9,0.27347,0.32712,0.14089,0.01228
"8513",3.46666666666667,-3.88888888888889,0.555555555555555,8.9,0.25829,0.34522,0.18019,0.00708
"8514",4.4,-3.88888888888889,0.555555555555555,8.9,0.24028,0.34122,0.19351,0.00584
"8515",5.33333333333333,-3.88888888888889,0.555555555555555,8.9,0.2246,0.32953,0.19313,0.00499
"8516",6.26666666666667,-3.88888888888889,0.555555555555555,8.9,0.21085,0.31624,0.18983,0.0045
"8517",7.2,-3.88888888888889,0.555555555555555,8.9,0.19867,0.30273,0.1832,0.00381
"8518",8.13333333333333,-3.88888888888889,0.555555555555555,8.9,0.18857,0.2889,0.17857,0.00392
"8519",9.06666666666667,-3.88888888888889,0.555555555555555,8.9,0.17995,0.27707,0.17307,0.00359
"8520",10,-3.88888888888889,0.555555555555555,8.9,0.172,0.26633,0.16573,0.0035
"8521",1.6,-2.77777777777778,0.555555555555555,8.9,0.3252,0.35347,0.11572,0.05217
"8522",2.53333333333333,-2.77777777777778,0.555555555555555,8.9,0.29965,0.40257,0.20095,0.02991
"8523",3.46666666666667,-2.77777777777778,0.555555555555555,8.9,0.27221,0.39322,0.22305,0.02414
"8524",4.4,-2.77777777777778,0.555555555555555,8.9,0.24905,0.373,0.2191,0.02084
"8525",5.33333333333333,-2.77777777777778,0.555555555555555,8.9,0.22997,0.35187,0.21379,0.01912
"8526",6.26666666666667,-2.77777777777778,0.555555555555555,8.9,0.21439,0.33088,0.20343,0.01792
"8527",7.2,-2.77777777777778,0.555555555555555,8.9,0.20205,0.3129,0.19438,0.01718
"8528",8.13333333333333,-2.77777777777778,0.555555555555555,8.9,0.19042,0.29777,0.18507,0.01679
"8529",9.06666666666667,-2.77777777777778,0.555555555555555,8.9,0.18143,0.28373,0.17701,0.01643
"8530",10,-2.77777777777778,0.555555555555555,8.9,0.17294,0.27148,0.17235,0.01549
"8531",1.6,-1.66666666666667,0.555555555555555,8.9,0.37317,0.49764,0.2213,0.12664
"8532",2.53333333333333,-1.66666666666667,0.555555555555555,8.9,0.32062,0.47521,0.27395,0.1005
"8533",3.46666666666667,-1.66666666666667,0.555555555555555,8.9,0.28369,0.43331,0.26413,0.09229
"8534",4.4,-1.66666666666667,0.555555555555555,8.9,0.25568,0.39803,0.2454,0.08729
"8535",5.33333333333333,-1.66666666666667,0.555555555555555,8.9,0.23364,0.36677,0.23023,0.08395
"8536",6.26666666666667,-1.66666666666667,0.555555555555555,8.9,0.21692,0.34156,0.21537,0.0829
"8537",7.2,-1.66666666666667,0.555555555555555,8.9,0.20333,0.31991,0.2024,0.08169
"8538",8.13333333333333,-1.66666666666667,0.555555555555555,8.9,0.1917,0.30228,0.19245,0.08039
"8539",9.06666666666667,-1.66666666666667,0.555555555555555,8.9,0.18202,0.28721,0.18114,0.08077
"8540",10,-1.66666666666667,0.555555555555555,8.9,0.17346,0.27453,0.17353,0.0789
"8541",1.6,-0.555555555555555,0.555555555555555,8.9,0.40697,0.62622,0.38104,0.44812
"8542",2.53333333333333,-0.555555555555555,0.555555555555555,8.9,0.33567,0.52346,0.33091,0.43341
"8543",3.46666666666667,-0.555555555555555,0.555555555555555,8.9,0.29056,0.45548,0.2898,0.42809
"8544",4.4,-0.555555555555555,0.555555555555555,8.9,0.25914,0.40816,0.25824,0.42596
"8545",5.33333333333333,-0.555555555555555,0.555555555555555,8.9,0.23637,0.37235,0.23654,0.4231
"8546",6.26666666666667,-0.555555555555555,0.555555555555555,8.9,0.21922,0.34561,0.22158,0.42367
"8547",7.2,-0.555555555555555,0.555555555555555,8.9,0.20485,0.32401,0.20591,0.42258
"8548",8.13333333333333,-0.555555555555555,0.555555555555555,8.9,0.19285,0.30606,0.19237,0.42267
"8549",9.06666666666667,-0.555555555555555,0.555555555555555,8.9,0.18294,0.2898,0.18432,0.42032
"8550",10,-0.555555555555555,0.555555555555555,8.9,0.17463,0.2764,0.17579,0.42208
"8551",1.6,0.555555555555555,0.555555555555555,8.9,0.40817,0.62815,0.37615,0.44726
"8552",2.53333333333333,0.555555555555555,0.555555555555555,8.9,0.33466,0.52348,0.33162,0.43341
"8553",3.46666666666667,0.555555555555555,0.555555555555555,8.9,0.29112,0.45581,0.28699,0.42878
"8554",4.4,0.555555555555555,0.555555555555555,8.9,0.26039,0.40888,0.2608,0.42615
"8555",5.33333333333333,0.555555555555555,0.555555555555555,8.9,0.2378,0.37417,0.23461,0.42489
"8556",6.26666666666667,0.555555555555555,0.555555555555555,8.9,0.2194,0.34674,0.2215,0.42367
"8557",7.2,0.555555555555555,0.555555555555555,8.9,0.2056,0.32447,0.2069,0.42259
"8558",8.13333333333333,0.555555555555555,0.555555555555555,8.9,0.19392,0.3057,0.1924,0.42252
"8559",9.06666666666667,0.555555555555555,0.555555555555555,8.9,0.18383,0.29078,0.18276,0.42159
"8560",10,0.555555555555555,0.555555555555555,8.9,0.17542,0.27731,0.17769,0.42107
"8561",1.6,1.66666666666667,0.555555555555555,8.9,0.37316,0.50227,0.22467,0.12839
"8562",2.53333333333333,1.66666666666667,0.555555555555555,8.9,0.32117,0.47768,0.27522,0.10145
"8563",3.46666666666667,1.66666666666667,0.555555555555555,8.9,0.2834,0.43305,0.26454,0.09162
"8564",4.4,1.66666666666667,0.555555555555555,8.9,0.25687,0.39596,0.24725,0.0877
"8565",5.33333333333333,1.66666666666667,0.555555555555555,8.9,0.23567,0.36542,0.2284,0.08485
"8566",6.26666666666667,1.66666666666667,0.555555555555555,8.9,0.21912,0.34127,0.21451,0.08342
"8567",7.2,1.66666666666667,0.555555555555555,8.9,0.20455,0.32125,0.20433,0.08161
"8568",8.13333333333333,1.66666666666667,0.555555555555555,8.9,0.19292,0.30345,0.19097,0.08105
"8569",9.06666666666667,1.66666666666667,0.555555555555555,8.9,0.18267,0.28895,0.18379,0.07968
"8570",10,1.66666666666667,0.555555555555555,8.9,0.17455,0.27563,0.17379,0.07916
"8571",1.6,2.77777777777778,0.555555555555555,8.9,0.32369,0.35838,0.1155,0.05257
"8572",2.53333333333333,2.77777777777778,0.555555555555555,8.9,0.30008,0.40694,0.20291,0.03058
"8573",3.46666666666667,2.77777777777778,0.555555555555555,8.9,0.27306,0.39667,0.22505,0.02334
"8574",4.4,2.77777777777778,0.555555555555555,8.9,0.24959,0.37457,0.22256,0.0213
"8575",5.33333333333333,2.77777777777778,0.555555555555555,8.9,0.23075,0.35204,0.2124,0.01932
"8576",6.26666666666667,2.77777777777778,0.555555555555555,8.9,0.21491,0.33101,0.20289,0.01801
"8577",7.2,2.77777777777778,0.555555555555555,8.9,0.20216,0.31319,0.19608,0.01678
"8578",8.13333333333333,2.77777777777778,0.555555555555555,8.9,0.19129,0.29819,0.18531,0.01706
"8579",9.06666666666667,2.77777777777778,0.555555555555555,8.9,0.18173,0.28467,0.17931,0.01644
"8580",10,2.77777777777778,0.555555555555555,8.9,0.17337,0.27205,0.1721,0.01581
"8581",1.6,3.88888888888889,0.555555555555555,8.9,0.27834,0.25007,0.06244,0.02712
"8582",2.53333333333333,3.88888888888889,0.555555555555555,8.9,0.27288,0.33097,0.13958,0.01143
"8583",3.46666666666667,3.88888888888889,0.555555555555555,8.9,0.25696,0.34994,0.17806,0.00755
"8584",4.4,3.88888888888889,0.555555555555555,8.9,0.2396,0.34463,0.18969,0.00592
"8585",5.33333333333333,3.88888888888889,0.555555555555555,8.9,0.22456,0.33114,0.19396,0.00485
"8586",6.26666666666667,3.88888888888889,0.555555555555555,8.9,0.21044,0.3172,0.19194,0.00439
"8587",7.2,3.88888888888889,0.555555555555555,8.9,0.19875,0.30286,0.18467,0.00406
"8588",8.13333333333333,3.88888888888889,0.555555555555555,8.9,0.18852,0.28894,0.17604,0.00383
"8589",9.06666666666667,3.88888888888889,0.555555555555555,8.9,0.17959,0.27787,0.16939,0.00346
"8590",10,3.88888888888889,0.555555555555555,8.9,0.1719,0.26768,0.16773,0.00361
"8591",1.6,5,0.555555555555555,8.9,0.23845,0.17943,0.03563,0.01577
"8592",2.53333333333333,5,0.555555555555555,8.9,0.24747,0.2656,0.09699,0.00502
"8593",3.46666666666667,5,0.555555555555555,8.9,0.24081,0.30175,0.14216,0.00293
"8594",4.4,5,0.555555555555555,8.9,0.22897,0.31176,0.16438,0.00198
"8595",5.33333333333333,5,0.555555555555555,8.9,0.21672,0.30843,0.16949,0.00128
"8596",6.26666666666667,5,0.555555555555555,8.9,0.20545,0.30044,0.17366,0.00124
"8597",7.2,5,0.555555555555555,8.9,0.19523,0.29045,0.17287,0.00105
"8598",8.13333333333333,5,0.555555555555555,8.9,0.18648,0.27957,0.17008,0.00092
"8599",9.06666666666667,5,0.555555555555555,8.9,0.17797,0.26901,0.16304,8e-04
"8600",10,5,0.555555555555555,8.9,0.17018,0.25985,0.15959,0.00074
"8601",1.6,-5,1.66666666666667,8.9,0.23844,0.17683,0.03635,0.01649
"8602",2.53333333333333,-5,1.66666666666667,8.9,0.24701,0.26102,0.09656,0.00539
"8603",3.46666666666667,-5,1.66666666666667,8.9,0.23981,0.29868,0.14069,0.00273
"8604",4.4,-5,1.66666666666667,8.9,0.22901,0.30778,0.16,0.00183
"8605",5.33333333333333,-5,1.66666666666667,8.9,0.21708,0.30595,0.17018,0.00145
"8606",6.26666666666667,-5,1.66666666666667,8.9,0.206,0.29858,0.1735,0.00117
"8607",7.2,-5,1.66666666666667,8.9,0.19607,0.28831,0.17047,0.00108
"8608",8.13333333333333,-5,1.66666666666667,8.9,0.18586,0.2782,0.16722,0.00101
"8609",9.06666666666667,-5,1.66666666666667,8.9,0.17741,0.26897,0.16467,0.00099
"8610",10,-5,1.66666666666667,8.9,0.17057,0.25957,0.15853,0.00089
"8611",1.6,-3.88888888888889,1.66666666666667,8.9,0.27807,0.24648,0.06183,0.02651
"8612",2.53333333333333,-3.88888888888889,1.66666666666667,8.9,0.27347,0.32712,0.14125,0.01145
"8613",3.46666666666667,-3.88888888888889,1.66666666666667,8.9,0.25829,0.34522,0.17931,0.0074
"8614",4.4,-3.88888888888889,1.66666666666667,8.9,0.24028,0.34122,0.19387,0.00589
"8615",5.33333333333333,-3.88888888888889,1.66666666666667,8.9,0.2246,0.32953,0.19414,0.00489
"8616",6.26666666666667,-3.88888888888889,1.66666666666667,8.9,0.21085,0.31624,0.1895,0.00444
"8617",7.2,-3.88888888888889,1.66666666666667,8.9,0.19867,0.30273,0.18567,0.00409
"8618",8.13333333333333,-3.88888888888889,1.66666666666667,8.9,0.18857,0.2889,0.179,0.00399
"8619",9.06666666666667,-3.88888888888889,1.66666666666667,8.9,0.17995,0.27707,0.17289,0.00361
"8620",10,-3.88888888888889,1.66666666666667,8.9,0.172,0.26633,0.16538,0.00353
"8621",1.6,-2.77777777777778,1.66666666666667,8.9,0.3252,0.35347,0.11487,0.05363
"8622",2.53333333333333,-2.77777777777778,1.66666666666667,8.9,0.29965,0.40257,0.20087,0.03075
"8623",3.46666666666667,-2.77777777777778,1.66666666666667,8.9,0.27221,0.39322,0.22203,0.02451
"8624",4.4,-2.77777777777778,1.66666666666667,8.9,0.24905,0.373,0.22205,0.02064
"8625",5.33333333333333,-2.77777777777778,1.66666666666667,8.9,0.22997,0.35187,0.21164,0.01937
"8626",6.26666666666667,-2.77777777777778,1.66666666666667,8.9,0.21439,0.33088,0.203,0.01795
"8627",7.2,-2.77777777777778,1.66666666666667,8.9,0.20205,0.3129,0.19503,0.01682
"8628",8.13333333333333,-2.77777777777778,1.66666666666667,8.9,0.19042,0.29777,0.18542,0.01649
"8629",9.06666666666667,-2.77777777777778,1.66666666666667,8.9,0.18143,0.28373,0.18064,0.01613
"8630",10,-2.77777777777778,1.66666666666667,8.9,0.17294,0.27148,0.17179,0.01606
"8631",1.6,-1.66666666666667,1.66666666666667,8.9,0.37317,0.49764,0.22472,0.12804
"8632",2.53333333333333,-1.66666666666667,1.66666666666667,8.9,0.32062,0.47521,0.27609,0.10195
"8633",3.46666666666667,-1.66666666666667,1.66666666666667,8.9,0.28369,0.43331,0.26302,0.09352
"8634",4.4,-1.66666666666667,1.66666666666667,8.9,0.25568,0.39803,0.24418,0.08742
"8635",5.33333333333333,-1.66666666666667,1.66666666666667,8.9,0.23364,0.36677,0.22863,0.08494
"8636",6.26666666666667,-1.66666666666667,1.66666666666667,8.9,0.21692,0.34156,0.21618,0.0827
"8637",7.2,-1.66666666666667,1.66666666666667,8.9,0.20333,0.31991,0.20222,0.08125
"8638",8.13333333333333,-1.66666666666667,1.66666666666667,8.9,0.1917,0.30228,0.19338,0.08002
"8639",9.06666666666667,-1.66666666666667,1.66666666666667,8.9,0.18202,0.28721,0.1822,0.07979
"8640",10,-1.66666666666667,1.66666666666667,8.9,0.17346,0.27453,0.17474,0.07919
"8641",1.6,-0.555555555555555,1.66666666666667,8.9,0.40697,0.62622,0.38059,0.44622
"8642",2.53333333333333,-0.555555555555555,1.66666666666667,8.9,0.33567,0.52346,0.32805,0.43488
"8643",3.46666666666667,-0.555555555555555,1.66666666666667,8.9,0.29056,0.45548,0.28802,0.42953
"8644",4.4,-0.555555555555555,1.66666666666667,8.9,0.25914,0.40816,0.25881,0.42698
"8645",5.33333333333333,-0.555555555555555,1.66666666666667,8.9,0.23637,0.37235,0.23734,0.42405
"8646",6.26666666666667,-0.555555555555555,1.66666666666667,8.9,0.21922,0.34561,0.22166,0.42242
"8647",7.2,-0.555555555555555,1.66666666666667,8.9,0.20485,0.32401,0.20565,0.42167
"8648",8.13333333333333,-0.555555555555555,1.66666666666667,8.9,0.19285,0.30606,0.19459,0.42179
"8649",9.06666666666667,-0.555555555555555,1.66666666666667,8.9,0.18294,0.2898,0.18468,0.42144
"8650",10,-0.555555555555555,1.66666666666667,8.9,0.17463,0.2764,0.17333,0.42143
"8651",1.6,0.555555555555555,1.66666666666667,8.9,0.40817,0.62815,0.37823,0.44797
"8652",2.53333333333333,0.555555555555555,1.66666666666667,8.9,0.33466,0.52348,0.33036,0.43657
"8653",3.46666666666667,0.555555555555555,1.66666666666667,8.9,0.29112,0.45581,0.2913,0.43013
"8654",4.4,0.555555555555555,1.66666666666667,8.9,0.26039,0.40888,0.25878,0.42664
"8655",5.33333333333333,0.555555555555555,1.66666666666667,8.9,0.2378,0.37417,0.23645,0.42426
"8656",6.26666666666667,0.555555555555555,1.66666666666667,8.9,0.2194,0.34674,0.22017,0.42372
"8657",7.2,0.555555555555555,1.66666666666667,8.9,0.2056,0.32447,0.20656,0.42249
"8658",8.13333333333333,0.555555555555555,1.66666666666667,8.9,0.19392,0.3057,0.19307,0.42135
"8659",9.06666666666667,0.555555555555555,1.66666666666667,8.9,0.18383,0.29078,0.184,0.42148
"8660",10,0.555555555555555,1.66666666666667,8.9,0.17542,0.27731,0.17511,0.42062
"8661",1.6,1.66666666666667,1.66666666666667,8.9,0.37316,0.50227,0.22195,0.12775
"8662",2.53333333333333,1.66666666666667,1.66666666666667,8.9,0.32117,0.47768,0.27365,0.10185
"8663",3.46666666666667,1.66666666666667,1.66666666666667,8.9,0.2834,0.43305,0.26563,0.09271
"8664",4.4,1.66666666666667,1.66666666666667,8.9,0.25687,0.39596,0.24327,0.08824
"8665",5.33333333333333,1.66666666666667,1.66666666666667,8.9,0.23567,0.36542,0.22708,0.08412
"8666",6.26666666666667,1.66666666666667,1.66666666666667,8.9,0.21912,0.34127,0.21724,0.0831
"8667",7.2,1.66666666666667,1.66666666666667,8.9,0.20455,0.32125,0.20468,0.08184
"8668",8.13333333333333,1.66666666666667,1.66666666666667,8.9,0.19292,0.30345,0.19011,0.08015
"8669",9.06666666666667,1.66666666666667,1.66666666666667,8.9,0.18267,0.28895,0.18404,0.07979
"8670",10,1.66666666666667,1.66666666666667,8.9,0.17455,0.27563,0.17504,0.07907
"8671",1.6,2.77777777777778,1.66666666666667,8.9,0.32369,0.35838,0.11763,0.05209
"8672",2.53333333333333,2.77777777777778,1.66666666666667,8.9,0.30008,0.40694,0.20332,0.0302
"8673",3.46666666666667,2.77777777777778,1.66666666666667,8.9,0.27306,0.39667,0.22158,0.02414
"8674",4.4,2.77777777777778,1.66666666666667,8.9,0.24959,0.37457,0.22428,0.02075
"8675",5.33333333333333,2.77777777777778,1.66666666666667,8.9,0.23075,0.35204,0.21247,0.01888
"8676",6.26666666666667,2.77777777777778,1.66666666666667,8.9,0.21491,0.33101,0.20314,0.01784
"8677",7.2,2.77777777777778,1.66666666666667,8.9,0.20216,0.31319,0.19457,0.0173
"8678",8.13333333333333,2.77777777777778,1.66666666666667,8.9,0.19129,0.29819,0.18709,0.01691
"8679",9.06666666666667,2.77777777777778,1.66666666666667,8.9,0.18173,0.28467,0.17777,0.01601
"8680",10,2.77777777777778,1.66666666666667,8.9,0.17337,0.27205,0.1701,0.016
"8681",1.6,3.88888888888889,1.66666666666667,8.9,0.27834,0.25007,0.06219,0.02734
"8682",2.53333333333333,3.88888888888889,1.66666666666667,8.9,0.27288,0.33097,0.14031,0.01132
"8683",3.46666666666667,3.88888888888889,1.66666666666667,8.9,0.25696,0.34994,0.18015,0.00738
"8684",4.4,3.88888888888889,1.66666666666667,8.9,0.2396,0.34463,0.19282,0.00582
"8685",5.33333333333333,3.88888888888889,1.66666666666667,8.9,0.22456,0.33114,0.19279,0.00499
"8686",6.26666666666667,3.88888888888889,1.66666666666667,8.9,0.21044,0.3172,0.19121,0.0045
"8687",7.2,3.88888888888889,1.66666666666667,8.9,0.19875,0.30286,0.1831,0.00405
"8688",8.13333333333333,3.88888888888889,1.66666666666667,8.9,0.18852,0.28894,0.17682,0.00375
"8689",9.06666666666667,3.88888888888889,1.66666666666667,8.9,0.17959,0.27787,0.17062,0.00369
"8690",10,3.88888888888889,1.66666666666667,8.9,0.1719,0.26768,0.16581,0.00336
"8691",1.6,5,1.66666666666667,8.9,0.23845,0.17943,0.03585,0.01659
"8692",2.53333333333333,5,1.66666666666667,8.9,0.24747,0.2656,0.09676,0.00524
"8693",3.46666666666667,5,1.66666666666667,8.9,0.24081,0.30175,0.14074,0.0026
"8694",4.4,5,1.66666666666667,8.9,0.22897,0.31176,0.16235,0.00192
"8695",5.33333333333333,5,1.66666666666667,8.9,0.21672,0.30843,0.1708,0.00143
"8696",6.26666666666667,5,1.66666666666667,8.9,0.20545,0.30044,0.17365,0.00117
"8697",7.2,5,1.66666666666667,8.9,0.19523,0.29045,0.17127,0.00119
"8698",8.13333333333333,5,1.66666666666667,8.9,0.18648,0.27957,0.16805,0.001
"8699",9.06666666666667,5,1.66666666666667,8.9,0.17797,0.26901,0.16495,0.00087
"8700",10,5,1.66666666666667,8.9,0.17018,0.25985,0.15943,0.00088
"8701",1.6,-5,2.77777777777778,8.9,0.23844,0.17683,0.03534,0.01631
"8702",2.53333333333333,-5,2.77777777777778,8.9,0.24701,0.26102,0.09518,0.00543
"8703",3.46666666666667,-5,2.77777777777778,8.9,0.23981,0.29868,0.14018,0.00278
"8704",4.4,-5,2.77777777777778,8.9,0.22901,0.30778,0.16236,0.00197
"8705",5.33333333333333,-5,2.77777777777778,8.9,0.21708,0.30595,0.17262,0.00134
"8706",6.26666666666667,-5,2.77777777777778,8.9,0.206,0.29858,0.17449,0.00127
"8707",7.2,-5,2.77777777777778,8.9,0.19607,0.28831,0.17012,0.00117
"8708",8.13333333333333,-5,2.77777777777778,8.9,0.18586,0.2782,0.16701,0.00092
"8709",9.06666666666667,-5,2.77777777777778,8.9,0.17741,0.26897,0.16649,0.00096
"8710",10,-5,2.77777777777778,8.9,0.17057,0.25957,0.15908,0.00087
"8711",1.6,-3.88888888888889,2.77777777777778,8.9,0.27807,0.24648,0.06244,0.02711
"8712",2.53333333333333,-3.88888888888889,2.77777777777778,8.9,0.27347,0.32712,0.13979,0.01161
"8713",3.46666666666667,-3.88888888888889,2.77777777777778,8.9,0.25829,0.34522,0.17829,0.00752
"8714",4.4,-3.88888888888889,2.77777777777778,8.9,0.24028,0.34122,0.19259,0.00607
"8715",5.33333333333333,-3.88888888888889,2.77777777777778,8.9,0.2246,0.32953,0.19446,0.0049
"8716",6.26666666666667,-3.88888888888889,2.77777777777778,8.9,0.21085,0.31624,0.18957,0.00427
"8717",7.2,-3.88888888888889,2.77777777777778,8.9,0.19867,0.30273,0.18452,0.00392
"8718",8.13333333333333,-3.88888888888889,2.77777777777778,8.9,0.18857,0.2889,0.18086,0.00385
"8719",9.06666666666667,-3.88888888888889,2.77777777777778,8.9,0.17995,0.27707,0.17129,0.00371
"8720",10,-3.88888888888889,2.77777777777778,8.9,0.172,0.26633,0.16574,0.00356
"8721",1.6,-2.77777777777778,2.77777777777778,8.9,0.3252,0.35347,0.11602,0.05305
"8722",2.53333333333333,-2.77777777777778,2.77777777777778,8.9,0.29965,0.40257,0.20052,0.03055
"8723",3.46666666666667,-2.77777777777778,2.77777777777778,8.9,0.27221,0.39322,0.22286,0.02333
"8724",4.4,-2.77777777777778,2.77777777777778,8.9,0.24905,0.373,0.22341,0.02115
"8725",5.33333333333333,-2.77777777777778,2.77777777777778,8.9,0.22997,0.35187,0.21492,0.01927
"8726",6.26666666666667,-2.77777777777778,2.77777777777778,8.9,0.21439,0.33088,0.20294,0.01791
"8727",7.2,-2.77777777777778,2.77777777777778,8.9,0.20205,0.3129,0.19578,0.01717
"8728",8.13333333333333,-2.77777777777778,2.77777777777778,8.9,0.19042,0.29777,0.18529,0.01646
"8729",9.06666666666667,-2.77777777777778,2.77777777777778,8.9,0.18143,0.28373,0.17635,0.01605
"8730",10,-2.77777777777778,2.77777777777778,8.9,0.17294,0.27148,0.17162,0.01613
"8731",1.6,-1.66666666666667,2.77777777777778,8.9,0.37317,0.49764,0.22548,0.12666
"8732",2.53333333333333,-1.66666666666667,2.77777777777778,8.9,0.32062,0.47521,0.27372,0.10241
"8733",3.46666666666667,-1.66666666666667,2.77777777777778,8.9,0.28369,0.43331,0.2634,0.09268
"8734",4.4,-1.66666666666667,2.77777777777778,8.9,0.25568,0.39803,0.24397,0.0873
"8735",5.33333333333333,-1.66666666666667,2.77777777777778,8.9,0.23364,0.36677,0.22951,0.0855
"8736",6.26666666666667,-1.66666666666667,2.77777777777778,8.9,0.21692,0.34156,0.21489,0.08329
"8737",7.2,-1.66666666666667,2.77777777777778,8.9,0.20333,0.31991,0.20219,0.08179
"8738",8.13333333333333,-1.66666666666667,2.77777777777778,8.9,0.1917,0.30228,0.19029,0.08059
"8739",9.06666666666667,-1.66666666666667,2.77777777777778,8.9,0.18202,0.28721,0.18184,0.07938
"8740",10,-1.66666666666667,2.77777777777778,8.9,0.17346,0.27453,0.17541,0.0791
"8741",1.6,-0.555555555555555,2.77777777777778,8.9,0.40697,0.62622,0.37628,0.44479
"8742",2.53333333333333,-0.555555555555555,2.77777777777778,8.9,0.33567,0.52346,0.32933,0.43348
"8743",3.46666666666667,-0.555555555555555,2.77777777777778,8.9,0.29056,0.45548,0.29044,0.42917
"8744",4.4,-0.555555555555555,2.77777777777778,8.9,0.25914,0.40816,0.25898,0.42563
"8745",5.33333333333333,-0.555555555555555,2.77777777777778,8.9,0.23637,0.37235,0.23832,0.4259
"8746",6.26666666666667,-0.555555555555555,2.77777777777778,8.9,0.21922,0.34561,0.222,0.42229
"8747",7.2,-0.555555555555555,2.77777777777778,8.9,0.20485,0.32401,0.20776,0.42267
"8748",8.13333333333333,-0.555555555555555,2.77777777777778,8.9,0.19285,0.30606,0.19545,0.42183
"8749",9.06666666666667,-0.555555555555555,2.77777777777778,8.9,0.18294,0.2898,0.1828,0.42217
"8750",10,-0.555555555555555,2.77777777777778,8.9,0.17463,0.2764,0.17535,0.42097
"8751",1.6,0.555555555555555,2.77777777777778,8.9,0.40817,0.62815,0.37829,0.44581
"8752",2.53333333333333,0.555555555555555,2.77777777777778,8.9,0.33466,0.52348,0.32928,0.43315
"8753",3.46666666666667,0.555555555555555,2.77777777777778,8.9,0.29112,0.45581,0.2898,0.4277
"8754",4.4,0.555555555555555,2.77777777777778,8.9,0.26039,0.40888,0.25878,0.42715
"8755",5.33333333333333,0.555555555555555,2.77777777777778,8.9,0.2378,0.37417,0.23749,0.42453
"8756",6.26666666666667,0.555555555555555,2.77777777777778,8.9,0.2194,0.34674,0.21912,0.42362
"8757",7.2,0.555555555555555,2.77777777777778,8.9,0.2056,0.32447,0.20362,0.42318
"8758",8.13333333333333,0.555555555555555,2.77777777777778,8.9,0.19392,0.3057,0.19619,0.42155
"8759",9.06666666666667,0.555555555555555,2.77777777777778,8.9,0.18383,0.29078,0.1844,0.42089
"8760",10,0.555555555555555,2.77777777777778,8.9,0.17542,0.27731,0.1749,0.4209
"8761",1.6,1.66666666666667,2.77777777777778,8.9,0.37316,0.50227,0.22346,0.12629
"8762",2.53333333333333,1.66666666666667,2.77777777777778,8.9,0.32117,0.47768,0.2754,0.10022
"8763",3.46666666666667,1.66666666666667,2.77777777777778,8.9,0.2834,0.43305,0.26406,0.09146
"8764",4.4,1.66666666666667,2.77777777777778,8.9,0.25687,0.39596,0.24601,0.08792
"8765",5.33333333333333,1.66666666666667,2.77777777777778,8.9,0.23567,0.36542,0.22936,0.08482
"8766",6.26666666666667,1.66666666666667,2.77777777777778,8.9,0.21912,0.34127,0.21641,0.08368
"8767",7.2,1.66666666666667,2.77777777777778,8.9,0.20455,0.32125,0.20294,0.08175
"8768",8.13333333333333,1.66666666666667,2.77777777777778,8.9,0.19292,0.30345,0.19117,0.08016
"8769",9.06666666666667,1.66666666666667,2.77777777777778,8.9,0.18267,0.28895,0.18026,0.08011
"8770",10,1.66666666666667,2.77777777777778,8.9,0.17455,0.27563,0.17511,0.0788
"8771",1.6,2.77777777777778,2.77777777777778,8.9,0.32369,0.35838,0.11594,0.05301
"8772",2.53333333333333,2.77777777777778,2.77777777777778,8.9,0.30008,0.40694,0.20328,0.03071
"8773",3.46666666666667,2.77777777777778,2.77777777777778,8.9,0.27306,0.39667,0.22183,0.02422
"8774",4.4,2.77777777777778,2.77777777777778,8.9,0.24959,0.37457,0.22264,0.02114
"8775",5.33333333333333,2.77777777777778,2.77777777777778,8.9,0.23075,0.35204,0.21508,0.01884
"8776",6.26666666666667,2.77777777777778,2.77777777777778,8.9,0.21491,0.33101,0.20254,0.01792
"8777",7.2,2.77777777777778,2.77777777777778,8.9,0.20216,0.31319,0.19475,0.01728
"8778",8.13333333333333,2.77777777777778,2.77777777777778,8.9,0.19129,0.29819,0.18639,0.0166
"8779",9.06666666666667,2.77777777777778,2.77777777777778,8.9,0.18173,0.28467,0.17726,0.01626
"8780",10,2.77777777777778,2.77777777777778,8.9,0.17337,0.27205,0.17226,0.01566
"8781",1.6,3.88888888888889,2.77777777777778,8.9,0.27834,0.25007,0.06197,0.02718
"8782",2.53333333333333,3.88888888888889,2.77777777777778,8.9,0.27288,0.33097,0.13951,0.01145
"8783",3.46666666666667,3.88888888888889,2.77777777777778,8.9,0.25696,0.34994,0.17986,0.00743
"8784",4.4,3.88888888888889,2.77777777777778,8.9,0.2396,0.34463,0.19342,0.00558
"8785",5.33333333333333,3.88888888888889,2.77777777777778,8.9,0.22456,0.33114,0.19162,0.00489
"8786",6.26666666666667,3.88888888888889,2.77777777777778,8.9,0.21044,0.3172,0.18876,0.00447
"8787",7.2,3.88888888888889,2.77777777777778,8.9,0.19875,0.30286,0.18505,0.00409
"8788",8.13333333333333,3.88888888888889,2.77777777777778,8.9,0.18852,0.28894,0.17999,0.00391
"8789",9.06666666666667,3.88888888888889,2.77777777777778,8.9,0.17959,0.27787,0.1733,0.00367
"8790",10,3.88888888888889,2.77777777777778,8.9,0.1719,0.26768,0.16567,0.0035
"8791",1.6,5,2.77777777777778,8.9,0.23845,0.17943,0.03426,0.01641
"8792",2.53333333333333,5,2.77777777777778,8.9,0.24747,0.2656,0.09762,0.00499
"8793",3.46666666666667,5,2.77777777777778,8.9,0.24081,0.30175,0.13925,0.00246
"8794",4.4,5,2.77777777777778,8.9,0.22897,0.31176,0.16279,0.00183
"8795",5.33333333333333,5,2.77777777777778,8.9,0.21672,0.30843,0.16881,0.00144
"8796",6.26666666666667,5,2.77777777777778,8.9,0.20545,0.30044,0.17362,0.00133
"8797",7.2,5,2.77777777777778,8.9,0.19523,0.29045,0.17271,0.00112
"8798",8.13333333333333,5,2.77777777777778,8.9,0.18648,0.27957,0.1672,0.00082
"8799",9.06666666666667,5,2.77777777777778,8.9,0.17797,0.26901,0.16535,0.00092
"8800",10,5,2.77777777777778,8.9,0.17018,0.25985,0.16042,0.00084
"8801",1.6,-5,3.88888888888889,8.9,0.23844,0.17683,0.0358,0.01604
"8802",2.53333333333333,-5,3.88888888888889,8.9,0.24701,0.26102,0.09742,0.00482
"8803",3.46666666666667,-5,3.88888888888889,8.9,0.23981,0.29868,0.14093,0.00256
"8804",4.4,-5,3.88888888888889,8.9,0.22901,0.30778,0.16197,0.00189
"8805",5.33333333333333,-5,3.88888888888889,8.9,0.21708,0.30595,0.17138,0.00146
"8806",6.26666666666667,-5,3.88888888888889,8.9,0.206,0.29858,0.17344,0.00125
"8807",7.2,-5,3.88888888888889,8.9,0.19607,0.28831,0.1717,0.00103
"8808",8.13333333333333,-5,3.88888888888889,8.9,0.18586,0.2782,0.16793,0.00089
"8809",9.06666666666667,-5,3.88888888888889,8.9,0.17741,0.26897,0.16611,0.00085
"8810",10,-5,3.88888888888889,8.9,0.17057,0.25957,0.16134,0.00101
"8811",1.6,-3.88888888888889,3.88888888888889,8.9,0.27807,0.24648,0.06182,0.02778
"8812",2.53333333333333,-3.88888888888889,3.88888888888889,8.9,0.27347,0.32712,0.14027,0.01179
"8813",3.46666666666667,-3.88888888888889,3.88888888888889,8.9,0.25829,0.34522,0.17883,0.00755
"8814",4.4,-3.88888888888889,3.88888888888889,8.9,0.24028,0.34122,0.19337,0.00566
"8815",5.33333333333333,-3.88888888888889,3.88888888888889,8.9,0.2246,0.32953,0.19319,0.00508
"8816",6.26666666666667,-3.88888888888889,3.88888888888889,8.9,0.21085,0.31624,0.19,0.0044
"8817",7.2,-3.88888888888889,3.88888888888889,8.9,0.19867,0.30273,0.18527,0.00399
"8818",8.13333333333333,-3.88888888888889,3.88888888888889,8.9,0.18857,0.2889,0.17943,0.00391
"8819",9.06666666666667,-3.88888888888889,3.88888888888889,8.9,0.17995,0.27707,0.17199,0.0037
"8820",10,-3.88888888888889,3.88888888888889,8.9,0.172,0.26633,0.16738,0.0035
"8821",1.6,-2.77777777777778,3.88888888888889,8.9,0.3252,0.35347,0.11724,0.05317
"8822",2.53333333333333,-2.77777777777778,3.88888888888889,8.9,0.29965,0.40257,0.20209,0.03107
"8823",3.46666666666667,-2.77777777777778,3.88888888888889,8.9,0.27221,0.39322,0.22272,0.02355
"8824",4.4,-2.77777777777778,3.88888888888889,8.9,0.24905,0.373,0.22252,0.02131
"8825",5.33333333333333,-2.77777777777778,3.88888888888889,8.9,0.22997,0.35187,0.21314,0.01934
"8826",6.26666666666667,-2.77777777777778,3.88888888888889,8.9,0.21439,0.33088,0.20423,0.01822
"8827",7.2,-2.77777777777778,3.88888888888889,8.9,0.20205,0.3129,0.19516,0.01732
"8828",8.13333333333333,-2.77777777777778,3.88888888888889,8.9,0.19042,0.29777,0.18756,0.0168
"8829",9.06666666666667,-2.77777777777778,3.88888888888889,8.9,0.18143,0.28373,0.17742,0.01586
"8830",10,-2.77777777777778,3.88888888888889,8.9,0.17294,0.27148,0.17016,0.01605
"8831",1.6,-1.66666666666667,3.88888888888889,8.9,0.37317,0.49764,0.22166,0.12852
"8832",2.53333333333333,-1.66666666666667,3.88888888888889,8.9,0.32062,0.47521,0.27191,0.10144
"8833",3.46666666666667,-1.66666666666667,3.88888888888889,8.9,0.28369,0.43331,0.26617,0.09184
"8834",4.4,-1.66666666666667,3.88888888888889,8.9,0.25568,0.39803,0.2483,0.08748
"8835",5.33333333333333,-1.66666666666667,3.88888888888889,8.9,0.23364,0.36677,0.23046,0.08501
"8836",6.26666666666667,-1.66666666666667,3.88888888888889,8.9,0.21692,0.34156,0.21566,0.08288
"8837",7.2,-1.66666666666667,3.88888888888889,8.9,0.20333,0.31991,0.20095,0.08117
"8838",8.13333333333333,-1.66666666666667,3.88888888888889,8.9,0.1917,0.30228,0.19232,0.08005
"8839",9.06666666666667,-1.66666666666667,3.88888888888889,8.9,0.18202,0.28721,0.184,0.07957
"8840",10,-1.66666666666667,3.88888888888889,8.9,0.17346,0.27453,0.17274,0.07934
"8841",1.6,-0.555555555555555,3.88888888888889,8.9,0.40697,0.62622,0.37924,0.44527
"8842",2.53333333333333,-0.555555555555555,3.88888888888889,8.9,0.33567,0.52346,0.32948,0.43613
"8843",3.46666666666667,-0.555555555555555,3.88888888888889,8.9,0.29056,0.45548,0.28924,0.4301
"8844",4.4,-0.555555555555555,3.88888888888889,8.9,0.25914,0.40816,0.25991,0.42651
"8845",5.33333333333333,-0.555555555555555,3.88888888888889,8.9,0.23637,0.37235,0.24001,0.42494
"8846",6.26666666666667,-0.555555555555555,3.88888888888889,8.9,0.21922,0.34561,0.22009,0.4239
"8847",7.2,-0.555555555555555,3.88888888888889,8.9,0.20485,0.32401,0.20931,0.42264
"8848",8.13333333333333,-0.555555555555555,3.88888888888889,8.9,0.19285,0.30606,0.19572,0.42236
"8849",9.06666666666667,-0.555555555555555,3.88888888888889,8.9,0.18294,0.2898,0.18439,0.42255
"8850",10,-0.555555555555555,3.88888888888889,8.9,0.17463,0.2764,0.17666,0.42144
"8851",1.6,0.555555555555555,3.88888888888889,8.9,0.40817,0.62815,0.38009,0.4461
"8852",2.53333333333333,0.555555555555555,3.88888888888889,8.9,0.33466,0.52348,0.33019,0.43452
"8853",3.46666666666667,0.555555555555555,3.88888888888889,8.9,0.29112,0.45581,0.29,0.42896
"8854",4.4,0.555555555555555,3.88888888888889,8.9,0.26039,0.40888,0.26061,0.4257
"8855",5.33333333333333,0.555555555555555,3.88888888888889,8.9,0.2378,0.37417,0.23778,0.4248
"8856",6.26666666666667,0.555555555555555,3.88888888888889,8.9,0.2194,0.34674,0.21829,0.42324
"8857",7.2,0.555555555555555,3.88888888888889,8.9,0.2056,0.32447,0.20521,0.42258
"8858",8.13333333333333,0.555555555555555,3.88888888888889,8.9,0.19392,0.3057,0.19402,0.42224
"8859",9.06666666666667,0.555555555555555,3.88888888888889,8.9,0.18383,0.29078,0.18439,0.42172
"8860",10,0.555555555555555,3.88888888888889,8.9,0.17542,0.27731,0.17544,0.42166
"8861",1.6,1.66666666666667,3.88888888888889,8.9,0.37316,0.50227,0.22595,0.12787
"8862",2.53333333333333,1.66666666666667,3.88888888888889,8.9,0.32117,0.47768,0.27505,0.10181
"8863",3.46666666666667,1.66666666666667,3.88888888888889,8.9,0.2834,0.43305,0.26235,0.09195
"8864",4.4,1.66666666666667,3.88888888888889,8.9,0.25687,0.39596,0.24652,0.0874
"8865",5.33333333333333,1.66666666666667,3.88888888888889,8.9,0.23567,0.36542,0.22924,0.08506
"8866",6.26666666666667,1.66666666666667,3.88888888888889,8.9,0.21912,0.34127,0.21442,0.08281
"8867",7.2,1.66666666666667,3.88888888888889,8.9,0.20455,0.32125,0.20112,0.08144
"8868",8.13333333333333,1.66666666666667,3.88888888888889,8.9,0.19292,0.30345,0.19166,0.07983
"8869",9.06666666666667,1.66666666666667,3.88888888888889,8.9,0.18267,0.28895,0.18315,0.07988
"8870",10,1.66666666666667,3.88888888888889,8.9,0.17455,0.27563,0.17489,0.07869
"8871",1.6,2.77777777777778,3.88888888888889,8.9,0.32369,0.35838,0.11499,0.05238
"8872",2.53333333333333,2.77777777777778,3.88888888888889,8.9,0.30008,0.40694,0.2011,0.03059
"8873",3.46666666666667,2.77777777777778,3.88888888888889,8.9,0.27306,0.39667,0.22491,0.02318
"8874",4.4,2.77777777777778,3.88888888888889,8.9,0.24959,0.37457,0.22037,0.02113
"8875",5.33333333333333,2.77777777777778,3.88888888888889,8.9,0.23075,0.35204,0.21581,0.01915
"8876",6.26666666666667,2.77777777777778,3.88888888888889,8.9,0.21491,0.33101,0.20501,0.01757
"8877",7.2,2.77777777777778,3.88888888888889,8.9,0.20216,0.31319,0.19463,0.01683
"8878",8.13333333333333,2.77777777777778,3.88888888888889,8.9,0.19129,0.29819,0.18598,0.0168
"8879",9.06666666666667,2.77777777777778,3.88888888888889,8.9,0.18173,0.28467,0.17668,0.01639
"8880",10,2.77777777777778,3.88888888888889,8.9,0.17337,0.27205,0.17042,0.01542
"8881",1.6,3.88888888888889,3.88888888888889,8.9,0.27834,0.25007,0.062,0.02746
"8882",2.53333333333333,3.88888888888889,3.88888888888889,8.9,0.27288,0.33097,0.14006,0.01127
"8883",3.46666666666667,3.88888888888889,3.88888888888889,8.9,0.25696,0.34994,0.17934,0.0074
"8884",4.4,3.88888888888889,3.88888888888889,8.9,0.2396,0.34463,0.19331,0.00612
"8885",5.33333333333333,3.88888888888889,3.88888888888889,8.9,0.22456,0.33114,0.19312,0.00502
"8886",6.26666666666667,3.88888888888889,3.88888888888889,8.9,0.21044,0.3172,0.18971,0.00464
"8887",7.2,3.88888888888889,3.88888888888889,8.9,0.19875,0.30286,0.1847,0.00412
"8888",8.13333333333333,3.88888888888889,3.88888888888889,8.9,0.18852,0.28894,0.17759,0.00384
"8889",9.06666666666667,3.88888888888889,3.88888888888889,8.9,0.17959,0.27787,0.17286,0.00372
"8890",10,3.88888888888889,3.88888888888889,8.9,0.1719,0.26768,0.16705,0.00359
"8891",1.6,5,3.88888888888889,8.9,0.23845,0.17943,0.03555,0.01607
"8892",2.53333333333333,5,3.88888888888889,8.9,0.24747,0.2656,0.09805,0.00507
"8893",3.46666666666667,5,3.88888888888889,8.9,0.24081,0.30175,0.13964,0.00308
"8894",4.4,5,3.88888888888889,8.9,0.22897,0.31176,0.16099,0.00192
"8895",5.33333333333333,5,3.88888888888889,8.9,0.21672,0.30843,0.17254,0.00148
"8896",6.26666666666667,5,3.88888888888889,8.9,0.20545,0.30044,0.17372,0.0012
"8897",7.2,5,3.88888888888889,8.9,0.19523,0.29045,0.17161,0.00096
"8898",8.13333333333333,5,3.88888888888889,8.9,0.18648,0.27957,0.16847,0.00104
"8899",9.06666666666667,5,3.88888888888889,8.9,0.17797,0.26901,0.16391,0.00097
"8900",10,5,3.88888888888889,8.9,0.17018,0.25985,0.16084,0.00081
"8901",1.6,-5,5,8.9,0.23844,0.17683,0.03614,0.01611
"8902",2.53333333333333,-5,5,8.9,0.24701,0.26102,0.09715,0.0048
"8903",3.46666666666667,-5,5,8.9,0.23981,0.29868,0.14049,0.00279
"8904",4.4,-5,5,8.9,0.22901,0.30778,0.16009,0.00192
"8905",5.33333333333333,-5,5,8.9,0.21708,0.30595,0.17249,0.0015
"8906",6.26666666666667,-5,5,8.9,0.206,0.29858,0.1724,0.00125
"8907",7.2,-5,5,8.9,0.19607,0.28831,0.17197,0.00103
"8908",8.13333333333333,-5,5,8.9,0.18586,0.2782,0.16851,9e-04
"8909",9.06666666666667,-5,5,8.9,0.17741,0.26897,0.16565,0.00088
"8910",10,-5,5,8.9,0.17057,0.25957,0.16035,0.00094
"8911",1.6,-3.88888888888889,5,8.9,0.27807,0.24648,0.06192,0.02727
"8912",2.53333333333333,-3.88888888888889,5,8.9,0.27347,0.32712,0.13969,0.01185
"8913",3.46666666666667,-3.88888888888889,5,8.9,0.25829,0.34522,0.1798,0.00756
"8914",4.4,-3.88888888888889,5,8.9,0.24028,0.34122,0.19239,0.00602
"8915",5.33333333333333,-3.88888888888889,5,8.9,0.2246,0.32953,0.19477,0.00498
"8916",6.26666666666667,-3.88888888888889,5,8.9,0.21085,0.31624,0.19059,0.00461
"8917",7.2,-3.88888888888889,5,8.9,0.19867,0.30273,0.1839,0.0041
"8918",8.13333333333333,-3.88888888888889,5,8.9,0.18857,0.2889,0.17825,0.00372
"8919",9.06666666666667,-3.88888888888889,5,8.9,0.17995,0.27707,0.17102,0.00355
"8920",10,-3.88888888888889,5,8.9,0.172,0.26633,0.16756,0.00365
"8921",1.6,-2.77777777777778,5,8.9,0.3252,0.35347,0.11673,0.05215
"8922",2.53333333333333,-2.77777777777778,5,8.9,0.29965,0.40257,0.20158,0.03055
"8923",3.46666666666667,-2.77777777777778,5,8.9,0.27221,0.39322,0.22506,0.02366
"8924",4.4,-2.77777777777778,5,8.9,0.24905,0.373,0.22078,0.02075
"8925",5.33333333333333,-2.77777777777778,5,8.9,0.22997,0.35187,0.21436,0.01872
"8926",6.26666666666667,-2.77777777777778,5,8.9,0.21439,0.33088,0.20385,0.01828
"8927",7.2,-2.77777777777778,5,8.9,0.20205,0.3129,0.19658,0.0171
"8928",8.13333333333333,-2.77777777777778,5,8.9,0.19042,0.29777,0.1868,0.01704
"8929",9.06666666666667,-2.77777777777778,5,8.9,0.18143,0.28373,0.17756,0.01609
"8930",10,-2.77777777777778,5,8.9,0.17294,0.27148,0.17013,0.0161
"8931",1.6,-1.66666666666667,5,8.9,0.37317,0.49764,0.22376,0.12791
"8932",2.53333333333333,-1.66666666666667,5,8.9,0.32062,0.47521,0.27506,0.10078
"8933",3.46666666666667,-1.66666666666667,5,8.9,0.28369,0.43331,0.26384,0.0916
"8934",4.4,-1.66666666666667,5,8.9,0.25568,0.39803,0.24656,0.08741
"8935",5.33333333333333,-1.66666666666667,5,8.9,0.23364,0.36677,0.23005,0.0842
"8936",6.26666666666667,-1.66666666666667,5,8.9,0.21692,0.34156,0.21243,0.0823
"8937",7.2,-1.66666666666667,5,8.9,0.20333,0.31991,0.203,0.0816
"8938",8.13333333333333,-1.66666666666667,5,8.9,0.1917,0.30228,0.19052,0.08006
"8939",9.06666666666667,-1.66666666666667,5,8.9,0.18202,0.28721,0.18552,0.0791
"8940",10,-1.66666666666667,5,8.9,0.17346,0.27453,0.17337,0.07942
"8941",1.6,-0.555555555555555,5,8.9,0.40697,0.62622,0.37834,0.44665
"8942",2.53333333333333,-0.555555555555555,5,8.9,0.33567,0.52346,0.32835,0.43449
"8943",3.46666666666667,-0.555555555555555,5,8.9,0.29056,0.45548,0.29116,0.42881
"8944",4.4,-0.555555555555555,5,8.9,0.25914,0.40816,0.25855,0.42487
"8945",5.33333333333333,-0.555555555555555,5,8.9,0.23637,0.37235,0.23731,0.42447
"8946",6.26666666666667,-0.555555555555555,5,8.9,0.21922,0.34561,0.22166,0.42363
"8947",7.2,-0.555555555555555,5,8.9,0.20485,0.32401,0.20881,0.42319
"8948",8.13333333333333,-0.555555555555555,5,8.9,0.19285,0.30606,0.19401,0.42315
"8949",9.06666666666667,-0.555555555555555,5,8.9,0.18294,0.2898,0.18419,0.42273
"8950",10,-0.555555555555555,5,8.9,0.17463,0.2764,0.17621,0.42074
"8951",1.6,0.555555555555555,5,8.9,0.40817,0.62815,0.37859,0.44566
"8952",2.53333333333333,0.555555555555555,5,8.9,0.33466,0.52348,0.33284,0.4342
"8953",3.46666666666667,0.555555555555555,5,8.9,0.29112,0.45581,0.2887,0.42851
"8954",4.4,0.555555555555555,5,8.9,0.26039,0.40888,0.25673,0.42605
"8955",5.33333333333333,0.555555555555555,5,8.9,0.2378,0.37417,0.23593,0.42455
"8956",6.26666666666667,0.555555555555555,5,8.9,0.2194,0.34674,0.22087,0.42236
"8957",7.2,0.555555555555555,5,8.9,0.2056,0.32447,0.2043,0.42314
"8958",8.13333333333333,0.555555555555555,5,8.9,0.19392,0.3057,0.19212,0.42301
"8959",9.06666666666667,0.555555555555555,5,8.9,0.18383,0.29078,0.18429,0.42175
"8960",10,0.555555555555555,5,8.9,0.17542,0.27731,0.17436,0.42096
"8961",1.6,1.66666666666667,5,8.9,0.37316,0.50227,0.224,0.12789
"8962",2.53333333333333,1.66666666666667,5,8.9,0.32117,0.47768,0.2735,0.10151
"8963",3.46666666666667,1.66666666666667,5,8.9,0.2834,0.43305,0.26258,0.09127
"8964",4.4,1.66666666666667,5,8.9,0.25687,0.39596,0.2454,0.08737
"8965",5.33333333333333,1.66666666666667,5,8.9,0.23567,0.36542,0.22563,0.08373
"8966",6.26666666666667,1.66666666666667,5,8.9,0.21912,0.34127,0.21445,0.08292
"8967",7.2,1.66666666666667,5,8.9,0.20455,0.32125,0.204,0.08125
"8968",8.13333333333333,1.66666666666667,5,8.9,0.19292,0.30345,0.19164,0.08029
"8969",9.06666666666667,1.66666666666667,5,8.9,0.18267,0.28895,0.18201,0.08002
"8970",10,1.66666666666667,5,8.9,0.17455,0.27563,0.17256,0.07996
"8971",1.6,2.77777777777778,5,8.9,0.32369,0.35838,0.11622,0.05298
"8972",2.53333333333333,2.77777777777778,5,8.9,0.30008,0.40694,0.2001,0.03067
"8973",3.46666666666667,2.77777777777778,5,8.9,0.27306,0.39667,0.22435,0.02478
"8974",4.4,2.77777777777778,5,8.9,0.24959,0.37457,0.22364,0.02116
"8975",5.33333333333333,2.77777777777778,5,8.9,0.23075,0.35204,0.21293,0.01891
"8976",6.26666666666667,2.77777777777778,5,8.9,0.21491,0.33101,0.20498,0.01805
"8977",7.2,2.77777777777778,5,8.9,0.20216,0.31319,0.19661,0.0171
"8978",8.13333333333333,2.77777777777778,5,8.9,0.19129,0.29819,0.18736,0.01655
"8979",9.06666666666667,2.77777777777778,5,8.9,0.18173,0.28467,0.17814,0.0157
"8980",10,2.77777777777778,5,8.9,0.17337,0.27205,0.17164,0.01603
"8981",1.6,3.88888888888889,5,8.9,0.27834,0.25007,0.06164,0.02751
"8982",2.53333333333333,3.88888888888889,5,8.9,0.27288,0.33097,0.14095,0.01184
"8983",3.46666666666667,3.88888888888889,5,8.9,0.25696,0.34994,0.17814,0.00784
"8984",4.4,3.88888888888889,5,8.9,0.2396,0.34463,0.19175,0.00577
"8985",5.33333333333333,3.88888888888889,5,8.9,0.22456,0.33114,0.19372,0.00508
"8986",6.26666666666667,3.88888888888889,5,8.9,0.21044,0.3172,0.18994,0.00431
"8987",7.2,3.88888888888889,5,8.9,0.19875,0.30286,0.18588,0.00425
"8988",8.13333333333333,3.88888888888889,5,8.9,0.18852,0.28894,0.17631,0.00384
"8989",9.06666666666667,3.88888888888889,5,8.9,0.17959,0.27787,0.17092,0.00349
"8990",10,3.88888888888889,5,8.9,0.1719,0.26768,0.16756,0.00349
"8991",1.6,5,5,8.9,0.23845,0.17943,0.03562,0.0163
"8992",2.53333333333333,5,5,8.9,0.24747,0.2656,0.09626,0.00448
"8993",3.46666666666667,5,5,8.9,0.24081,0.30175,0.14114,0.00287
"8994",4.4,5,5,8.9,0.22897,0.31176,0.16234,0.00187
"8995",5.33333333333333,5,5,8.9,0.21672,0.30843,0.17161,0.00141
"8996",6.26666666666667,5,5,8.9,0.20545,0.30044,0.17174,0.00122
"8997",7.2,5,5,8.9,0.19523,0.29045,0.17158,0.00104
"8998",8.13333333333333,5,5,8.9,0.18648,0.27957,0.16796,0.00109
"8999",9.06666666666667,5,5,8.9,0.17797,0.26901,0.1631,0.00091
"9000",10,5,5,8.9,0.17018,0.25985,0.16028,0.00082
"9001",1.6,-5,-5,10,0.23844,0.17683,0.03515,0.01574
"9002",2.53333333333333,-5,-5,10,0.24701,0.26102,0.09636,0.00494
"9003",3.46666666666667,-5,-5,10,0.23981,0.29868,0.14079,0.00255
"9004",4.4,-5,-5,10,0.22901,0.30778,0.16182,0.00203
"9005",5.33333333333333,-5,-5,10,0.21708,0.30595,0.17088,0.00151
"9006",6.26666666666667,-5,-5,10,0.206,0.29858,0.1739,0.00126
"9007",7.2,-5,-5,10,0.19607,0.28831,0.17132,0.00115
"9008",8.13333333333333,-5,-5,10,0.18586,0.2782,0.16899,0.00096
"9009",9.06666666666667,-5,-5,10,0.17741,0.26897,0.16319,0.00091
"9010",10,-5,-5,10,0.17057,0.25957,0.15979,0.00078
"9011",1.6,-3.88888888888889,-5,10,0.27807,0.24648,0.06204,0.02839
"9012",2.53333333333333,-3.88888888888889,-5,10,0.27347,0.32712,0.14007,0.01151
"9013",3.46666666666667,-3.88888888888889,-5,10,0.25829,0.34522,0.17936,0.00738
"9014",4.4,-3.88888888888889,-5,10,0.24028,0.34122,0.19134,0.00579
"9015",5.33333333333333,-3.88888888888889,-5,10,0.2246,0.32953,0.19194,0.0049
"9016",6.26666666666667,-3.88888888888889,-5,10,0.21085,0.31624,0.1904,0.00474
"9017",7.2,-3.88888888888889,-5,10,0.19867,0.30273,0.18079,0.00395
"9018",8.13333333333333,-3.88888888888889,-5,10,0.18857,0.2889,0.17631,0.00391
"9019",9.06666666666667,-3.88888888888889,-5,10,0.17995,0.27707,0.17259,0.00374
"9020",10,-3.88888888888889,-5,10,0.172,0.26633,0.16734,0.00325
"9021",1.6,-2.77777777777778,-5,10,0.3252,0.35347,0.11483,0.05264
"9022",2.53333333333333,-2.77777777777778,-5,10,0.29965,0.40257,0.20302,0.02995
"9023",3.46666666666667,-2.77777777777778,-5,10,0.27221,0.39322,0.22155,0.02434
"9024",4.4,-2.77777777777778,-5,10,0.24905,0.373,0.22283,0.02083
"9025",5.33333333333333,-2.77777777777778,-5,10,0.22997,0.35187,0.21455,0.01884
"9026",6.26666666666667,-2.77777777777778,-5,10,0.21439,0.33088,0.20384,0.01837
"9027",7.2,-2.77777777777778,-5,10,0.20205,0.3129,0.19604,0.01709
"9028",8.13333333333333,-2.77777777777778,-5,10,0.19042,0.29777,0.18601,0.01693
"9029",9.06666666666667,-2.77777777777778,-5,10,0.18143,0.28373,0.17923,0.01604
"9030",10,-2.77777777777778,-5,10,0.17294,0.27148,0.17246,0.01576
"9031",1.6,-1.66666666666667,-5,10,0.37317,0.49764,0.22255,0.12682
"9032",2.53333333333333,-1.66666666666667,-5,10,0.32062,0.47521,0.2727,0.10213
"9033",3.46666666666667,-1.66666666666667,-5,10,0.28369,0.43331,0.26542,0.09197
"9034",4.4,-1.66666666666667,-5,10,0.25568,0.39803,0.24595,0.08803
"9035",5.33333333333333,-1.66666666666667,-5,10,0.23364,0.36677,0.22862,0.0846
"9036",6.26666666666667,-1.66666666666667,-5,10,0.21692,0.34156,0.21563,0.0821
"9037",7.2,-1.66666666666667,-5,10,0.20333,0.31991,0.20342,0.0813
"9038",8.13333333333333,-1.66666666666667,-5,10,0.1917,0.30228,0.19157,0.08031
"9039",9.06666666666667,-1.66666666666667,-5,10,0.18202,0.28721,0.18234,0.08019
"9040",10,-1.66666666666667,-5,10,0.17346,0.27453,0.17549,0.07953
"9041",1.6,-0.555555555555555,-5,10,0.40697,0.62622,0.37831,0.44717
"9042",2.53333333333333,-0.555555555555555,-5,10,0.33567,0.52346,0.3303,0.433
"9043",3.46666666666667,-0.555555555555555,-5,10,0.29056,0.45548,0.28663,0.42872
"9044",4.4,-0.555555555555555,-5,10,0.25914,0.40816,0.25875,0.42665
"9045",5.33333333333333,-0.555555555555555,-5,10,0.23637,0.37235,0.23883,0.42437
"9046",6.26666666666667,-0.555555555555555,-5,10,0.21922,0.34561,0.21966,0.42328
"9047",7.2,-0.555555555555555,-5,10,0.20485,0.32401,0.20535,0.42184
"9048",8.13333333333333,-0.555555555555555,-5,10,0.19285,0.30606,0.1934,0.42211
"9049",9.06666666666667,-0.555555555555555,-5,10,0.18294,0.2898,0.18555,0.42097
"9050",10,-0.555555555555555,-5,10,0.17463,0.2764,0.17666,0.42088
"9051",1.6,0.555555555555555,-5,10,0.40817,0.62815,0.3769,0.44669
"9052",2.53333333333333,0.555555555555555,-5,10,0.33466,0.52348,0.33046,0.43386
"9053",3.46666666666667,0.555555555555555,-5,10,0.29112,0.45581,0.28892,0.42906
"9054",4.4,0.555555555555555,-5,10,0.26039,0.40888,0.26218,0.42584
"9055",5.33333333333333,0.555555555555555,-5,10,0.2378,0.37417,0.23908,0.42409
"9056",6.26666666666667,0.555555555555555,-5,10,0.2194,0.34674,0.2184,0.42312
"9057",7.2,0.555555555555555,-5,10,0.2056,0.32447,0.20708,0.42361
"9058",8.13333333333333,0.555555555555555,-5,10,0.19392,0.3057,0.19503,0.42203
"9059",9.06666666666667,0.555555555555555,-5,10,0.18383,0.29078,0.18638,0.42167
"9060",10,0.555555555555555,-5,10,0.17542,0.27731,0.17723,0.41955
"9061",1.6,1.66666666666667,-5,10,0.37316,0.50227,0.22377,0.12737
"9062",2.53333333333333,1.66666666666667,-5,10,0.32117,0.47768,0.27424,0.10181
"9063",3.46666666666667,1.66666666666667,-5,10,0.2834,0.43305,0.26257,0.0921
"9064",4.4,1.66666666666667,-5,10,0.25687,0.39596,0.24597,0.08765
"9065",5.33333333333333,1.66666666666667,-5,10,0.23567,0.36542,0.22843,0.0842
"9066",6.26666666666667,1.66666666666667,-5,10,0.21912,0.34127,0.21423,0.08301
"9067",7.2,1.66666666666667,-5,10,0.20455,0.32125,0.20393,0.08117
"9068",8.13333333333333,1.66666666666667,-5,10,0.19292,0.30345,0.19117,0.08092
"9069",9.06666666666667,1.66666666666667,-5,10,0.18267,0.28895,0.18222,0.07989
"9070",10,1.66666666666667,-5,10,0.17455,0.27563,0.17419,0.07879
"9071",1.6,2.77777777777778,-5,10,0.32369,0.35838,0.11541,0.05317
"9072",2.53333333333333,2.77777777777778,-5,10,0.30008,0.40694,0.20338,0.03053
"9073",3.46666666666667,2.77777777777778,-5,10,0.27306,0.39667,0.2223,0.02449
"9074",4.4,2.77777777777778,-5,10,0.24959,0.37457,0.22206,0.02074
"9075",5.33333333333333,2.77777777777778,-5,10,0.23075,0.35204,0.21472,0.01919
"9076",6.26666666666667,2.77777777777778,-5,10,0.21491,0.33101,0.2023,0.01823
"9077",7.2,2.77777777777778,-5,10,0.20216,0.31319,0.19723,0.01689
"9078",8.13333333333333,2.77777777777778,-5,10,0.19129,0.29819,0.18637,0.01713
"9079",9.06666666666667,2.77777777777778,-5,10,0.18173,0.28467,0.17778,0.01604
"9080",10,2.77777777777778,-5,10,0.17337,0.27205,0.16927,0.01579
"9081",1.6,3.88888888888889,-5,10,0.27834,0.25007,0.06215,0.02755
"9082",2.53333333333333,3.88888888888889,-5,10,0.27288,0.33097,0.14151,0.01168
"9083",3.46666666666667,3.88888888888889,-5,10,0.25696,0.34994,0.18092,0.00761
"9084",4.4,3.88888888888889,-5,10,0.2396,0.34463,0.19459,0.00584
"9085",5.33333333333333,3.88888888888889,-5,10,0.22456,0.33114,0.19209,0.00468
"9086",6.26666666666667,3.88888888888889,-5,10,0.21044,0.3172,0.18924,0.00433
"9087",7.2,3.88888888888889,-5,10,0.19875,0.30286,0.18301,0.00442
"9088",8.13333333333333,3.88888888888889,-5,10,0.18852,0.28894,0.17558,0.00375
"9089",9.06666666666667,3.88888888888889,-5,10,0.17959,0.27787,0.1723,0.00365
"9090",10,3.88888888888889,-5,10,0.1719,0.26768,0.16629,0.00351
"9091",1.6,5,-5,10,0.23845,0.17943,0.03502,0.01662
"9092",2.53333333333333,5,-5,10,0.24747,0.2656,0.0986,0.0049
"9093",3.46666666666667,5,-5,10,0.24081,0.30175,0.14114,0.00247
"9094",4.4,5,-5,10,0.22897,0.31176,0.16229,0.00182
"9095",5.33333333333333,5,-5,10,0.21672,0.30843,0.17184,0.00144
"9096",6.26666666666667,5,-5,10,0.20545,0.30044,0.17342,0.00129
"9097",7.2,5,-5,10,0.19523,0.29045,0.17259,0.00112
"9098",8.13333333333333,5,-5,10,0.18648,0.27957,0.16657,0.00099
"9099",9.06666666666667,5,-5,10,0.17797,0.26901,0.16582,9e-04
"9100",10,5,-5,10,0.17018,0.25985,0.15885,8e-04
"9101",1.6,-5,-3.88888888888889,10,0.23844,0.17683,0.03624,0.0161
"9102",2.53333333333333,-5,-3.88888888888889,10,0.24701,0.26102,0.09632,0.00509
"9103",3.46666666666667,-5,-3.88888888888889,10,0.23981,0.29868,0.14148,0.00256
"9104",4.4,-5,-3.88888888888889,10,0.22901,0.30778,0.16375,0.00179
"9105",5.33333333333333,-5,-3.88888888888889,10,0.21708,0.30595,0.17107,0.00148
"9106",6.26666666666667,-5,-3.88888888888889,10,0.206,0.29858,0.17142,0.00129
"9107",7.2,-5,-3.88888888888889,10,0.19607,0.28831,0.17431,0.001
"9108",8.13333333333333,-5,-3.88888888888889,10,0.18586,0.2782,0.16849,0.00082
"9109",9.06666666666667,-5,-3.88888888888889,10,0.17741,0.26897,0.16503,0.00085
"9110",10,-5,-3.88888888888889,10,0.17057,0.25957,0.16109,0.00088
"9111",1.6,-3.88888888888889,-3.88888888888889,10,0.27807,0.24648,0.06335,0.02642
"9112",2.53333333333333,-3.88888888888889,-3.88888888888889,10,0.27347,0.32712,0.13828,0.01176
"9113",3.46666666666667,-3.88888888888889,-3.88888888888889,10,0.25829,0.34522,0.1809,0.00798
"9114",4.4,-3.88888888888889,-3.88888888888889,10,0.24028,0.34122,0.19289,0.00563
"9115",5.33333333333333,-3.88888888888889,-3.88888888888889,10,0.2246,0.32953,0.19439,0.00477
"9116",6.26666666666667,-3.88888888888889,-3.88888888888889,10,0.21085,0.31624,0.18931,0.00475
"9117",7.2,-3.88888888888889,-3.88888888888889,10,0.19867,0.30273,0.18358,0.00407
"9118",8.13333333333333,-3.88888888888889,-3.88888888888889,10,0.18857,0.2889,0.17841,0.00377
"9119",9.06666666666667,-3.88888888888889,-3.88888888888889,10,0.17995,0.27707,0.1725,0.00376
"9120",10,-3.88888888888889,-3.88888888888889,10,0.172,0.26633,0.1666,0.0036
"9121",1.6,-2.77777777777778,-3.88888888888889,10,0.3252,0.35347,0.11667,0.05234
"9122",2.53333333333333,-2.77777777777778,-3.88888888888889,10,0.29965,0.40257,0.2016,0.03068
"9123",3.46666666666667,-2.77777777777778,-3.88888888888889,10,0.27221,0.39322,0.22333,0.0242
"9124",4.4,-2.77777777777778,-3.88888888888889,10,0.24905,0.373,0.22396,0.02131
"9125",5.33333333333333,-2.77777777777778,-3.88888888888889,10,0.22997,0.35187,0.21124,0.01877
"9126",6.26666666666667,-2.77777777777778,-3.88888888888889,10,0.21439,0.33088,0.2047,0.01795
"9127",7.2,-2.77777777777778,-3.88888888888889,10,0.20205,0.3129,0.19772,0.01705
"9128",8.13333333333333,-2.77777777777778,-3.88888888888889,10,0.19042,0.29777,0.1849,0.01702
"9129",9.06666666666667,-2.77777777777778,-3.88888888888889,10,0.18143,0.28373,0.17747,0.01665
"9130",10,-2.77777777777778,-3.88888888888889,10,0.17294,0.27148,0.17071,0.01581
"9131",1.6,-1.66666666666667,-3.88888888888889,10,0.37317,0.49764,0.2246,0.1279
"9132",2.53333333333333,-1.66666666666667,-3.88888888888889,10,0.32062,0.47521,0.27526,0.10119
"9133",3.46666666666667,-1.66666666666667,-3.88888888888889,10,0.28369,0.43331,0.26002,0.0918
"9134",4.4,-1.66666666666667,-3.88888888888889,10,0.25568,0.39803,0.24491,0.08847
"9135",5.33333333333333,-1.66666666666667,-3.88888888888889,10,0.23364,0.36677,0.22775,0.08427
"9136",6.26666666666667,-1.66666666666667,-3.88888888888889,10,0.21692,0.34156,0.21563,0.08245
"9137",7.2,-1.66666666666667,-3.88888888888889,10,0.20333,0.31991,0.20184,0.0817
"9138",8.13333333333333,-1.66666666666667,-3.88888888888889,10,0.1917,0.30228,0.19197,0.08055
"9139",9.06666666666667,-1.66666666666667,-3.88888888888889,10,0.18202,0.28721,0.18262,0.08015
"9140",10,-1.66666666666667,-3.88888888888889,10,0.17346,0.27453,0.17391,0.07882
"9141",1.6,-0.555555555555555,-3.88888888888889,10,0.40697,0.62622,0.37767,0.44587
"9142",2.53333333333333,-0.555555555555555,-3.88888888888889,10,0.33567,0.52346,0.3297,0.43406
"9143",3.46666666666667,-0.555555555555555,-3.88888888888889,10,0.29056,0.45548,0.2879,0.42928
"9144",4.4,-0.555555555555555,-3.88888888888889,10,0.25914,0.40816,0.25988,0.42489
"9145",5.33333333333333,-0.555555555555555,-3.88888888888889,10,0.23637,0.37235,0.23861,0.42388
"9146",6.26666666666667,-0.555555555555555,-3.88888888888889,10,0.21922,0.34561,0.2213,0.42352
"9147",7.2,-0.555555555555555,-3.88888888888889,10,0.20485,0.32401,0.20703,0.42224
"9148",8.13333333333333,-0.555555555555555,-3.88888888888889,10,0.19285,0.30606,0.19537,0.42079
"9149",9.06666666666667,-0.555555555555555,-3.88888888888889,10,0.18294,0.2898,0.18245,0.42179
"9150",10,-0.555555555555555,-3.88888888888889,10,0.17463,0.2764,0.175,0.42223
"9151",1.6,0.555555555555555,-3.88888888888889,10,0.40817,0.62815,0.3751,0.44778
"9152",2.53333333333333,0.555555555555555,-3.88888888888889,10,0.33466,0.52348,0.32698,0.43382
"9153",3.46666666666667,0.555555555555555,-3.88888888888889,10,0.29112,0.45581,0.28944,0.42848
"9154",4.4,0.555555555555555,-3.88888888888889,10,0.26039,0.40888,0.2585,0.42584
"9155",5.33333333333333,0.555555555555555,-3.88888888888889,10,0.2378,0.37417,0.23858,0.42371
"9156",6.26666666666667,0.555555555555555,-3.88888888888889,10,0.2194,0.34674,0.21916,0.42409
"9157",7.2,0.555555555555555,-3.88888888888889,10,0.2056,0.32447,0.20395,0.42278
"9158",8.13333333333333,0.555555555555555,-3.88888888888889,10,0.19392,0.3057,0.19508,0.4222
"9159",9.06666666666667,0.555555555555555,-3.88888888888889,10,0.18383,0.29078,0.18448,0.42123
"9160",10,0.555555555555555,-3.88888888888889,10,0.17542,0.27731,0.17538,0.42037
"9161",1.6,1.66666666666667,-3.88888888888889,10,0.37316,0.50227,0.22399,0.12796
"9162",2.53333333333333,1.66666666666667,-3.88888888888889,10,0.32117,0.47768,0.27499,0.10229
"9163",3.46666666666667,1.66666666666667,-3.88888888888889,10,0.2834,0.43305,0.26396,0.09194
"9164",4.4,1.66666666666667,-3.88888888888889,10,0.25687,0.39596,0.24494,0.08798
"9165",5.33333333333333,1.66666666666667,-3.88888888888889,10,0.23567,0.36542,0.22811,0.08391
"9166",6.26666666666667,1.66666666666667,-3.88888888888889,10,0.21912,0.34127,0.21363,0.08323
"9167",7.2,1.66666666666667,-3.88888888888889,10,0.20455,0.32125,0.20206,0.08109
"9168",8.13333333333333,1.66666666666667,-3.88888888888889,10,0.19292,0.30345,0.19205,0.0803
"9169",9.06666666666667,1.66666666666667,-3.88888888888889,10,0.18267,0.28895,0.18101,0.07962
"9170",10,1.66666666666667,-3.88888888888889,10,0.17455,0.27563,0.1744,0.07985
"9171",1.6,2.77777777777778,-3.88888888888889,10,0.32369,0.35838,0.11648,0.05202
"9172",2.53333333333333,2.77777777777778,-3.88888888888889,10,0.30008,0.40694,0.2014,0.03034
"9173",3.46666666666667,2.77777777777778,-3.88888888888889,10,0.27306,0.39667,0.22196,0.02392
"9174",4.4,2.77777777777778,-3.88888888888889,10,0.24959,0.37457,0.22178,0.02113
"9175",5.33333333333333,2.77777777777778,-3.88888888888889,10,0.23075,0.35204,0.21463,0.01908
"9176",6.26666666666667,2.77777777777778,-3.88888888888889,10,0.21491,0.33101,0.20505,0.01783
"9177",7.2,2.77777777777778,-3.88888888888889,10,0.20216,0.31319,0.19551,0.01718
"9178",8.13333333333333,2.77777777777778,-3.88888888888889,10,0.19129,0.29819,0.1858,0.01668
"9179",9.06666666666667,2.77777777777778,-3.88888888888889,10,0.18173,0.28467,0.17831,0.01643
"9180",10,2.77777777777778,-3.88888888888889,10,0.17337,0.27205,0.17029,0.01554
"9181",1.6,3.88888888888889,-3.88888888888889,10,0.27834,0.25007,0.0621,0.02743
"9182",2.53333333333333,3.88888888888889,-3.88888888888889,10,0.27288,0.33097,0.14057,0.01155
"9183",3.46666666666667,3.88888888888889,-3.88888888888889,10,0.25696,0.34994,0.17814,0.00743
"9184",4.4,3.88888888888889,-3.88888888888889,10,0.2396,0.34463,0.19003,0.00551
"9185",5.33333333333333,3.88888888888889,-3.88888888888889,10,0.22456,0.33114,0.19394,0.00495
"9186",6.26666666666667,3.88888888888889,-3.88888888888889,10,0.21044,0.3172,0.18987,0.00471
"9187",7.2,3.88888888888889,-3.88888888888889,10,0.19875,0.30286,0.18505,0.00399
"9188",8.13333333333333,3.88888888888889,-3.88888888888889,10,0.18852,0.28894,0.17739,0.00392
"9189",9.06666666666667,3.88888888888889,-3.88888888888889,10,0.17959,0.27787,0.17495,0.00351
"9190",10,3.88888888888889,-3.88888888888889,10,0.1719,0.26768,0.16642,0.00345
"9191",1.6,5,-3.88888888888889,10,0.23845,0.17943,0.03607,0.01626
"9192",2.53333333333333,5,-3.88888888888889,10,0.24747,0.2656,0.09592,0.00495
"9193",3.46666666666667,5,-3.88888888888889,10,0.24081,0.30175,0.13869,0.00287
"9194",4.4,5,-3.88888888888889,10,0.22897,0.31176,0.16362,0.00184
"9195",5.33333333333333,5,-3.88888888888889,10,0.21672,0.30843,0.17226,0.00156
"9196",6.26666666666667,5,-3.88888888888889,10,0.20545,0.30044,0.17295,0.00123
"9197",7.2,5,-3.88888888888889,10,0.19523,0.29045,0.17141,0.00106
"9198",8.13333333333333,5,-3.88888888888889,10,0.18648,0.27957,0.16739,0.00101
"9199",9.06666666666667,5,-3.88888888888889,10,0.17797,0.26901,0.16454,0.00078
"9200",10,5,-3.88888888888889,10,0.17018,0.25985,0.1622,0.00088
"9201",1.6,-5,-2.77777777777778,10,0.23844,0.17683,0.03555,0.01581
"9202",2.53333333333333,-5,-2.77777777777778,10,0.24701,0.26102,0.09817,0.00513
"9203",3.46666666666667,-5,-2.77777777777778,10,0.23981,0.29868,0.13951,0.00253
"9204",4.4,-5,-2.77777777777778,10,0.22901,0.30778,0.16115,0.00171
"9205",5.33333333333333,-5,-2.77777777777778,10,0.21708,0.30595,0.17138,0.00137
"9206",6.26666666666667,-5,-2.77777777777778,10,0.206,0.29858,0.17444,0.00121
"9207",7.2,-5,-2.77777777777778,10,0.19607,0.28831,0.17174,0.00107
"9208",8.13333333333333,-5,-2.77777777777778,10,0.18586,0.2782,0.16705,0.00091
"9209",9.06666666666667,-5,-2.77777777777778,10,0.17741,0.26897,0.16355,0.00095
"9210",10,-5,-2.77777777777778,10,0.17057,0.25957,0.15872,0.00092
"9211",1.6,-3.88888888888889,-2.77777777777778,10,0.27807,0.24648,0.06201,0.0276
"9212",2.53333333333333,-3.88888888888889,-2.77777777777778,10,0.27347,0.32712,0.14087,0.01153
"9213",3.46666666666667,-3.88888888888889,-2.77777777777778,10,0.25829,0.34522,0.17961,0.00725
"9214",4.4,-3.88888888888889,-2.77777777777778,10,0.24028,0.34122,0.19241,0.00595
"9215",5.33333333333333,-3.88888888888889,-2.77777777777778,10,0.2246,0.32953,0.19533,0.00469
"9216",6.26666666666667,-3.88888888888889,-2.77777777777778,10,0.21085,0.31624,0.18985,0.00423
"9217",7.2,-3.88888888888889,-2.77777777777778,10,0.19867,0.30273,0.18364,0.00404
"9218",8.13333333333333,-3.88888888888889,-2.77777777777778,10,0.18857,0.2889,0.17665,0.00373
"9219",9.06666666666667,-3.88888888888889,-2.77777777777778,10,0.17995,0.27707,0.17298,0.00373
"9220",10,-3.88888888888889,-2.77777777777778,10,0.172,0.26633,0.16382,0.00319
"9221",1.6,-2.77777777777778,-2.77777777777778,10,0.3252,0.35347,0.11565,0.05108
"9222",2.53333333333333,-2.77777777777778,-2.77777777777778,10,0.29965,0.40257,0.20156,0.03005
"9223",3.46666666666667,-2.77777777777778,-2.77777777777778,10,0.27221,0.39322,0.22337,0.02365
"9224",4.4,-2.77777777777778,-2.77777777777778,10,0.24905,0.373,0.22352,0.02065
"9225",5.33333333333333,-2.77777777777778,-2.77777777777778,10,0.22997,0.35187,0.21503,0.01923
"9226",6.26666666666667,-2.77777777777778,-2.77777777777778,10,0.21439,0.33088,0.20635,0.01851
"9227",7.2,-2.77777777777778,-2.77777777777778,10,0.20205,0.3129,0.19526,0.01752
"9228",8.13333333333333,-2.77777777777778,-2.77777777777778,10,0.19042,0.29777,0.18472,0.01621
"9229",9.06666666666667,-2.77777777777778,-2.77777777777778,10,0.18143,0.28373,0.1784,0.01579
"9230",10,-2.77777777777778,-2.77777777777778,10,0.17294,0.27148,0.17255,0.01585
"9231",1.6,-1.66666666666667,-2.77777777777778,10,0.37317,0.49764,0.22348,0.12753
"9232",2.53333333333333,-1.66666666666667,-2.77777777777778,10,0.32062,0.47521,0.27364,0.10263
"9233",3.46666666666667,-1.66666666666667,-2.77777777777778,10,0.28369,0.43331,0.26499,0.09252
"9234",4.4,-1.66666666666667,-2.77777777777778,10,0.25568,0.39803,0.2461,0.0877
"9235",5.33333333333333,-1.66666666666667,-2.77777777777778,10,0.23364,0.36677,0.23088,0.08441
"9236",6.26666666666667,-1.66666666666667,-2.77777777777778,10,0.21692,0.34156,0.2162,0.08267
"9237",7.2,-1.66666666666667,-2.77777777777778,10,0.20333,0.31991,0.20029,0.08115
"9238",8.13333333333333,-1.66666666666667,-2.77777777777778,10,0.1917,0.30228,0.19238,0.08041
"9239",9.06666666666667,-1.66666666666667,-2.77777777777778,10,0.18202,0.28721,0.18389,0.08023
"9240",10,-1.66666666666667,-2.77777777777778,10,0.17346,0.27453,0.17292,0.07902
"9241",1.6,-0.555555555555555,-2.77777777777778,10,0.40697,0.62622,0.37774,0.44664
"9242",2.53333333333333,-0.555555555555555,-2.77777777777778,10,0.33567,0.52346,0.33079,0.43229
"9243",3.46666666666667,-0.555555555555555,-2.77777777777778,10,0.29056,0.45548,0.28974,0.42799
"9244",4.4,-0.555555555555555,-2.77777777777778,10,0.25914,0.40816,0.25924,0.42552
"9245",5.33333333333333,-0.555555555555555,-2.77777777777778,10,0.23637,0.37235,0.23679,0.42351
"9246",6.26666666666667,-0.555555555555555,-2.77777777777778,10,0.21922,0.34561,0.21986,0.42314
"9247",7.2,-0.555555555555555,-2.77777777777778,10,0.20485,0.32401,0.20824,0.42173
"9248",8.13333333333333,-0.555555555555555,-2.77777777777778,10,0.19285,0.30606,0.19628,0.42271
"9249",9.06666666666667,-0.555555555555555,-2.77777777777778,10,0.18294,0.2898,0.18468,0.42145
"9250",10,-0.555555555555555,-2.77777777777778,10,0.17463,0.2764,0.17609,0.42053
"9251",1.6,0.555555555555555,-2.77777777777778,10,0.40817,0.62815,0.37754,0.4468
"9252",2.53333333333333,0.555555555555555,-2.77777777777778,10,0.33466,0.52348,0.32911,0.43285
"9253",3.46666666666667,0.555555555555555,-2.77777777777778,10,0.29112,0.45581,0.28976,0.42983
"9254",4.4,0.555555555555555,-2.77777777777778,10,0.26039,0.40888,0.25964,0.42514
"9255",5.33333333333333,0.555555555555555,-2.77777777777778,10,0.2378,0.37417,0.23706,0.42354
"9256",6.26666666666667,0.555555555555555,-2.77777777777778,10,0.2194,0.34674,0.22045,0.42297
"9257",7.2,0.555555555555555,-2.77777777777778,10,0.2056,0.32447,0.20649,0.42417
"9258",8.13333333333333,0.555555555555555,-2.77777777777778,10,0.19392,0.3057,0.19487,0.4218
"9259",9.06666666666667,0.555555555555555,-2.77777777777778,10,0.18383,0.29078,0.18406,0.42084
"9260",10,0.555555555555555,-2.77777777777778,10,0.17542,0.27731,0.17444,0.42128
"9261",1.6,1.66666666666667,-2.77777777777778,10,0.37316,0.50227,0.22436,0.12698
"9262",2.53333333333333,1.66666666666667,-2.77777777777778,10,0.32117,0.47768,0.2729,0.10117
"9263",3.46666666666667,1.66666666666667,-2.77777777777778,10,0.2834,0.43305,0.26111,0.09185
"9264",4.4,1.66666666666667,-2.77777777777778,10,0.25687,0.39596,0.24603,0.08864
"9265",5.33333333333333,1.66666666666667,-2.77777777777778,10,0.23567,0.36542,0.22918,0.08456
"9266",6.26666666666667,1.66666666666667,-2.77777777777778,10,0.21912,0.34127,0.2138,0.0823
"9267",7.2,1.66666666666667,-2.77777777777778,10,0.20455,0.32125,0.20309,0.08149
"9268",8.13333333333333,1.66666666666667,-2.77777777777778,10,0.19292,0.30345,0.19227,0.07984
"9269",9.06666666666667,1.66666666666667,-2.77777777777778,10,0.18267,0.28895,0.18247,0.07985
"9270",10,1.66666666666667,-2.77777777777778,10,0.17455,0.27563,0.17386,0.0791
"9271",1.6,2.77777777777778,-2.77777777777778,10,0.32369,0.35838,0.11359,0.054
"9272",2.53333333333333,2.77777777777778,-2.77777777777778,10,0.30008,0.40694,0.20046,0.03119
"9273",3.46666666666667,2.77777777777778,-2.77777777777778,10,0.27306,0.39667,0.22428,0.02371
"9274",4.4,2.77777777777778,-2.77777777777778,10,0.24959,0.37457,0.22162,0.02091
"9275",5.33333333333333,2.77777777777778,-2.77777777777778,10,0.23075,0.35204,0.21409,0.01896
"9276",6.26666666666667,2.77777777777778,-2.77777777777778,10,0.21491,0.33101,0.20459,0.01833
"9277",7.2,2.77777777777778,-2.77777777777778,10,0.20216,0.31319,0.19466,0.01719
"9278",8.13333333333333,2.77777777777778,-2.77777777777778,10,0.19129,0.29819,0.18618,0.0166
"9279",9.06666666666667,2.77777777777778,-2.77777777777778,10,0.18173,0.28467,0.17739,0.01616
"9280",10,2.77777777777778,-2.77777777777778,10,0.17337,0.27205,0.17035,0.01577
"9281",1.6,3.88888888888889,-2.77777777777778,10,0.27834,0.25007,0.06225,0.0269
"9282",2.53333333333333,3.88888888888889,-2.77777777777778,10,0.27288,0.33097,0.14165,0.01156
"9283",3.46666666666667,3.88888888888889,-2.77777777777778,10,0.25696,0.34994,0.17854,0.00763
"9284",4.4,3.88888888888889,-2.77777777777778,10,0.2396,0.34463,0.19103,0.00573
"9285",5.33333333333333,3.88888888888889,-2.77777777777778,10,0.22456,0.33114,0.19364,0.00509
"9286",6.26666666666667,3.88888888888889,-2.77777777777778,10,0.21044,0.3172,0.19055,0.00417
"9287",7.2,3.88888888888889,-2.77777777777778,10,0.19875,0.30286,0.18415,0.00387
"9288",8.13333333333333,3.88888888888889,-2.77777777777778,10,0.18852,0.28894,0.17791,0.00371
"9289",9.06666666666667,3.88888888888889,-2.77777777777778,10,0.17959,0.27787,0.17217,0.00364
"9290",10,3.88888888888889,-2.77777777777778,10,0.1719,0.26768,0.16668,0.00343
"9291",1.6,5,-2.77777777777778,10,0.23845,0.17943,0.03633,0.01562
"9292",2.53333333333333,5,-2.77777777777778,10,0.24747,0.2656,0.09667,0.0053
"9293",3.46666666666667,5,-2.77777777777778,10,0.24081,0.30175,0.13799,0.00274
"9294",4.4,5,-2.77777777777778,10,0.22897,0.31176,0.161,0.00188
"9295",5.33333333333333,5,-2.77777777777778,10,0.21672,0.30843,0.17046,0.00129
"9296",6.26666666666667,5,-2.77777777777778,10,0.20545,0.30044,0.17202,0.00129
"9297",7.2,5,-2.77777777777778,10,0.19523,0.29045,0.17174,0.0011
"9298",8.13333333333333,5,-2.77777777777778,10,0.18648,0.27957,0.17018,0.00093
"9299",9.06666666666667,5,-2.77777777777778,10,0.17797,0.26901,0.16466,0.00101
"9300",10,5,-2.77777777777778,10,0.17018,0.25985,0.15973,0.00081
"9301",1.6,-5,-1.66666666666667,10,0.23844,0.17683,0.03578,0.01684
"9302",2.53333333333333,-5,-1.66666666666667,10,0.24701,0.26102,0.09751,0.00505
"9303",3.46666666666667,-5,-1.66666666666667,10,0.23981,0.29868,0.14183,0.00249
"9304",4.4,-5,-1.66666666666667,10,0.22901,0.30778,0.16281,0.00173
"9305",5.33333333333333,-5,-1.66666666666667,10,0.21708,0.30595,0.17229,0.0014
"9306",6.26666666666667,-5,-1.66666666666667,10,0.206,0.29858,0.17361,0.00121
"9307",7.2,-5,-1.66666666666667,10,0.19607,0.28831,0.17285,0.00096
"9308",8.13333333333333,-5,-1.66666666666667,10,0.18586,0.2782,0.16809,0.00105
"9309",9.06666666666667,-5,-1.66666666666667,10,0.17741,0.26897,0.16654,0.00091
"9310",10,-5,-1.66666666666667,10,0.17057,0.25957,0.16018,0.00084
"9311",1.6,-3.88888888888889,-1.66666666666667,10,0.27807,0.24648,0.06235,0.02697
"9312",2.53333333333333,-3.88888888888889,-1.66666666666667,10,0.27347,0.32712,0.14001,0.01137
"9313",3.46666666666667,-3.88888888888889,-1.66666666666667,10,0.25829,0.34522,0.17845,0.0073
"9314",4.4,-3.88888888888889,-1.66666666666667,10,0.24028,0.34122,0.19216,0.00579
"9315",5.33333333333333,-3.88888888888889,-1.66666666666667,10,0.2246,0.32953,0.19387,0.00503
"9316",6.26666666666667,-3.88888888888889,-1.66666666666667,10,0.21085,0.31624,0.18796,0.0043
"9317",7.2,-3.88888888888889,-1.66666666666667,10,0.19867,0.30273,0.18596,0.00397
"9318",8.13333333333333,-3.88888888888889,-1.66666666666667,10,0.18857,0.2889,0.1755,0.00383
"9319",9.06666666666667,-3.88888888888889,-1.66666666666667,10,0.17995,0.27707,0.17248,0.00341
"9320",10,-3.88888888888889,-1.66666666666667,10,0.172,0.26633,0.16688,0.00335
"9321",1.6,-2.77777777777778,-1.66666666666667,10,0.3252,0.35347,0.11676,0.05285
"9322",2.53333333333333,-2.77777777777778,-1.66666666666667,10,0.29965,0.40257,0.20189,0.03009
"9323",3.46666666666667,-2.77777777777778,-1.66666666666667,10,0.27221,0.39322,0.22776,0.02421
"9324",4.4,-2.77777777777778,-1.66666666666667,10,0.24905,0.373,0.22208,0.02078
"9325",5.33333333333333,-2.77777777777778,-1.66666666666667,10,0.22997,0.35187,0.21252,0.01914
"9326",6.26666666666667,-2.77777777777778,-1.66666666666667,10,0.21439,0.33088,0.2045,0.01755
"9327",7.2,-2.77777777777778,-1.66666666666667,10,0.20205,0.3129,0.19485,0.01729
"9328",8.13333333333333,-2.77777777777778,-1.66666666666667,10,0.19042,0.29777,0.18654,0.01671
"9329",9.06666666666667,-2.77777777777778,-1.66666666666667,10,0.18143,0.28373,0.17852,0.01563
"9330",10,-2.77777777777778,-1.66666666666667,10,0.17294,0.27148,0.17207,0.01557
"9331",1.6,-1.66666666666667,-1.66666666666667,10,0.37317,0.49764,0.22368,0.12743
"9332",2.53333333333333,-1.66666666666667,-1.66666666666667,10,0.32062,0.47521,0.27498,0.10208
"9333",3.46666666666667,-1.66666666666667,-1.66666666666667,10,0.28369,0.43331,0.2618,0.0923
"9334",4.4,-1.66666666666667,-1.66666666666667,10,0.25568,0.39803,0.24474,0.08761
"9335",5.33333333333333,-1.66666666666667,-1.66666666666667,10,0.23364,0.36677,0.22733,0.08486
"9336",6.26666666666667,-1.66666666666667,-1.66666666666667,10,0.21692,0.34156,0.21542,0.08361
"9337",7.2,-1.66666666666667,-1.66666666666667,10,0.20333,0.31991,0.20404,0.08134
"9338",8.13333333333333,-1.66666666666667,-1.66666666666667,10,0.1917,0.30228,0.19232,0.08006
"9339",9.06666666666667,-1.66666666666667,-1.66666666666667,10,0.18202,0.28721,0.18322,0.07896
"9340",10,-1.66666666666667,-1.66666666666667,10,0.17346,0.27453,0.17571,0.07911
"9341",1.6,-0.555555555555555,-1.66666666666667,10,0.40697,0.62622,0.37762,0.44668
"9342",2.53333333333333,-0.555555555555555,-1.66666666666667,10,0.33567,0.52346,0.32708,0.43333
"9343",3.46666666666667,-0.555555555555555,-1.66666666666667,10,0.29056,0.45548,0.28924,0.43059
"9344",4.4,-0.555555555555555,-1.66666666666667,10,0.25914,0.40816,0.25914,0.42729
"9345",5.33333333333333,-0.555555555555555,-1.66666666666667,10,0.23637,0.37235,0.23698,0.42394
"9346",6.26666666666667,-0.555555555555555,-1.66666666666667,10,0.21922,0.34561,0.22001,0.42339
"9347",7.2,-0.555555555555555,-1.66666666666667,10,0.20485,0.32401,0.20639,0.422
"9348",8.13333333333333,-0.555555555555555,-1.66666666666667,10,0.19285,0.30606,0.19295,0.42287
"9349",9.06666666666667,-0.555555555555555,-1.66666666666667,10,0.18294,0.2898,0.1845,0.42143
"9350",10,-0.555555555555555,-1.66666666666667,10,0.17463,0.2764,0.17499,0.42129
"9351",1.6,0.555555555555555,-1.66666666666667,10,0.40817,0.62815,0.37669,0.44718
"9352",2.53333333333333,0.555555555555555,-1.66666666666667,10,0.33466,0.52348,0.33071,0.43366
"9353",3.46666666666667,0.555555555555555,-1.66666666666667,10,0.29112,0.45581,0.28989,0.43066
"9354",4.4,0.555555555555555,-1.66666666666667,10,0.26039,0.40888,0.25867,0.42633
"9355",5.33333333333333,0.555555555555555,-1.66666666666667,10,0.2378,0.37417,0.2383,0.42445
"9356",6.26666666666667,0.555555555555555,-1.66666666666667,10,0.2194,0.34674,0.22134,0.42404
"9357",7.2,0.555555555555555,-1.66666666666667,10,0.2056,0.32447,0.20501,0.42291
"9358",8.13333333333333,0.555555555555555,-1.66666666666667,10,0.19392,0.3057,0.19499,0.42167
"9359",9.06666666666667,0.555555555555555,-1.66666666666667,10,0.18383,0.29078,0.18403,0.42148
"9360",10,0.555555555555555,-1.66666666666667,10,0.17542,0.27731,0.17708,0.4214
"9361",1.6,1.66666666666667,-1.66666666666667,10,0.37316,0.50227,0.22311,0.12827
"9362",2.53333333333333,1.66666666666667,-1.66666666666667,10,0.32117,0.47768,0.27472,0.10174
"9363",3.46666666666667,1.66666666666667,-1.66666666666667,10,0.2834,0.43305,0.26601,0.09296
"9364",4.4,1.66666666666667,-1.66666666666667,10,0.25687,0.39596,0.24431,0.0866
"9365",5.33333333333333,1.66666666666667,-1.66666666666667,10,0.23567,0.36542,0.22718,0.08364
"9366",6.26666666666667,1.66666666666667,-1.66666666666667,10,0.21912,0.34127,0.21473,0.08219
"9367",7.2,1.66666666666667,-1.66666666666667,10,0.20455,0.32125,0.20237,0.08187
"9368",8.13333333333333,1.66666666666667,-1.66666666666667,10,0.19292,0.30345,0.19054,0.07994
"9369",9.06666666666667,1.66666666666667,-1.66666666666667,10,0.18267,0.28895,0.18134,0.07961
"9370",10,1.66666666666667,-1.66666666666667,10,0.17455,0.27563,0.17484,0.0789
"9371",1.6,2.77777777777778,-1.66666666666667,10,0.32369,0.35838,0.11496,0.05247
"9372",2.53333333333333,2.77777777777778,-1.66666666666667,10,0.30008,0.40694,0.2032,0.03039
"9373",3.46666666666667,2.77777777777778,-1.66666666666667,10,0.27306,0.39667,0.22425,0.02402
"9374",4.4,2.77777777777778,-1.66666666666667,10,0.24959,0.37457,0.22054,0.02106
"9375",5.33333333333333,2.77777777777778,-1.66666666666667,10,0.23075,0.35204,0.21273,0.01886
"9376",6.26666666666667,2.77777777777778,-1.66666666666667,10,0.21491,0.33101,0.20475,0.01769
"9377",7.2,2.77777777777778,-1.66666666666667,10,0.20216,0.31319,0.1946,0.01761
"9378",8.13333333333333,2.77777777777778,-1.66666666666667,10,0.19129,0.29819,0.18598,0.0167
"9379",9.06666666666667,2.77777777777778,-1.66666666666667,10,0.18173,0.28467,0.17719,0.01586
"9380",10,2.77777777777778,-1.66666666666667,10,0.17337,0.27205,0.17135,0.01591
"9381",1.6,3.88888888888889,-1.66666666666667,10,0.27834,0.25007,0.0618,0.02709
"9382",2.53333333333333,3.88888888888889,-1.66666666666667,10,0.27288,0.33097,0.14088,0.01131
"9383",3.46666666666667,3.88888888888889,-1.66666666666667,10,0.25696,0.34994,0.17922,0.00745
"9384",4.4,3.88888888888889,-1.66666666666667,10,0.2396,0.34463,0.19179,0.00579
"9385",5.33333333333333,3.88888888888889,-1.66666666666667,10,0.22456,0.33114,0.19546,0.00488
"9386",6.26666666666667,3.88888888888889,-1.66666666666667,10,0.21044,0.3172,0.19043,0.0048
"9387",7.2,3.88888888888889,-1.66666666666667,10,0.19875,0.30286,0.18342,0.0041
"9388",8.13333333333333,3.88888888888889,-1.66666666666667,10,0.18852,0.28894,0.17817,0.00381
"9389",9.06666666666667,3.88888888888889,-1.66666666666667,10,0.17959,0.27787,0.17312,0.00358
"9390",10,3.88888888888889,-1.66666666666667,10,0.1719,0.26768,0.16617,0.00353
"9391",1.6,5,-1.66666666666667,10,0.23845,0.17943,0.03518,0.01667
"9392",2.53333333333333,5,-1.66666666666667,10,0.24747,0.2656,0.09736,0.00494
"9393",3.46666666666667,5,-1.66666666666667,10,0.24081,0.30175,0.14031,0.00272
"9394",4.4,5,-1.66666666666667,10,0.22897,0.31176,0.16194,0.00195
"9395",5.33333333333333,5,-1.66666666666667,10,0.21672,0.30843,0.17283,0.00137
"9396",6.26666666666667,5,-1.66666666666667,10,0.20545,0.30044,0.1728,0.00129
"9397",7.2,5,-1.66666666666667,10,0.19523,0.29045,0.17333,0.00111
"9398",8.13333333333333,5,-1.66666666666667,10,0.18648,0.27957,0.16863,0.00108
"9399",9.06666666666667,5,-1.66666666666667,10,0.17797,0.26901,0.16358,0.00093
"9400",10,5,-1.66666666666667,10,0.17018,0.25985,0.16174,0.00079
"9401",1.6,-5,-0.555555555555555,10,0.23844,0.17683,0.03501,0.01629
"9402",2.53333333333333,-5,-0.555555555555555,10,0.24701,0.26102,0.09679,0.00524
"9403",3.46666666666667,-5,-0.555555555555555,10,0.23981,0.29868,0.14048,0.00288
"9404",4.4,-5,-0.555555555555555,10,0.22901,0.30778,0.16081,0.00194
"9405",5.33333333333333,-5,-0.555555555555555,10,0.21708,0.30595,0.16915,0.00131
"9406",6.26666666666667,-5,-0.555555555555555,10,0.206,0.29858,0.17229,0.00123
"9407",7.2,-5,-0.555555555555555,10,0.19607,0.28831,0.17143,0.0012
"9408",8.13333333333333,-5,-0.555555555555555,10,0.18586,0.2782,0.16781,0.00098
"9409",9.06666666666667,-5,-0.555555555555555,10,0.17741,0.26897,0.1654,0.00082
"9410",10,-5,-0.555555555555555,10,0.17057,0.25957,0.16021,9e-04
"9411",1.6,-3.88888888888889,-0.555555555555555,10,0.27807,0.24648,0.06207,0.02774
"9412",2.53333333333333,-3.88888888888889,-0.555555555555555,10,0.27347,0.32712,0.14064,0.01172
"9413",3.46666666666667,-3.88888888888889,-0.555555555555555,10,0.25829,0.34522,0.17918,0.00763
"9414",4.4,-3.88888888888889,-0.555555555555555,10,0.24028,0.34122,0.19431,0.00547
"9415",5.33333333333333,-3.88888888888889,-0.555555555555555,10,0.2246,0.32953,0.19234,0.00493
"9416",6.26666666666667,-3.88888888888889,-0.555555555555555,10,0.21085,0.31624,0.18983,0.00436
"9417",7.2,-3.88888888888889,-0.555555555555555,10,0.19867,0.30273,0.18432,0.00446
"9418",8.13333333333333,-3.88888888888889,-0.555555555555555,10,0.18857,0.2889,0.17791,0.00385
"9419",9.06666666666667,-3.88888888888889,-0.555555555555555,10,0.17995,0.27707,0.17239,0.00352
"9420",10,-3.88888888888889,-0.555555555555555,10,0.172,0.26633,0.16671,0.00353
"9421",1.6,-2.77777777777778,-0.555555555555555,10,0.3252,0.35347,0.11654,0.05228
"9422",2.53333333333333,-2.77777777777778,-0.555555555555555,10,0.29965,0.40257,0.20124,0.03098
"9423",3.46666666666667,-2.77777777777778,-0.555555555555555,10,0.27221,0.39322,0.22261,0.02338
"9424",4.4,-2.77777777777778,-0.555555555555555,10,0.24905,0.373,0.22163,0.02068
"9425",5.33333333333333,-2.77777777777778,-0.555555555555555,10,0.22997,0.35187,0.21254,0.01892
"9426",6.26666666666667,-2.77777777777778,-0.555555555555555,10,0.21439,0.33088,0.20278,0.01817
"9427",7.2,-2.77777777777778,-0.555555555555555,10,0.20205,0.3129,0.19459,0.01729
"9428",8.13333333333333,-2.77777777777778,-0.555555555555555,10,0.19042,0.29777,0.1866,0.01679
"9429",9.06666666666667,-2.77777777777778,-0.555555555555555,10,0.18143,0.28373,0.177,0.01598
"9430",10,-2.77777777777778,-0.555555555555555,10,0.17294,0.27148,0.16942,0.01584
"9431",1.6,-1.66666666666667,-0.555555555555555,10,0.37317,0.49764,0.22366,0.12697
"9432",2.53333333333333,-1.66666666666667,-0.555555555555555,10,0.32062,0.47521,0.27366,0.10256
"9433",3.46666666666667,-1.66666666666667,-0.555555555555555,10,0.28369,0.43331,0.26243,0.09274
"9434",4.4,-1.66666666666667,-0.555555555555555,10,0.25568,0.39803,0.24647,0.08721
"9435",5.33333333333333,-1.66666666666667,-0.555555555555555,10,0.23364,0.36677,0.23092,0.08472
"9436",6.26666666666667,-1.66666666666667,-0.555555555555555,10,0.21692,0.34156,0.21598,0.08357
"9437",7.2,-1.66666666666667,-0.555555555555555,10,0.20333,0.31991,0.2032,0.08138
"9438",8.13333333333333,-1.66666666666667,-0.555555555555555,10,0.1917,0.30228,0.19024,0.08023
"9439",9.06666666666667,-1.66666666666667,-0.555555555555555,10,0.18202,0.28721,0.18185,0.07972
"9440",10,-1.66666666666667,-0.555555555555555,10,0.17346,0.27453,0.17515,0.07923
"9441",1.6,-0.555555555555555,-0.555555555555555,10,0.40697,0.62622,0.37857,0.44694
"9442",2.53333333333333,-0.555555555555555,-0.555555555555555,10,0.33567,0.52346,0.33133,0.43329
"9443",3.46666666666667,-0.555555555555555,-0.555555555555555,10,0.29056,0.45548,0.28767,0.42813
"9444",4.4,-0.555555555555555,-0.555555555555555,10,0.25914,0.40816,0.25794,0.42592
"9445",5.33333333333333,-0.555555555555555,-0.555555555555555,10,0.23637,0.37235,0.2365,0.42459
"9446",6.26666666666667,-0.555555555555555,-0.555555555555555,10,0.21922,0.34561,0.22077,0.42327
"9447",7.2,-0.555555555555555,-0.555555555555555,10,0.20485,0.32401,0.20614,0.42207
"9448",8.13333333333333,-0.555555555555555,-0.555555555555555,10,0.19285,0.30606,0.19523,0.42191
"9449",9.06666666666667,-0.555555555555555,-0.555555555555555,10,0.18294,0.2898,0.1843,0.42161
"9450",10,-0.555555555555555,-0.555555555555555,10,0.17463,0.2764,0.17611,0.42121
"9451",1.6,0.555555555555555,-0.555555555555555,10,0.40817,0.62815,0.37752,0.44747
"9452",2.53333333333333,0.555555555555555,-0.555555555555555,10,0.33466,0.52348,0.33036,0.43243
"9453",3.46666666666667,0.555555555555555,-0.555555555555555,10,0.29112,0.45581,0.28855,0.42856
"9454",4.4,0.555555555555555,-0.555555555555555,10,0.26039,0.40888,0.2614,0.4261
"9455",5.33333333333333,0.555555555555555,-0.555555555555555,10,0.2378,0.37417,0.23683,0.42407
"9456",6.26666666666667,0.555555555555555,-0.555555555555555,10,0.2194,0.34674,0.22052,0.42291
"9457",7.2,0.555555555555555,-0.555555555555555,10,0.2056,0.32447,0.20582,0.42273
"9458",8.13333333333333,0.555555555555555,-0.555555555555555,10,0.19392,0.3057,0.19575,0.42204
"9459",9.06666666666667,0.555555555555555,-0.555555555555555,10,0.18383,0.29078,0.18719,0.42196
"9460",10,0.555555555555555,-0.555555555555555,10,0.17542,0.27731,0.17709,0.42169
"9461",1.6,1.66666666666667,-0.555555555555555,10,0.37316,0.50227,0.22244,0.12917
"9462",2.53333333333333,1.66666666666667,-0.555555555555555,10,0.32117,0.47768,0.27165,0.10084
"9463",3.46666666666667,1.66666666666667,-0.555555555555555,10,0.2834,0.43305,0.26471,0.09185
"9464",4.4,1.66666666666667,-0.555555555555555,10,0.25687,0.39596,0.24561,0.08759
"9465",5.33333333333333,1.66666666666667,-0.555555555555555,10,0.23567,0.36542,0.22935,0.08452
"9466",6.26666666666667,1.66666666666667,-0.555555555555555,10,0.21912,0.34127,0.21678,0.08301
"9467",7.2,1.66666666666667,-0.555555555555555,10,0.20455,0.32125,0.20297,0.08139
"9468",8.13333333333333,1.66666666666667,-0.555555555555555,10,0.19292,0.30345,0.19012,0.08097
"9469",9.06666666666667,1.66666666666667,-0.555555555555555,10,0.18267,0.28895,0.18197,0.08019
"9470",10,1.66666666666667,-0.555555555555555,10,0.17455,0.27563,0.17297,0.07894
"9471",1.6,2.77777777777778,-0.555555555555555,10,0.32369,0.35838,0.11577,0.05232
"9472",2.53333333333333,2.77777777777778,-0.555555555555555,10,0.30008,0.40694,0.20044,0.0309
"9473",3.46666666666667,2.77777777777778,-0.555555555555555,10,0.27306,0.39667,0.22097,0.02373
"9474",4.4,2.77777777777778,-0.555555555555555,10,0.24959,0.37457,0.22068,0.02104
"9475",5.33333333333333,2.77777777777778,-0.555555555555555,10,0.23075,0.35204,0.21188,0.01868
"9476",6.26666666666667,2.77777777777778,-0.555555555555555,10,0.21491,0.33101,0.20538,0.01772
"9477",7.2,2.77777777777778,-0.555555555555555,10,0.20216,0.31319,0.19528,0.01706
"9478",8.13333333333333,2.77777777777778,-0.555555555555555,10,0.19129,0.29819,0.18571,0.01664
"9479",9.06666666666667,2.77777777777778,-0.555555555555555,10,0.18173,0.28467,0.17755,0.0162
"9480",10,2.77777777777778,-0.555555555555555,10,0.17337,0.27205,0.17143,0.01608
"9481",1.6,3.88888888888889,-0.555555555555555,10,0.27834,0.25007,0.06196,0.02774
"9482",2.53333333333333,3.88888888888889,-0.555555555555555,10,0.27288,0.33097,0.14153,0.0111
"9483",3.46666666666667,3.88888888888889,-0.555555555555555,10,0.25696,0.34994,0.18137,0.00725
"9484",4.4,3.88888888888889,-0.555555555555555,10,0.2396,0.34463,0.1911,0.0057
"9485",5.33333333333333,3.88888888888889,-0.555555555555555,10,0.22456,0.33114,0.19215,0.00466
"9486",6.26666666666667,3.88888888888889,-0.555555555555555,10,0.21044,0.3172,0.18832,0.0043
"9487",7.2,3.88888888888889,-0.555555555555555,10,0.19875,0.30286,0.18504,0.00403
"9488",8.13333333333333,3.88888888888889,-0.555555555555555,10,0.18852,0.28894,0.17931,0.00366
"9489",9.06666666666667,3.88888888888889,-0.555555555555555,10,0.17959,0.27787,0.17383,0.00359
"9490",10,3.88888888888889,-0.555555555555555,10,0.1719,0.26768,0.16726,0.00343
"9491",1.6,5,-0.555555555555555,10,0.23845,0.17943,0.0358,0.01628
"9492",2.53333333333333,5,-0.555555555555555,10,0.24747,0.2656,0.09813,0.00484
"9493",3.46666666666667,5,-0.555555555555555,10,0.24081,0.30175,0.13948,0.00262
"9494",4.4,5,-0.555555555555555,10,0.22897,0.31176,0.16038,0.00194
"9495",5.33333333333333,5,-0.555555555555555,10,0.21672,0.30843,0.17329,0.00132
"9496",6.26666666666667,5,-0.555555555555555,10,0.20545,0.30044,0.17327,0.00113
"9497",7.2,5,-0.555555555555555,10,0.19523,0.29045,0.17084,0.00118
"9498",8.13333333333333,5,-0.555555555555555,10,0.18648,0.27957,0.16617,0.00099
"9499",9.06666666666667,5,-0.555555555555555,10,0.17797,0.26901,0.16405,0.00082
"9500",10,5,-0.555555555555555,10,0.17018,0.25985,0.15981,0.00083
"9501",1.6,-5,0.555555555555555,10,0.23844,0.17683,0.03556,0.01559
"9502",2.53333333333333,-5,0.555555555555555,10,0.24701,0.26102,0.09461,0.0051
"9503",3.46666666666667,-5,0.555555555555555,10,0.23981,0.29868,0.14103,0.00268
"9504",4.4,-5,0.555555555555555,10,0.22901,0.30778,0.1627,0.00198
"9505",5.33333333333333,-5,0.555555555555555,10,0.21708,0.30595,0.17198,0.00147
"9506",6.26666666666667,-5,0.555555555555555,10,0.206,0.29858,0.17228,0.00116
"9507",7.2,-5,0.555555555555555,10,0.19607,0.28831,0.17012,0.00112
"9508",8.13333333333333,-5,0.555555555555555,10,0.18586,0.2782,0.16941,0.00107
"9509",9.06666666666667,-5,0.555555555555555,10,0.17741,0.26897,0.1654,0.00097
"9510",10,-5,0.555555555555555,10,0.17057,0.25957,0.16223,0.00079
"9511",1.6,-3.88888888888889,0.555555555555555,10,0.27807,0.24648,0.06203,0.02661
"9512",2.53333333333333,-3.88888888888889,0.555555555555555,10,0.27347,0.32712,0.14005,0.01205
"9513",3.46666666666667,-3.88888888888889,0.555555555555555,10,0.25829,0.34522,0.18003,0.00746
"9514",4.4,-3.88888888888889,0.555555555555555,10,0.24028,0.34122,0.19328,0.0059
"9515",5.33333333333333,-3.88888888888889,0.555555555555555,10,0.2246,0.32953,0.19378,0.00482
"9516",6.26666666666667,-3.88888888888889,0.555555555555555,10,0.21085,0.31624,0.18918,0.0043
"9517",7.2,-3.88888888888889,0.555555555555555,10,0.19867,0.30273,0.18628,0.00414
"9518",8.13333333333333,-3.88888888888889,0.555555555555555,10,0.18857,0.2889,0.17796,0.0034
"9519",9.06666666666667,-3.88888888888889,0.555555555555555,10,0.17995,0.27707,0.17339,0.00385
"9520",10,-3.88888888888889,0.555555555555555,10,0.172,0.26633,0.16533,0.00363
"9521",1.6,-2.77777777777778,0.555555555555555,10,0.3252,0.35347,0.11477,0.05185
"9522",2.53333333333333,-2.77777777777778,0.555555555555555,10,0.29965,0.40257,0.20146,0.03013
"9523",3.46666666666667,-2.77777777777778,0.555555555555555,10,0.27221,0.39322,0.22532,0.02364
"9524",4.4,-2.77777777777778,0.555555555555555,10,0.24905,0.373,0.22351,0.02124
"9525",5.33333333333333,-2.77777777777778,0.555555555555555,10,0.22997,0.35187,0.21249,0.01932
"9526",6.26666666666667,-2.77777777777778,0.555555555555555,10,0.21439,0.33088,0.20355,0.01767
"9527",7.2,-2.77777777777778,0.555555555555555,10,0.20205,0.3129,0.19359,0.0173
"9528",8.13333333333333,-2.77777777777778,0.555555555555555,10,0.19042,0.29777,0.18622,0.01621
"9529",9.06666666666667,-2.77777777777778,0.555555555555555,10,0.18143,0.28373,0.17796,0.01611
"9530",10,-2.77777777777778,0.555555555555555,10,0.17294,0.27148,0.17231,0.016
"9531",1.6,-1.66666666666667,0.555555555555555,10,0.37317,0.49764,0.22365,0.12686
"9532",2.53333333333333,-1.66666666666667,0.555555555555555,10,0.32062,0.47521,0.27549,0.10141
"9533",3.46666666666667,-1.66666666666667,0.555555555555555,10,0.28369,0.43331,0.26288,0.09174
"9534",4.4,-1.66666666666667,0.555555555555555,10,0.25568,0.39803,0.24852,0.08757
"9535",5.33333333333333,-1.66666666666667,0.555555555555555,10,0.23364,0.36677,0.22728,0.0854
"9536",6.26666666666667,-1.66666666666667,0.555555555555555,10,0.21692,0.34156,0.21542,0.08293
"9537",7.2,-1.66666666666667,0.555555555555555,10,0.20333,0.31991,0.20113,0.08119
"9538",8.13333333333333,-1.66666666666667,0.555555555555555,10,0.1917,0.30228,0.19006,0.08101
"9539",9.06666666666667,-1.66666666666667,0.555555555555555,10,0.18202,0.28721,0.18317,0.0793
"9540",10,-1.66666666666667,0.555555555555555,10,0.17346,0.27453,0.17439,0.0794
"9541",1.6,-0.555555555555555,0.555555555555555,10,0.40697,0.62622,0.37684,0.44543
"9542",2.53333333333333,-0.555555555555555,0.555555555555555,10,0.33567,0.52346,0.33095,0.4344
"9543",3.46666666666667,-0.555555555555555,0.555555555555555,10,0.29056,0.45548,0.29117,0.42946
"9544",4.4,-0.555555555555555,0.555555555555555,10,0.25914,0.40816,0.25705,0.42468
"9545",5.33333333333333,-0.555555555555555,0.555555555555555,10,0.23637,0.37235,0.23791,0.42516
"9546",6.26666666666667,-0.555555555555555,0.555555555555555,10,0.21922,0.34561,0.22045,0.42448
"9547",7.2,-0.555555555555555,0.555555555555555,10,0.20485,0.32401,0.20752,0.42209
"9548",8.13333333333333,-0.555555555555555,0.555555555555555,10,0.19285,0.30606,0.19348,0.42124
"9549",9.06666666666667,-0.555555555555555,0.555555555555555,10,0.18294,0.2898,0.18509,0.42171
"9550",10,-0.555555555555555,0.555555555555555,10,0.17463,0.2764,0.17478,0.4209
"9551",1.6,0.555555555555555,0.555555555555555,10,0.40817,0.62815,0.37888,0.44752
"9552",2.53333333333333,0.555555555555555,0.555555555555555,10,0.33466,0.52348,0.33055,0.43357
"9553",3.46666666666667,0.555555555555555,0.555555555555555,10,0.29112,0.45581,0.28904,0.42961
"9554",4.4,0.555555555555555,0.555555555555555,10,0.26039,0.40888,0.2618,0.42585
"9555",5.33333333333333,0.555555555555555,0.555555555555555,10,0.2378,0.37417,0.23755,0.42533
"9556",6.26666666666667,0.555555555555555,0.555555555555555,10,0.2194,0.34674,0.21981,0.4246
"9557",7.2,0.555555555555555,0.555555555555555,10,0.2056,0.32447,0.20698,0.42123
"9558",8.13333333333333,0.555555555555555,0.555555555555555,10,0.19392,0.3057,0.19375,0.4224
"9559",9.06666666666667,0.555555555555555,0.555555555555555,10,0.18383,0.29078,0.18533,0.42145
"9560",10,0.555555555555555,0.555555555555555,10,0.17542,0.27731,0.17664,0.42149
"9561",1.6,1.66666666666667,0.555555555555555,10,0.37316,0.50227,0.22489,0.12703
"9562",2.53333333333333,1.66666666666667,0.555555555555555,10,0.32117,0.47768,0.27455,0.10162
"9563",3.46666666666667,1.66666666666667,0.555555555555555,10,0.2834,0.43305,0.26467,0.09212
"9564",4.4,1.66666666666667,0.555555555555555,10,0.25687,0.39596,0.24832,0.08771
"9565",5.33333333333333,1.66666666666667,0.555555555555555,10,0.23567,0.36542,0.22659,0.08434
"9566",6.26666666666667,1.66666666666667,0.555555555555555,10,0.21912,0.34127,0.21395,0.08388
"9567",7.2,1.66666666666667,0.555555555555555,10,0.20455,0.32125,0.20122,0.08089
"9568",8.13333333333333,1.66666666666667,0.555555555555555,10,0.19292,0.30345,0.19281,0.07991
"9569",9.06666666666667,1.66666666666667,0.555555555555555,10,0.18267,0.28895,0.18181,0.07996
"9570",10,1.66666666666667,0.555555555555555,10,0.17455,0.27563,0.1753,0.07983
"9571",1.6,2.77777777777778,0.555555555555555,10,0.32369,0.35838,0.11688,0.05314
"9572",2.53333333333333,2.77777777777778,0.555555555555555,10,0.30008,0.40694,0.20181,0.03178
"9573",3.46666666666667,2.77777777777778,0.555555555555555,10,0.27306,0.39667,0.22324,0.0237
"9574",4.4,2.77777777777778,0.555555555555555,10,0.24959,0.37457,0.21961,0.02059
"9575",5.33333333333333,2.77777777777778,0.555555555555555,10,0.23075,0.35204,0.21311,0.01903
"9576",6.26666666666667,2.77777777777778,0.555555555555555,10,0.21491,0.33101,0.20495,0.01788
"9577",7.2,2.77777777777778,0.555555555555555,10,0.20216,0.31319,0.19297,0.01702
"9578",8.13333333333333,2.77777777777778,0.555555555555555,10,0.19129,0.29819,0.18664,0.01677
"9579",9.06666666666667,2.77777777777778,0.555555555555555,10,0.18173,0.28467,0.177,0.01621
"9580",10,2.77777777777778,0.555555555555555,10,0.17337,0.27205,0.17078,0.01585
"9581",1.6,3.88888888888889,0.555555555555555,10,0.27834,0.25007,0.06214,0.0271
"9582",2.53333333333333,3.88888888888889,0.555555555555555,10,0.27288,0.33097,0.13883,0.01144
"9583",3.46666666666667,3.88888888888889,0.555555555555555,10,0.25696,0.34994,0.17899,0.00773
"9584",4.4,3.88888888888889,0.555555555555555,10,0.2396,0.34463,0.19264,0.00621
"9585",5.33333333333333,3.88888888888889,0.555555555555555,10,0.22456,0.33114,0.19168,0.00486
"9586",6.26666666666667,3.88888888888889,0.555555555555555,10,0.21044,0.3172,0.19104,0.0043
"9587",7.2,3.88888888888889,0.555555555555555,10,0.19875,0.30286,0.1839,0.00403
"9588",8.13333333333333,3.88888888888889,0.555555555555555,10,0.18852,0.28894,0.17742,0.00386
"9589",9.06666666666667,3.88888888888889,0.555555555555555,10,0.17959,0.27787,0.1715,0.00355
"9590",10,3.88888888888889,0.555555555555555,10,0.1719,0.26768,0.16686,0.00313
"9591",1.6,5,0.555555555555555,10,0.23845,0.17943,0.03502,0.01626
"9592",2.53333333333333,5,0.555555555555555,10,0.24747,0.2656,0.09718,0.00505
"9593",3.46666666666667,5,0.555555555555555,10,0.24081,0.30175,0.13908,0.00278
"9594",4.4,5,0.555555555555555,10,0.22897,0.31176,0.16298,0.00162
"9595",5.33333333333333,5,0.555555555555555,10,0.21672,0.30843,0.17153,0.00146
"9596",6.26666666666667,5,0.555555555555555,10,0.20545,0.30044,0.17316,0.0013
"9597",7.2,5,0.555555555555555,10,0.19523,0.29045,0.17247,0.00104
"9598",8.13333333333333,5,0.555555555555555,10,0.18648,0.27957,0.16804,0.00096
"9599",9.06666666666667,5,0.555555555555555,10,0.17797,0.26901,0.16481,0.00097
"9600",10,5,0.555555555555555,10,0.17018,0.25985,0.15981,0.00084
"9601",1.6,-5,1.66666666666667,10,0.23844,0.17683,0.03673,0.01625
"9602",2.53333333333333,-5,1.66666666666667,10,0.24701,0.26102,0.09722,0.00504
"9603",3.46666666666667,-5,1.66666666666667,10,0.23981,0.29868,0.14074,0.00263
"9604",4.4,-5,1.66666666666667,10,0.22901,0.30778,0.16357,0.002
"9605",5.33333333333333,-5,1.66666666666667,10,0.21708,0.30595,0.1721,0.00149
"9606",6.26666666666667,-5,1.66666666666667,10,0.206,0.29858,0.17322,0.00133
"9607",7.2,-5,1.66666666666667,10,0.19607,0.28831,0.17268,9e-04
"9608",8.13333333333333,-5,1.66666666666667,10,0.18586,0.2782,0.16784,0.00096
"9609",9.06666666666667,-5,1.66666666666667,10,0.17741,0.26897,0.16522,0.00084
"9610",10,-5,1.66666666666667,10,0.17057,0.25957,0.15882,0.00089
"9611",1.6,-3.88888888888889,1.66666666666667,10,0.27807,0.24648,0.06178,0.02797
"9612",2.53333333333333,-3.88888888888889,1.66666666666667,10,0.27347,0.32712,0.14004,0.01171
"9613",3.46666666666667,-3.88888888888889,1.66666666666667,10,0.25829,0.34522,0.17851,0.00783
"9614",4.4,-3.88888888888889,1.66666666666667,10,0.24028,0.34122,0.19281,0.00585
"9615",5.33333333333333,-3.88888888888889,1.66666666666667,10,0.2246,0.32953,0.19348,0.00473
"9616",6.26666666666667,-3.88888888888889,1.66666666666667,10,0.21085,0.31624,0.19185,0.00441
"9617",7.2,-3.88888888888889,1.66666666666667,10,0.19867,0.30273,0.18234,0.00405
"9618",8.13333333333333,-3.88888888888889,1.66666666666667,10,0.18857,0.2889,0.17776,0.00374
"9619",9.06666666666667,-3.88888888888889,1.66666666666667,10,0.17995,0.27707,0.17221,0.00359
"9620",10,-3.88888888888889,1.66666666666667,10,0.172,0.26633,0.16775,0.00348
"9621",1.6,-2.77777777777778,1.66666666666667,10,0.3252,0.35347,0.11487,0.05152
"9622",2.53333333333333,-2.77777777777778,1.66666666666667,10,0.29965,0.40257,0.2024,0.03098
"9623",3.46666666666667,-2.77777777777778,1.66666666666667,10,0.27221,0.39322,0.223,0.02405
"9624",4.4,-2.77777777777778,1.66666666666667,10,0.24905,0.373,0.22277,0.02026
"9625",5.33333333333333,-2.77777777777778,1.66666666666667,10,0.22997,0.35187,0.21425,0.01989
"9626",6.26666666666667,-2.77777777777778,1.66666666666667,10,0.21439,0.33088,0.20404,0.0174
"9627",7.2,-2.77777777777778,1.66666666666667,10,0.20205,0.3129,0.19569,0.01722
"9628",8.13333333333333,-2.77777777777778,1.66666666666667,10,0.19042,0.29777,0.18522,0.01666
"9629",9.06666666666667,-2.77777777777778,1.66666666666667,10,0.18143,0.28373,0.1783,0.01637
"9630",10,-2.77777777777778,1.66666666666667,10,0.17294,0.27148,0.16891,0.01629
"9631",1.6,-1.66666666666667,1.66666666666667,10,0.37317,0.49764,0.22348,0.12642
"9632",2.53333333333333,-1.66666666666667,1.66666666666667,10,0.32062,0.47521,0.2746,0.10172
"9633",3.46666666666667,-1.66666666666667,1.66666666666667,10,0.28369,0.43331,0.26265,0.09281
"9634",4.4,-1.66666666666667,1.66666666666667,10,0.25568,0.39803,0.24295,0.08701
"9635",5.33333333333333,-1.66666666666667,1.66666666666667,10,0.23364,0.36677,0.2318,0.0842
"9636",6.26666666666667,-1.66666666666667,1.66666666666667,10,0.21692,0.34156,0.21584,0.08287
"9637",7.2,-1.66666666666667,1.66666666666667,10,0.20333,0.31991,0.20125,0.0815
"9638",8.13333333333333,-1.66666666666667,1.66666666666667,10,0.1917,0.30228,0.18955,0.08022
"9639",9.06666666666667,-1.66666666666667,1.66666666666667,10,0.18202,0.28721,0.18202,0.07921
"9640",10,-1.66666666666667,1.66666666666667,10,0.17346,0.27453,0.17317,0.07902
"9641",1.6,-0.555555555555555,1.66666666666667,10,0.40697,0.62622,0.37638,0.44707
"9642",2.53333333333333,-0.555555555555555,1.66666666666667,10,0.33567,0.52346,0.32997,0.43417
"9643",3.46666666666667,-0.555555555555555,1.66666666666667,10,0.29056,0.45548,0.28909,0.42826
"9644",4.4,-0.555555555555555,1.66666666666667,10,0.25914,0.40816,0.26016,0.42615
"9645",5.33333333333333,-0.555555555555555,1.66666666666667,10,0.23637,0.37235,0.23697,0.42407
"9646",6.26666666666667,-0.555555555555555,1.66666666666667,10,0.21922,0.34561,0.22151,0.42486
"9647",7.2,-0.555555555555555,1.66666666666667,10,0.20485,0.32401,0.20562,0.42268
"9648",8.13333333333333,-0.555555555555555,1.66666666666667,10,0.19285,0.30606,0.19526,0.4228
"9649",9.06666666666667,-0.555555555555555,1.66666666666667,10,0.18294,0.2898,0.18414,0.42028
"9650",10,-0.555555555555555,1.66666666666667,10,0.17463,0.2764,0.17724,0.42142
"9651",1.6,0.555555555555555,1.66666666666667,10,0.40817,0.62815,0.38058,0.44588
"9652",2.53333333333333,0.555555555555555,1.66666666666667,10,0.33466,0.52348,0.32979,0.43206
"9653",3.46666666666667,0.555555555555555,1.66666666666667,10,0.29112,0.45581,0.28969,0.42896
"9654",4.4,0.555555555555555,1.66666666666667,10,0.26039,0.40888,0.25975,0.42685
"9655",5.33333333333333,0.555555555555555,1.66666666666667,10,0.2378,0.37417,0.23636,0.42548
"9656",6.26666666666667,0.555555555555555,1.66666666666667,10,0.2194,0.34674,0.22006,0.42439
"9657",7.2,0.555555555555555,1.66666666666667,10,0.2056,0.32447,0.20619,0.42332
"9658",8.13333333333333,0.555555555555555,1.66666666666667,10,0.19392,0.3057,0.19438,0.42217
"9659",9.06666666666667,0.555555555555555,1.66666666666667,10,0.18383,0.29078,0.18348,0.42209
"9660",10,0.555555555555555,1.66666666666667,10,0.17542,0.27731,0.17499,0.42124
"9661",1.6,1.66666666666667,1.66666666666667,10,0.37316,0.50227,0.22301,0.12756
"9662",2.53333333333333,1.66666666666667,1.66666666666667,10,0.32117,0.47768,0.2743,0.10073
"9663",3.46666666666667,1.66666666666667,1.66666666666667,10,0.2834,0.43305,0.2637,0.09152
"9664",4.4,1.66666666666667,1.66666666666667,10,0.25687,0.39596,0.24734,0.0876
"9665",5.33333333333333,1.66666666666667,1.66666666666667,10,0.23567,0.36542,0.22784,0.08455
"9666",6.26666666666667,1.66666666666667,1.66666666666667,10,0.21912,0.34127,0.2147,0.08229
"9667",7.2,1.66666666666667,1.66666666666667,10,0.20455,0.32125,0.20284,0.0808
"9668",8.13333333333333,1.66666666666667,1.66666666666667,10,0.19292,0.30345,0.19146,0.08107
"9669",9.06666666666667,1.66666666666667,1.66666666666667,10,0.18267,0.28895,0.18143,0.07936
"9670",10,1.66666666666667,1.66666666666667,10,0.17455,0.27563,0.17381,0.07979
"9671",1.6,2.77777777777778,1.66666666666667,10,0.32369,0.35838,0.11568,0.05346
"9672",2.53333333333333,2.77777777777778,1.66666666666667,10,0.30008,0.40694,0.20184,0.03043
"9673",3.46666666666667,2.77777777777778,1.66666666666667,10,0.27306,0.39667,0.22449,0.02396
"9674",4.4,2.77777777777778,1.66666666666667,10,0.24959,0.37457,0.22037,0.02066
"9675",5.33333333333333,2.77777777777778,1.66666666666667,10,0.23075,0.35204,0.2139,0.01913
"9676",6.26666666666667,2.77777777777778,1.66666666666667,10,0.21491,0.33101,0.20311,0.01824
"9677",7.2,2.77777777777778,1.66666666666667,10,0.20216,0.31319,0.1935,0.01739
"9678",8.13333333333333,2.77777777777778,1.66666666666667,10,0.19129,0.29819,0.18731,0.01693
"9679",9.06666666666667,2.77777777777778,1.66666666666667,10,0.18173,0.28467,0.17747,0.01611
"9680",10,2.77777777777778,1.66666666666667,10,0.17337,0.27205,0.1727,0.01565
"9681",1.6,3.88888888888889,1.66666666666667,10,0.27834,0.25007,0.06168,0.02629
"9682",2.53333333333333,3.88888888888889,1.66666666666667,10,0.27288,0.33097,0.14112,0.01127
"9683",3.46666666666667,3.88888888888889,1.66666666666667,10,0.25696,0.34994,0.1793,0.00795
"9684",4.4,3.88888888888889,1.66666666666667,10,0.2396,0.34463,0.19351,0.00578
"9685",5.33333333333333,3.88888888888889,1.66666666666667,10,0.22456,0.33114,0.19567,0.00488
"9686",6.26666666666667,3.88888888888889,1.66666666666667,10,0.21044,0.3172,0.19074,0.00467
"9687",7.2,3.88888888888889,1.66666666666667,10,0.19875,0.30286,0.18241,0.00384
"9688",8.13333333333333,3.88888888888889,1.66666666666667,10,0.18852,0.28894,0.17821,0.00378
"9689",9.06666666666667,3.88888888888889,1.66666666666667,10,0.17959,0.27787,0.17316,0.00351
"9690",10,3.88888888888889,1.66666666666667,10,0.1719,0.26768,0.16509,0.00347
"9691",1.6,5,1.66666666666667,10,0.23845,0.17943,0.03598,0.01643
"9692",2.53333333333333,5,1.66666666666667,10,0.24747,0.2656,0.0965,0.00482
"9693",3.46666666666667,5,1.66666666666667,10,0.24081,0.30175,0.13878,0.00267
"9694",4.4,5,1.66666666666667,10,0.22897,0.31176,0.16138,0.00164
"9695",5.33333333333333,5,1.66666666666667,10,0.21672,0.30843,0.17109,0.00127
"9696",6.26666666666667,5,1.66666666666667,10,0.20545,0.30044,0.17302,0.0012
"9697",7.2,5,1.66666666666667,10,0.19523,0.29045,0.17158,0.00123
"9698",8.13333333333333,5,1.66666666666667,10,0.18648,0.27957,0.16727,0.00085
"9699",9.06666666666667,5,1.66666666666667,10,0.17797,0.26901,0.16501,9e-04
"9700",10,5,1.66666666666667,10,0.17018,0.25985,0.16017,0.00083
"9701",1.6,-5,2.77777777777778,10,0.23844,0.17683,0.03545,0.01649
"9702",2.53333333333333,-5,2.77777777777778,10,0.24701,0.26102,0.09687,0.00512
"9703",3.46666666666667,-5,2.77777777777778,10,0.23981,0.29868,0.14055,0.00299
"9704",4.4,-5,2.77777777777778,10,0.22901,0.30778,0.16352,0.00191
"9705",5.33333333333333,-5,2.77777777777778,10,0.21708,0.30595,0.17098,0.00142
"9706",6.26666666666667,-5,2.77777777777778,10,0.206,0.29858,0.17304,0.00119
"9707",7.2,-5,2.77777777777778,10,0.19607,0.28831,0.17108,0.00119
"9708",8.13333333333333,-5,2.77777777777778,10,0.18586,0.2782,0.16811,0.00094
"9709",9.06666666666667,-5,2.77777777777778,10,0.17741,0.26897,0.16396,0.00078
"9710",10,-5,2.77777777777778,10,0.17057,0.25957,0.16055,0.00088
"9711",1.6,-3.88888888888889,2.77777777777778,10,0.27807,0.24648,0.06216,0.02688
"9712",2.53333333333333,-3.88888888888889,2.77777777777778,10,0.27347,0.32712,0.14073,0.01173
"9713",3.46666666666667,-3.88888888888889,2.77777777777778,10,0.25829,0.34522,0.17793,0.0075
"9714",4.4,-3.88888888888889,2.77777777777778,10,0.24028,0.34122,0.1935,0.00562
"9715",5.33333333333333,-3.88888888888889,2.77777777777778,10,0.2246,0.32953,0.19452,0.00482
"9716",6.26666666666667,-3.88888888888889,2.77777777777778,10,0.21085,0.31624,0.18851,0.00429
"9717",7.2,-3.88888888888889,2.77777777777778,10,0.19867,0.30273,0.18621,0.00418
"9718",8.13333333333333,-3.88888888888889,2.77777777777778,10,0.18857,0.2889,0.1797,0.00395
"9719",9.06666666666667,-3.88888888888889,2.77777777777778,10,0.17995,0.27707,0.1724,0.00345
"9720",10,-3.88888888888889,2.77777777777778,10,0.172,0.26633,0.16753,0.00344
"9721",1.6,-2.77777777777778,2.77777777777778,10,0.3252,0.35347,0.11555,0.05225
"9722",2.53333333333333,-2.77777777777778,2.77777777777778,10,0.29965,0.40257,0.20102,0.03015
"9723",3.46666666666667,-2.77777777777778,2.77777777777778,10,0.27221,0.39322,0.22331,0.02429
"9724",4.4,-2.77777777777778,2.77777777777778,10,0.24905,0.373,0.22057,0.02036
"9725",5.33333333333333,-2.77777777777778,2.77777777777778,10,0.22997,0.35187,0.21367,0.01901
"9726",6.26666666666667,-2.77777777777778,2.77777777777778,10,0.21439,0.33088,0.20511,0.01801
"9727",7.2,-2.77777777777778,2.77777777777778,10,0.20205,0.3129,0.1943,0.01728
"9728",8.13333333333333,-2.77777777777778,2.77777777777778,10,0.19042,0.29777,0.18609,0.01676
"9729",9.06666666666667,-2.77777777777778,2.77777777777778,10,0.18143,0.28373,0.17738,0.01603
"9730",10,-2.77777777777778,2.77777777777778,10,0.17294,0.27148,0.16947,0.01575
"9731",1.6,-1.66666666666667,2.77777777777778,10,0.37317,0.49764,0.2257,0.12807
"9732",2.53333333333333,-1.66666666666667,2.77777777777778,10,0.32062,0.47521,0.27415,0.10301
"9733",3.46666666666667,-1.66666666666667,2.77777777777778,10,0.28369,0.43331,0.26239,0.092
"9734",4.4,-1.66666666666667,2.77777777777778,10,0.25568,0.39803,0.2442,0.08711
"9735",5.33333333333333,-1.66666666666667,2.77777777777778,10,0.23364,0.36677,0.23236,0.08432
"9736",6.26666666666667,-1.66666666666667,2.77777777777778,10,0.21692,0.34156,0.21313,0.08234
"9737",7.2,-1.66666666666667,2.77777777777778,10,0.20333,0.31991,0.20395,0.08096
"9738",8.13333333333333,-1.66666666666667,2.77777777777778,10,0.1917,0.30228,0.19269,0.08069
"9739",9.06666666666667,-1.66666666666667,2.77777777777778,10,0.18202,0.28721,0.1835,0.07876
"9740",10,-1.66666666666667,2.77777777777778,10,0.17346,0.27453,0.17439,0.07897
"9741",1.6,-0.555555555555555,2.77777777777778,10,0.40697,0.62622,0.37825,0.44824
"9742",2.53333333333333,-0.555555555555555,2.77777777777778,10,0.33567,0.52346,0.32905,0.43373
"9743",3.46666666666667,-0.555555555555555,2.77777777777778,10,0.29056,0.45548,0.2878,0.42865
"9744",4.4,-0.555555555555555,2.77777777777778,10,0.25914,0.40816,0.25983,0.42678
"9745",5.33333333333333,-0.555555555555555,2.77777777777778,10,0.23637,0.37235,0.23592,0.42555
"9746",6.26666666666667,-0.555555555555555,2.77777777777778,10,0.21922,0.34561,0.22061,0.42391
"9747",7.2,-0.555555555555555,2.77777777777778,10,0.20485,0.32401,0.20613,0.42315
"9748",8.13333333333333,-0.555555555555555,2.77777777777778,10,0.19285,0.30606,0.19452,0.42236
"9749",9.06666666666667,-0.555555555555555,2.77777777777778,10,0.18294,0.2898,0.1835,0.42097
"9750",10,-0.555555555555555,2.77777777777778,10,0.17463,0.2764,0.17591,0.42122
"9751",1.6,0.555555555555555,2.77777777777778,10,0.40817,0.62815,0.37707,0.447
"9752",2.53333333333333,0.555555555555555,2.77777777777778,10,0.33466,0.52348,0.33086,0.43325
"9753",3.46666666666667,0.555555555555555,2.77777777777778,10,0.29112,0.45581,0.28808,0.4286
"9754",4.4,0.555555555555555,2.77777777777778,10,0.26039,0.40888,0.25912,0.42611
"9755",5.33333333333333,0.555555555555555,2.77777777777778,10,0.2378,0.37417,0.23802,0.42546
"9756",6.26666666666667,0.555555555555555,2.77777777777778,10,0.2194,0.34674,0.22182,0.42282
"9757",7.2,0.555555555555555,2.77777777777778,10,0.2056,0.32447,0.20566,0.42287
"9758",8.13333333333333,0.555555555555555,2.77777777777778,10,0.19392,0.3057,0.19255,0.42267
"9759",9.06666666666667,0.555555555555555,2.77777777777778,10,0.18383,0.29078,0.1838,0.42204
"9760",10,0.555555555555555,2.77777777777778,10,0.17542,0.27731,0.1754,0.42123
"9761",1.6,1.66666666666667,2.77777777777778,10,0.37316,0.50227,0.22527,0.12787
"9762",2.53333333333333,1.66666666666667,2.77777777777778,10,0.32117,0.47768,0.27535,0.10161
"9763",3.46666666666667,1.66666666666667,2.77777777777778,10,0.2834,0.43305,0.26333,0.09213
"9764",4.4,1.66666666666667,2.77777777777778,10,0.25687,0.39596,0.24306,0.08749
"9765",5.33333333333333,1.66666666666667,2.77777777777778,10,0.23567,0.36542,0.22812,0.08607
"9766",6.26666666666667,1.66666666666667,2.77777777777778,10,0.21912,0.34127,0.21329,0.08271
"9767",7.2,1.66666666666667,2.77777777777778,10,0.20455,0.32125,0.20203,0.08179
"9768",8.13333333333333,1.66666666666667,2.77777777777778,10,0.19292,0.30345,0.19165,0.08034
"9769",9.06666666666667,1.66666666666667,2.77777777777778,10,0.18267,0.28895,0.18286,0.07959
"9770",10,1.66666666666667,2.77777777777778,10,0.17455,0.27563,0.17283,0.07927
"9771",1.6,2.77777777777778,2.77777777777778,10,0.32369,0.35838,0.11612,0.05205
"9772",2.53333333333333,2.77777777777778,2.77777777777778,10,0.30008,0.40694,0.20238,0.03111
"9773",3.46666666666667,2.77777777777778,2.77777777777778,10,0.27306,0.39667,0.22422,0.02407
"9774",4.4,2.77777777777778,2.77777777777778,10,0.24959,0.37457,0.22165,0.02039
"9775",5.33333333333333,2.77777777777778,2.77777777777778,10,0.23075,0.35204,0.21418,0.01942
"9776",6.26666666666667,2.77777777777778,2.77777777777778,10,0.21491,0.33101,0.20487,0.01812
"9777",7.2,2.77777777777778,2.77777777777778,10,0.20216,0.31319,0.1934,0.0172
"9778",8.13333333333333,2.77777777777778,2.77777777777778,10,0.19129,0.29819,0.18703,0.01674
"9779",9.06666666666667,2.77777777777778,2.77777777777778,10,0.18173,0.28467,0.18025,0.01628
"9780",10,2.77777777777778,2.77777777777778,10,0.17337,0.27205,0.16992,0.01622
"9781",1.6,3.88888888888889,2.77777777777778,10,0.27834,0.25007,0.0628,0.02669
"9782",2.53333333333333,3.88888888888889,2.77777777777778,10,0.27288,0.33097,0.1415,0.01163
"9783",3.46666666666667,3.88888888888889,2.77777777777778,10,0.25696,0.34994,0.18021,0.00794
"9784",4.4,3.88888888888889,2.77777777777778,10,0.2396,0.34463,0.19212,0.00573
"9785",5.33333333333333,3.88888888888889,2.77777777777778,10,0.22456,0.33114,0.19416,0.00456
"9786",6.26666666666667,3.88888888888889,2.77777777777778,10,0.21044,0.3172,0.19085,0.00463
"9787",7.2,3.88888888888889,2.77777777777778,10,0.19875,0.30286,0.18485,0.00411
"9788",8.13333333333333,3.88888888888889,2.77777777777778,10,0.18852,0.28894,0.17902,0.00387
"9789",9.06666666666667,3.88888888888889,2.77777777777778,10,0.17959,0.27787,0.17295,0.00349
"9790",10,3.88888888888889,2.77777777777778,10,0.1719,0.26768,0.16516,0.00321
"9791",1.6,5,2.77777777777778,10,0.23845,0.17943,0.03622,0.01659
"9792",2.53333333333333,5,2.77777777777778,10,0.24747,0.2656,0.09666,0.00496
"9793",3.46666666666667,5,2.77777777777778,10,0.24081,0.30175,0.13798,0.00265
"9794",4.4,5,2.77777777777778,10,0.22897,0.31176,0.16232,0.00162
"9795",5.33333333333333,5,2.77777777777778,10,0.21672,0.30843,0.17081,0.00135
"9796",6.26666666666667,5,2.77777777777778,10,0.20545,0.30044,0.17164,0.00127
"9797",7.2,5,2.77777777777778,10,0.19523,0.29045,0.17111,0.00089
"9798",8.13333333333333,5,2.77777777777778,10,0.18648,0.27957,0.16948,0.00096
"9799",9.06666666666667,5,2.77777777777778,10,0.17797,0.26901,0.16259,0.00089
"9800",10,5,2.77777777777778,10,0.17018,0.25985,0.16024,0.00073
"9801",1.6,-5,3.88888888888889,10,0.23844,0.17683,0.03628,0.01622
"9802",2.53333333333333,-5,3.88888888888889,10,0.24701,0.26102,0.09654,0.00534
"9803",3.46666666666667,-5,3.88888888888889,10,0.23981,0.29868,0.13916,0.00275
"9804",4.4,-5,3.88888888888889,10,0.22901,0.30778,0.16231,0.00193
"9805",5.33333333333333,-5,3.88888888888889,10,0.21708,0.30595,0.17191,0.0013
"9806",6.26666666666667,-5,3.88888888888889,10,0.206,0.29858,0.17283,0.00135
"9807",7.2,-5,3.88888888888889,10,0.19607,0.28831,0.17134,0.00111
"9808",8.13333333333333,-5,3.88888888888889,10,0.18586,0.2782,0.16841,0.00086
"9809",9.06666666666667,-5,3.88888888888889,10,0.17741,0.26897,0.16501,0.00094
"9810",10,-5,3.88888888888889,10,0.17057,0.25957,0.1594,0.00083
"9811",1.6,-3.88888888888889,3.88888888888889,10,0.27807,0.24648,0.06241,0.02669
"9812",2.53333333333333,-3.88888888888889,3.88888888888889,10,0.27347,0.32712,0.14021,0.0117
"9813",3.46666666666667,-3.88888888888889,3.88888888888889,10,0.25829,0.34522,0.18141,0.0073
"9814",4.4,-3.88888888888889,3.88888888888889,10,0.24028,0.34122,0.19304,0.00574
"9815",5.33333333333333,-3.88888888888889,3.88888888888889,10,0.2246,0.32953,0.1947,0.00494
"9816",6.26666666666667,-3.88888888888889,3.88888888888889,10,0.21085,0.31624,0.1892,0.00443
"9817",7.2,-3.88888888888889,3.88888888888889,10,0.19867,0.30273,0.18482,0.00397
"9818",8.13333333333333,-3.88888888888889,3.88888888888889,10,0.18857,0.2889,0.17728,0.00349
"9819",9.06666666666667,-3.88888888888889,3.88888888888889,10,0.17995,0.27707,0.17133,0.00375
"9820",10,-3.88888888888889,3.88888888888889,10,0.172,0.26633,0.16578,0.00347
"9821",1.6,-2.77777777777778,3.88888888888889,10,0.3252,0.35347,0.11755,0.05208
"9822",2.53333333333333,-2.77777777777778,3.88888888888889,10,0.29965,0.40257,0.20147,0.03073
"9823",3.46666666666667,-2.77777777777778,3.88888888888889,10,0.27221,0.39322,0.22316,0.02347
"9824",4.4,-2.77777777777778,3.88888888888889,10,0.24905,0.373,0.22029,0.02068
"9825",5.33333333333333,-2.77777777777778,3.88888888888889,10,0.22997,0.35187,0.21434,0.01944
"9826",6.26666666666667,-2.77777777777778,3.88888888888889,10,0.21439,0.33088,0.20493,0.01807
"9827",7.2,-2.77777777777778,3.88888888888889,10,0.20205,0.3129,0.19347,0.0175
"9828",8.13333333333333,-2.77777777777778,3.88888888888889,10,0.19042,0.29777,0.18599,0.01623
"9829",9.06666666666667,-2.77777777777778,3.88888888888889,10,0.18143,0.28373,0.17841,0.01604
"9830",10,-2.77777777777778,3.88888888888889,10,0.17294,0.27148,0.17148,0.01584
"9831",1.6,-1.66666666666667,3.88888888888889,10,0.37317,0.49764,0.22329,0.12797
"9832",2.53333333333333,-1.66666666666667,3.88888888888889,10,0.32062,0.47521,0.274,0.10188
"9833",3.46666666666667,-1.66666666666667,3.88888888888889,10,0.28369,0.43331,0.26234,0.09367
"9834",4.4,-1.66666666666667,3.88888888888889,10,0.25568,0.39803,0.24494,0.08765
"9835",5.33333333333333,-1.66666666666667,3.88888888888889,10,0.23364,0.36677,0.2303,0.08402
"9836",6.26666666666667,-1.66666666666667,3.88888888888889,10,0.21692,0.34156,0.21414,0.08299
"9837",7.2,-1.66666666666667,3.88888888888889,10,0.20333,0.31991,0.20236,0.08153
"9838",8.13333333333333,-1.66666666666667,3.88888888888889,10,0.1917,0.30228,0.19407,0.08029
"9839",9.06666666666667,-1.66666666666667,3.88888888888889,10,0.18202,0.28721,0.18432,0.07985
"9840",10,-1.66666666666667,3.88888888888889,10,0.17346,0.27453,0.17448,0.07834
"9841",1.6,-0.555555555555555,3.88888888888889,10,0.40697,0.62622,0.37789,0.44524
"9842",2.53333333333333,-0.555555555555555,3.88888888888889,10,0.33567,0.52346,0.33121,0.43385
"9843",3.46666666666667,-0.555555555555555,3.88888888888889,10,0.29056,0.45548,0.29117,0.42779
"9844",4.4,-0.555555555555555,3.88888888888889,10,0.25914,0.40816,0.25773,0.42724
"9845",5.33333333333333,-0.555555555555555,3.88888888888889,10,0.23637,0.37235,0.23802,0.42465
"9846",6.26666666666667,-0.555555555555555,3.88888888888889,10,0.21922,0.34561,0.22006,0.42347
"9847",7.2,-0.555555555555555,3.88888888888889,10,0.20485,0.32401,0.20689,0.42379
"9848",8.13333333333333,-0.555555555555555,3.88888888888889,10,0.19285,0.30606,0.19345,0.42179
"9849",9.06666666666667,-0.555555555555555,3.88888888888889,10,0.18294,0.2898,0.18447,0.42147
"9850",10,-0.555555555555555,3.88888888888889,10,0.17463,0.2764,0.17701,0.42158
"9851",1.6,0.555555555555555,3.88888888888889,10,0.40817,0.62815,0.38035,0.44772
"9852",2.53333333333333,0.555555555555555,3.88888888888889,10,0.33466,0.52348,0.32941,0.43381
"9853",3.46666666666667,0.555555555555555,3.88888888888889,10,0.29112,0.45581,0.28935,0.42702
"9854",4.4,0.555555555555555,3.88888888888889,10,0.26039,0.40888,0.25869,0.42693
"9855",5.33333333333333,0.555555555555555,3.88888888888889,10,0.2378,0.37417,0.23688,0.4245
"9856",6.26666666666667,0.555555555555555,3.88888888888889,10,0.2194,0.34674,0.22161,0.42323
"9857",7.2,0.555555555555555,3.88888888888889,10,0.2056,0.32447,0.20472,0.42262
"9858",8.13333333333333,0.555555555555555,3.88888888888889,10,0.19392,0.3057,0.19501,0.42166
"9859",9.06666666666667,0.555555555555555,3.88888888888889,10,0.18383,0.29078,0.18475,0.42218
"9860",10,0.555555555555555,3.88888888888889,10,0.17542,0.27731,0.17677,0.42177
"9861",1.6,1.66666666666667,3.88888888888889,10,0.37316,0.50227,0.22453,0.12781
"9862",2.53333333333333,1.66666666666667,3.88888888888889,10,0.32117,0.47768,0.27525,0.10154
"9863",3.46666666666667,1.66666666666667,3.88888888888889,10,0.2834,0.43305,0.26224,0.09125
"9864",4.4,1.66666666666667,3.88888888888889,10,0.25687,0.39596,0.24532,0.08793
"9865",5.33333333333333,1.66666666666667,3.88888888888889,10,0.23567,0.36542,0.22843,0.08451
"9866",6.26666666666667,1.66666666666667,3.88888888888889,10,0.21912,0.34127,0.21477,0.08281
"9867",7.2,1.66666666666667,3.88888888888889,10,0.20455,0.32125,0.20137,0.08114
"9868",8.13333333333333,1.66666666666667,3.88888888888889,10,0.19292,0.30345,0.1921,0.0804
"9869",9.06666666666667,1.66666666666667,3.88888888888889,10,0.18267,0.28895,0.18299,0.07998
"9870",10,1.66666666666667,3.88888888888889,10,0.17455,0.27563,0.17541,0.07937
"9871",1.6,2.77777777777778,3.88888888888889,10,0.32369,0.35838,0.11781,0.05269
"9872",2.53333333333333,2.77777777777778,3.88888888888889,10,0.30008,0.40694,0.20324,0.03099
"9873",3.46666666666667,2.77777777777778,3.88888888888889,10,0.27306,0.39667,0.2258,0.02409
"9874",4.4,2.77777777777778,3.88888888888889,10,0.24959,0.37457,0.22223,0.02079
"9875",5.33333333333333,2.77777777777778,3.88888888888889,10,0.23075,0.35204,0.21379,0.01901
"9876",6.26666666666667,2.77777777777778,3.88888888888889,10,0.21491,0.33101,0.20398,0.0182
"9877",7.2,2.77777777777778,3.88888888888889,10,0.20216,0.31319,0.19528,0.01721
"9878",8.13333333333333,2.77777777777778,3.88888888888889,10,0.19129,0.29819,0.18459,0.01692
"9879",9.06666666666667,2.77777777777778,3.88888888888889,10,0.18173,0.28467,0.17623,0.01601
"9880",10,2.77777777777778,3.88888888888889,10,0.17337,0.27205,0.17198,0.01632
"9881",1.6,3.88888888888889,3.88888888888889,10,0.27834,0.25007,0.06236,0.02814
"9882",2.53333333333333,3.88888888888889,3.88888888888889,10,0.27288,0.33097,0.1397,0.01145
"9883",3.46666666666667,3.88888888888889,3.88888888888889,10,0.25696,0.34994,0.18054,0.0072
"9884",4.4,3.88888888888889,3.88888888888889,10,0.2396,0.34463,0.19184,0.00585
"9885",5.33333333333333,3.88888888888889,3.88888888888889,10,0.22456,0.33114,0.19245,0.00476
"9886",6.26666666666667,3.88888888888889,3.88888888888889,10,0.21044,0.3172,0.19066,0.00442
"9887",7.2,3.88888888888889,3.88888888888889,10,0.19875,0.30286,0.18563,0.00386
"9888",8.13333333333333,3.88888888888889,3.88888888888889,10,0.18852,0.28894,0.17962,0.00364
"9889",9.06666666666667,3.88888888888889,3.88888888888889,10,0.17959,0.27787,0.17302,0.0035
"9890",10,3.88888888888889,3.88888888888889,10,0.1719,0.26768,0.16566,0.00355
"9891",1.6,5,3.88888888888889,10,0.23845,0.17943,0.03515,0.01631
"9892",2.53333333333333,5,3.88888888888889,10,0.24747,0.2656,0.09844,0.00516
"9893",3.46666666666667,5,3.88888888888889,10,0.24081,0.30175,0.14168,0.00263
"9894",4.4,5,3.88888888888889,10,0.22897,0.31176,0.16368,0.00186
"9895",5.33333333333333,5,3.88888888888889,10,0.21672,0.30843,0.16981,0.00141
"9896",6.26666666666667,5,3.88888888888889,10,0.20545,0.30044,0.1745,0.00129
"9897",7.2,5,3.88888888888889,10,0.19523,0.29045,0.17246,0.00108
"9898",8.13333333333333,5,3.88888888888889,10,0.18648,0.27957,0.1694,0.00094
"9899",9.06666666666667,5,3.88888888888889,10,0.17797,0.26901,0.1655,0.00083
"9900",10,5,3.88888888888889,10,0.17018,0.25985,0.15891,0.00095
"9901",1.6,-5,5,10,0.23844,0.17683,0.03593,0.01605
"9902",2.53333333333333,-5,5,10,0.24701,0.26102,0.09745,0.00486
"9903",3.46666666666667,-5,5,10,0.23981,0.29868,0.14024,0.00256
"9904",4.4,-5,5,10,0.22901,0.30778,0.16189,0.00178
"9905",5.33333333333333,-5,5,10,0.21708,0.30595,0.17237,0.00139
"9906",6.26666666666667,-5,5,10,0.206,0.29858,0.17348,0.00107
"9907",7.2,-5,5,10,0.19607,0.28831,0.17241,0.00104
"9908",8.13333333333333,-5,5,10,0.18586,0.2782,0.16801,0.00086
"9909",9.06666666666667,-5,5,10,0.17741,0.26897,0.16498,0.00101
"9910",10,-5,5,10,0.17057,0.25957,0.15908,0.00082
"9911",1.6,-3.88888888888889,5,10,0.27807,0.24648,0.06128,0.02666
"9912",2.53333333333333,-3.88888888888889,5,10,0.27347,0.32712,0.13923,0.01131
"9913",3.46666666666667,-3.88888888888889,5,10,0.25829,0.34522,0.17867,0.00738
"9914",4.4,-3.88888888888889,5,10,0.24028,0.34122,0.19215,0.00551
"9915",5.33333333333333,-3.88888888888889,5,10,0.2246,0.32953,0.1955,0.00519
"9916",6.26666666666667,-3.88888888888889,5,10,0.21085,0.31624,0.18923,0.00436
"9917",7.2,-3.88888888888889,5,10,0.19867,0.30273,0.18613,0.0043
"9918",8.13333333333333,-3.88888888888889,5,10,0.18857,0.2889,0.17822,0.00361
"9919",9.06666666666667,-3.88888888888889,5,10,0.17995,0.27707,0.17069,0.00362
"9920",10,-3.88888888888889,5,10,0.172,0.26633,0.16473,0.00315
"9921",1.6,-2.77777777777778,5,10,0.3252,0.35347,0.11618,0.05289
"9922",2.53333333333333,-2.77777777777778,5,10,0.29965,0.40257,0.20098,0.03118
"9923",3.46666666666667,-2.77777777777778,5,10,0.27221,0.39322,0.2239,0.02407
"9924",4.4,-2.77777777777778,5,10,0.24905,0.373,0.22158,0.02089
"9925",5.33333333333333,-2.77777777777778,5,10,0.22997,0.35187,0.21354,0.01908
"9926",6.26666666666667,-2.77777777777778,5,10,0.21439,0.33088,0.20296,0.01751
"9927",7.2,-2.77777777777778,5,10,0.20205,0.3129,0.19488,0.01721
"9928",8.13333333333333,-2.77777777777778,5,10,0.19042,0.29777,0.18582,0.01638
"9929",9.06666666666667,-2.77777777777778,5,10,0.18143,0.28373,0.17777,0.01715
"9930",10,-2.77777777777778,5,10,0.17294,0.27148,0.17196,0.01549
"9931",1.6,-1.66666666666667,5,10,0.37317,0.49764,0.22247,0.12844
"9932",2.53333333333333,-1.66666666666667,5,10,0.32062,0.47521,0.27581,0.10099
"9933",3.46666666666667,-1.66666666666667,5,10,0.28369,0.43331,0.26583,0.09227
"9934",4.4,-1.66666666666667,5,10,0.25568,0.39803,0.24671,0.08797
"9935",5.33333333333333,-1.66666666666667,5,10,0.23364,0.36677,0.22737,0.08488
"9936",6.26666666666667,-1.66666666666667,5,10,0.21692,0.34156,0.21501,0.08286
"9937",7.2,-1.66666666666667,5,10,0.20333,0.31991,0.20179,0.08139
"9938",8.13333333333333,-1.66666666666667,5,10,0.1917,0.30228,0.19257,0.08034
"9939",9.06666666666667,-1.66666666666667,5,10,0.18202,0.28721,0.1842,0.07918
"9940",10,-1.66666666666667,5,10,0.17346,0.27453,0.17238,0.07845
"9941",1.6,-0.555555555555555,5,10,0.40697,0.62622,0.37668,0.44461
"9942",2.53333333333333,-0.555555555555555,5,10,0.33567,0.52346,0.3311,0.43359
"9943",3.46666666666667,-0.555555555555555,5,10,0.29056,0.45548,0.2878,0.42986
"9944",4.4,-0.555555555555555,5,10,0.25914,0.40816,0.26122,0.42681
"9945",5.33333333333333,-0.555555555555555,5,10,0.23637,0.37235,0.23706,0.42536
"9946",6.26666666666667,-0.555555555555555,5,10,0.21922,0.34561,0.22152,0.42392
"9947",7.2,-0.555555555555555,5,10,0.20485,0.32401,0.20594,0.42202
"9948",8.13333333333333,-0.555555555555555,5,10,0.19285,0.30606,0.19704,0.42095
"9949",9.06666666666667,-0.555555555555555,5,10,0.18294,0.2898,0.18588,0.42154
"9950",10,-0.555555555555555,5,10,0.17463,0.2764,0.17477,0.42065
"9951",1.6,0.555555555555555,5,10,0.40817,0.62815,0.37946,0.44638
"9952",2.53333333333333,0.555555555555555,5,10,0.33466,0.52348,0.3308,0.43419
"9953",3.46666666666667,0.555555555555555,5,10,0.29112,0.45581,0.29082,0.42954
"9954",4.4,0.555555555555555,5,10,0.26039,0.40888,0.26054,0.4266
"9955",5.33333333333333,0.555555555555555,5,10,0.2378,0.37417,0.23859,0.42414
"9956",6.26666666666667,0.555555555555555,5,10,0.2194,0.34674,0.22181,0.42328
"9957",7.2,0.555555555555555,5,10,0.2056,0.32447,0.20718,0.4229
"9958",8.13333333333333,0.555555555555555,5,10,0.19392,0.3057,0.19242,0.42211
"9959",9.06666666666667,0.555555555555555,5,10,0.18383,0.29078,0.18413,0.4212
"9960",10,0.555555555555555,5,10,0.17542,0.27731,0.17868,0.42101
"9961",1.6,1.66666666666667,5,10,0.37316,0.50227,0.22287,0.12786
"9962",2.53333333333333,1.66666666666667,5,10,0.32117,0.47768,0.27419,0.10255
"9963",3.46666666666667,1.66666666666667,5,10,0.2834,0.43305,0.26479,0.09197
"9964",4.4,1.66666666666667,5,10,0.25687,0.39596,0.24706,0.08694
"9965",5.33333333333333,1.66666666666667,5,10,0.23567,0.36542,0.22791,0.08461
"9966",6.26666666666667,1.66666666666667,5,10,0.21912,0.34127,0.21709,0.08281
"9967",7.2,1.66666666666667,5,10,0.20455,0.32125,0.20354,0.08141
"9968",8.13333333333333,1.66666666666667,5,10,0.19292,0.30345,0.19076,0.08001
"9969",9.06666666666667,1.66666666666667,5,10,0.18267,0.28895,0.1834,0.07932
"9970",10,1.66666666666667,5,10,0.17455,0.27563,0.17406,0.07923
"9971",1.6,2.77777777777778,5,10,0.32369,0.35838,0.11665,0.05232
"9972",2.53333333333333,2.77777777777778,5,10,0.30008,0.40694,0.20165,0.03061
"9973",3.46666666666667,2.77777777777778,5,10,0.27306,0.39667,0.22455,0.02406
"9974",4.4,2.77777777777778,5,10,0.24959,0.37457,0.22159,0.02065
"9975",5.33333333333333,2.77777777777778,5,10,0.23075,0.35204,0.21361,0.01899
"9976",6.26666666666667,2.77777777777778,5,10,0.21491,0.33101,0.205,0.0181
"9977",7.2,2.77777777777778,5,10,0.20216,0.31319,0.19638,0.01735
"9978",8.13333333333333,2.77777777777778,5,10,0.19129,0.29819,0.18519,0.01707
"9979",9.06666666666667,2.77777777777778,5,10,0.18173,0.28467,0.17885,0.01621
"9980",10,2.77777777777778,5,10,0.17337,0.27205,0.16981,0.01534
"9981",1.6,3.88888888888889,5,10,0.27834,0.25007,0.06265,0.02795
"9982",2.53333333333333,3.88888888888889,5,10,0.27288,0.33097,0.14082,0.01154
"9983",3.46666666666667,3.88888888888889,5,10,0.25696,0.34994,0.1785,0.0074
"9984",4.4,3.88888888888889,5,10,0.2396,0.34463,0.19158,0.00555
"9985",5.33333333333333,3.88888888888889,5,10,0.22456,0.33114,0.19273,0.00474
"9986",6.26666666666667,3.88888888888889,5,10,0.21044,0.3172,0.18957,0.00429
"9987",7.2,3.88888888888889,5,10,0.19875,0.30286,0.18461,0.0041
"9988",8.13333333333333,3.88888888888889,5,10,0.18852,0.28894,0.17844,0.00371
"9989",9.06666666666667,3.88888888888889,5,10,0.17959,0.27787,0.1725,0.00371
"9990",10,3.88888888888889,5,10,0.1719,0.26768,0.16685,0.00358
"9991",1.6,5,5,10,0.23845,0.17943,0.03558,0.01584
"9992",2.53333333333333,5,5,10,0.24747,0.2656,0.09723,0.00488
"9993",3.46666666666667,5,5,10,0.24081,0.30175,0.13982,0.00255
"9994",4.4,5,5,10,0.22897,0.31176,0.1629,0.00176
"9995",5.33333333333333,5,5,10,0.21672,0.30843,0.17068,0.00131
"9996",6.26666666666667,5,5,10,0.20545,0.30044,0.17577,0.00129
"9997",7.2,5,5,10,0.19523,0.29045,0.17142,0.00119
"9998",8.13333333333333,5,5,10,0.18648,0.27957,0.16737,0.00088
"9999",9.06666666666667,5,5,10,0.17797,0.26901,0.16471,0.00093
"10000",10,5,5,10,0.17018,0.25985,0.15989,0.00082
